0.0,1.8487479860602498,-2.1842642865,1.0887730668959998,-0.45868395360325004,-0.24515081689274992,0.2477501081327499,-0.3135892192387499,0.04241225191999998,0.0
0.0,-0.031183856204781667,-0.03875498252298808,-0.09485927743590593,0.03535610913698086,-0.15982918054799264,-0.028921507201300545,-0.0813167464673798,-0.04876908363943848,0.0
0.0,-1.5351003191328088,1.9032694800449577,-1.4365261072052609,0.2762088981475956,0.10564724112832813,-0.39757210701210627,0.18531507995351332,-0.13532747942527174,0.0
0.0,-0.5358939606937734,0.20256802770477145,0.2625477354785851,-0.39073245118008204,0.15193451967234603,-0.19710921336709097,0.010940928564412564,0.0026115406498376376,0.0
0.0,1.46953169447188,-1.883828857833914,1.2326320427383703,-0.47331200588083117,-0.25814569634849566,0.2930365397397854,-0.28133571533863877,0.1401138169264601,0.0
0.0,0.5272889163488614,-0.4885222152131549,-0.0749585650032335,0.5383581088482202,-0.47430397603403096,0.18251979251693254,-0.05814087877199746,-0.004239427419211053,0.0
0.0,-0.9770281700401512,1.6915455952377996,-1.489510373883785,0.5125478419007289,0.2414519618055568,-0.3945561098306546,0.3167716274714953,-0.18264972771912727,0.0
0.0,-0.7454631601857583,0.677697246202956,0.02203531853663117,-0.5019642747642405,0.6772284669275401,-0.24363629457805752,0.04482793192808573,0.012926874200113299,0.0
0.0,0.6801333593933648,-1.135997197150256,1.3817846677284558,-0.7878614415763191,0.013123044855986959,0.5926905864809291,-0.40758498443466035,0.2118423052498383,0.0
0.0,0.8304369832225373,-1.023691273186524,0.42508259133490334,0.6970774136261368,-0.7743209878578057,0.47399961838576127,0.07983158451669825,-0.047134820536624406,0.0
0.0,-0.3700514890715883,0.8710554089043921,-1.007270421797566,0.9836846751118122,-0.04293194361202848,-0.4786862553726231,0.6677257249634057,-0.2029875538066827,0.0
0.0,-0.7055476076379904,1.1398639191489126,-0.7042936660859128,-0.08819406278672928,1.0169673835406454,-0.6085909825255158,0.10307437179175129,0.2774255521391995,0.0
0.0,0.04996886966227023,-0.283592498750258,1.0641017390662932,-1.027479605519922,0.45066547082421116,0.7188413018270534,-0.7640057193898506,0.4206162200896773,0.0
0.0,0.7828474150894266,-0.9929365976046239,0.8697867938539704,-0.016615220061176682,-0.6042723190750321,0.8587962552818383,-0.03156483023756142,-0.3387901780229602,0.0
0.0,0.1723979667187783,0.09603902907731664,-0.4977571159837969,1.1525421890113754,-0.7044807983533111,-0.2038151545966134,0.9908518499684986,-0.6978418852398273,0.0
0.0,-0.5162474698645022,1.0198637822712149,-0.9459237545198553,0.3794709854253996,0.7038263189883655,-0.9513934260081495,0.27083144614720045,0.3931323633334251,0.0
0.0,-0.26760943045587027,0.11555002980635211,0.47407215453072576,-0.8181555040219642,0.7970952029869253,-0.015292353856503117,-0.851183981210898,0.9901316278443346,0.0
0.0,0.4296842747608553,-0.8070130942836954,0.9633807589431349,-0.5988400847540193,-0.2765787044864324,0.8787599588458437,-0.6787553291627283,0.11185797224161097,0.0
0.0,0.2235922984974159,-0.21853786639520964,-0.27214799098691156,0.7910984750318721,-0.9827047591681851,0.23826692765205953,0.9582730004635978,-1.254237581818443,0.0
0.0,-0.3630884852743313,0.7223751162629624,-1.0022615238969999,0.5071691164991717,-0.023634462268636143,-0.5594191879385167,0.7599268512880144,-0.6657261151416634,0.0
0.0,-0.1785112027200954,0.040730839889595534,0.08188070818155883,-0.715965468450749,0.9069754189580581,-0.5238029521635053,-0.6157873608893873,0.8613277378047605,0.0
0.0,0.28788763588168914,-0.7362346277986727,0.7317765376250925,-0.8004535417625233,0.20474214607515404,0.378535282446257,-1.1666310935096333,1.1066939667742781,0.0
0.0,-0.023063378139323274,-0.13066781825574378,-0.2737559112006907,0.6218746315292889,-0.9453222836186471,0.24157968489673096,-0.07466584939131796,-0.052467105751690814,0.0
0.0,-0.369160005743659,0.5191016897993384,-0.750208886678027,0.6281515102891922,-0.642258286908465,-0.43876181045057033,1.4098849508964453,-1.4305516682947987,0.0
0.0,0.0029931036538162273,-0.0838427332966428,0.27771540349282997,-0.7874589873877222,0.4885931895324577,-0.5220610886332924,0.40653752743153676,-0.5243076456821382,0.0
0.0,0.3405379453156477,-0.4444392331679527,0.5027458734900025,-0.9165801610624221,0.41186759016839825,0.524249412108613,-1.3423984415815982,0.8413266935508887,0.0
0.0,0.013639930982082833,0.17271559200882508,-0.580263773449475,0.43170279107258297,-0.2958978131031327,0.45444889804113753,-1.1402155941954901,0.9352142256130735,0.0
0.0,-0.23824243448732071,0.2689312298766851,-0.6317780204060178,0.8846912744642732,-0.32754703074276237,-0.7528731080066875,0.7456170304179895,-0.41804037876244704,0.0
0.0,-0.07907907698769359,-0.35575025411460787,0.5350410746389118,-0.18691747245221893,0.1514350813965706,-0.8898154900004054,1.533130468242267,-1.2347307477514002,0.0
0.0,-0.0023662034267773395,-0.3476729640048319,0.8925511718239137,-0.7429263596683744,-0.09801619077665512,0.5889850614528478,-0.4938776441215754,0.26337870760348814,0.0
0.0,-0.0795249014002347,0.45083979896039905,-0.37262907156474384,0.019648964417411378,-0.2658885642385424,1.3474615308581308,-1.5808588378228627,1.097255439130352,0.0
0.0,0.13670643702148397,0.5678828687029518,-0.9173588552047585,0.37471195448045175,0.4595461150131821,-0.5443008825127591,0.3965607755505591,0.025313481516447155,0.0
0.0,0.4721716869610072,-0.3859184638246481,-0.009006126854784934,0.18880592524346396,0.6435548807384619,-1.1793376277540577,1.701436493656805,-1.1182605212397074,0.0
0.0,0.11028126051381731,-0.548674136591266,0.7656864976844743,0.03734646545724621,-0.4508780809111289,0.5546307267213116,-0.177317358035097,0.21435571287411004,0.0
0.0,-0.591418437746128,0.11426448908618013,0.5842292868437544,0.009328015305096022,-0.6220146383545633,1.5224895193251666,-1.5060341066701366,1.04020671116405,0.0
0.0,-0.5850976062259906,0.7097836829213264,-0.23914228748836397,-0.01004061813942353,0.6024593985249159,-0.5299570509956264,0.38421260444392,-0.07647133580633901,0.0
0.0,0.2583609672361663,0.2779224664385645,-0.44327969883063206,0.16512567176797327,0.9718960535261522,-1.3278872325675481,1.459082286001933,-1.0223527095254905,0.0
0.0,1.053873671743359,-0.6840015598763697,0.05489730252908064,0.43337068239267046,-0.4763073461748479,0.619286297488145,-0.39938337449144945,0.17255636876711344,0.0
0.0,0.38800883399099817,-0.24033957501432132,0.41440806940338026,-0.01606473722343322,-0.6924396426201537,1.4434786703595612,-1.3842839614585742,0.8122387296952613,0.0
0.0,-0.7543561375677437,0.7531799041203779,0.17616123344942058,-0.5721499914834648,0.4348569049515095,-0.4815882050982115,0.4324845380200997,-0.08877449977936394,0.0
0.0,-0.8128367917115108,0.728772616745146,-0.20423175920405578,-0.1371076973775062,0.6836710215856573,-1.2823332568079415,1.3261731387319293,-0.7644323966434245,0.0
0.0,0.4543875371659539,-0.632738635664002,-0.015813403625577642,0.685872769070064,-0.6815182005710297,0.121480361880658,-0.08450753370663164,0.19936913531756564,0.0
0.0,0.9657905112929805,-1.1518220366695784,0.17109462092268163,0.34028835497665744,-0.7090827773875739,1.1750714268345686,-1.3283579090770703,0.7240391074013384,0.0
0.0,-0.4239846844278966,0.3872088278548125,-0.21578075914895573,-0.6039444955751975,0.6139377057671268,-0.16057861246551203,-0.20535171064406058,0.006359742100499416,0.0
0.0,-1.015273394514379,1.0542993765555277,-0.5288422327788008,-0.6962650972746115,0.9730221164163864,-1.0240601105166058,1.0364075097712486,-0.9261562280924467,0.0
0.0,0.1462080602411705,-0.358469219398896,0.04176598721362371,0.13714711132057752,-0.5741100246433442,0.09091395550321486,0.26991676320011315,-0.32447131946138574,0.0
0.0,1.0247330123643454,-1.2957331996123118,0.35451587015395486,0.6679739179855366,-1.3902290723140576,0.9134613612190071,-0.8687114772409368,0.6454230773758531,0.0
0.0,-0.1980066799872154,0.15527622572325267,-0.025370191367167307,-0.25717162693732726,0.04427588092401627,-0.1657424822298267,-0.3959396889194335,0.6217840401676228,0.0
0.0,-0.94081670029206,1.2093194953124375,-0.5226608801359677,-0.734032052237275,1.2839438942817516,-1.3745159614641524,0.5621322868387308,-0.23486088521610834,0.0
0.0,-0.03994617983797252,0.0874389825722483,-0.04532816928641851,-0.1284297710040743,-0.04733486711988914,-0.12928785392089398,0.40312251091300066,-0.6402456622148405,0.0
0.0,1.054006856476567,-1.2168685581483318,0.3553116007647634,0.7040054837986817,-1.346970292657963,1.3333493377636751,-0.7859182284466159,-0.17977506494388296,0.0
0.0,0.15571402254817207,-0.2916846407153435,0.15258668660621805,0.09519313038271814,-0.25942032107242446,0.3998765435527256,-0.4030508694449029,0.12193791953301522,0.0
0.0,-0.9053487593941308,0.9793588967502125,-0.3761645966294154,-0.5238250413741883,1.5010842444518608,-1.4787399799541638,0.5555591334586902,0.11352955689663556,0.0
0.0,-0.5519339552292404,0.5909075649663105,-0.19565492047676716,-0.1362585137046086,0.4406815436060664,-0.5071914518585731,0.3581652307209326,0.23673666668018606,0.0
0.0,0.70156879196311,-0.7921936346644558,0.37459509013131764,0.6519225434557697,-1.2737658342799982,1.2558944132076517,-0.46879310780632155,0.24006326862425584,0.0
0.0,0.7990746427989216,-0.8036436562651206,0.47775620192797247,0.16542887697561126,-0.7266304966010957,0.9210132762421074,0.07705778668959999,-0.2808196939886182,0.0
0.0,-0.30820219590346226,0.6645109590856747,-0.22287469485144096,-0.506663677809963,1.1486593386127721,-0.8342436423805885,0.825251490246193,-0.3855676933407524,0.0
0.0,-0.7056205865750712,1.1124140210683013,-0.6385622506027313,-0.24793974372142405,1.2076119657320483,-0.6945829528080447,-0.03106638264895359,0.46054273025644077,0.0
0.0,-0.0068057399666180945,-0.14703767677105137,0.13773288117550486,0.5927198234454103,-0.64720231387423,1.0174322962324347,-0.9602044762853077,0.638041539945552,0.0
0.0,0.7842120737200533,-1.1608717202319083,0.7981870449421425,0.6087149755847908,-0.980274972583223,0.5676513761949112,0.17915197907149868,-0.4110962382376014,0.0
0.0,0.10107544254974177,-0.3260041185774562,0.6130627805792781,-0.25495256725373483,0.5291685167507783,-0.8251198737018934,1.1182444850131388,-0.8839847952593439,0.0
0.0,-0.70632291031679,1.239604399759414,-0.7051417241979285,-0.19362098487984736,0.8487382787888513,-0.5416459001792588,-0.14186442419305936,0.343115175433708,0.0
0.0,-0.3176783339786851,0.8959277817250122,-0.6590432251591494,0.13093321705830652,-0.17732331508025206,0.8791359968784763,-1.2538495276398332,0.9320477693503976,0.0
0.0,0.9794097501512696,-1.061538185640723,0.6278909324630019,-0.04946836848604395,-0.518843943292459,0.4016171425584012,-0.08455748027706586,-0.021376494329478274,0.0
0.0,0.6283422385649557,-0.951073135861419,0.6474183890358527,-0.14523340642244978,-0.10599165485333283,-0.604106788514405,1.3667452111429044,-1.1110968661357081,0.0
0.0,-0.988700845225577,0.8549391257774833,-0.6107223153582414,0.1694934576719525,0.10337200203827837,-0.5334511644213662,0.41002642813279233,-0.12964378343503602,0.0
0.0,-1.0049562801389333,0.9049320622600225,-0.6959475954716499,0.03778904453403361,0.0007112431929620485,0.45913651191624166,-1.1041494940403895,0.9499637273661412,0.0
0.0,0.7279895838939199,-1.0540215750766941,0.5042427238731109,-0.4593535241049089,0.09965032843385473,0.39453357145346357,-0.9395378304828341,0.6350564020940052,0.0
0.0,0.9951969531420843,-1.1566765886753103,0.3350507078246935,-0.15601559143051422,0.05924233989263271,-0.4920948021734596,0.7014906681736462,-0.7421649530703012,0.0
0.0,-0.6400732045334786,0.9337487514118468,-0.9090959856691125,0.48516776124947936,-0.37577847402558207,-0.46583745583358366,1.084299350949613,-1.1151959370052067,0.0
0.0,-0.932103006944685,0.9518178779242082,-0.3560972794005623,-0.08411127514029919,-0.3508672414952906,0.2941295914366552,-0.47968008022408115,0.22499653015393817,0.0
0.0,0.34375279618641474,-0.7024525671750352,1.0900674209113432,-0.9581587089708712,0.10811637287729606,0.4435463428047065,-1.168561117256639,0.9696091254954409,0.0
0.0,0.8985441884380992,-0.9232941440146842,0.29111918410746906,0.0003452455520074969,0.22119126162086933,-0.5302922537203322,-0.18653232494388683,0.40668812862876513,0.0
0.0,-0.13724306744122422,0.6888034260321984,-1.1513143688931953,1.0516077235213797,-0.2523911877461851,-0.7817367138740543,1.0567533725682414,-0.881321055052841,0.0
0.0,-0.6148088133767358,0.7005106175222144,-0.5241297830596319,0.30061908234661067,-0.23603490169917027,0.11223190336192553,0.3938225563156775,-0.6695674865705324,0.0
0.0,-0.08083757030647952,-0.48687088175583065,1.2654399152600395,-1.226036416410075,0.18664764709136217,1.106951262046796,-1.165059253473526,0.47378013906329475,0.0
0.0,0.3503035519817308,-0.668254112154029,0.664375395715436,-0.548656491681832,0.3920007142381005,0.1931222984735207,-0.43178887583580255,0.5786303993355788,0.0
0.0,0.04268698923888927,0.40701777637910586,-1.0118342508547438,1.054360274292539,-0.006458855590405505,-0.8397384117407645,1.1089861988388054,-0.3081743912264154,0.0
0.0,-0.10848781805392882,0.5692752150708237,-1.022186222992922,1.1350316309463169,-0.33204129452416487,-0.4200960046709218,0.8741725167731874,-0.2063519768305866,0.0
0.0,0.10327929656162069,-0.3950235333418796,0.7843403445136038,-0.6122678351426414,0.13288996192778021,0.8417286154755436,-0.7906254977518303,0.6221831879988102,0.0
0.0,0.03799359310800258,-0.47231711758385836,1.4359207684034823,-1.3603591460272197,0.4789577979136608,0.8067418600174368,-0.7426547871781912,0.26053808553171875,0.0
0.0,-0.25233823195620797,0.4932576498776977,-0.43501046648633507,0.42504393715393274,0.18398670743475154,-0.38455607079247084,0.8823584397465477,-0.8239120972330225,0.0
0.0,-0.06723002007030368,0.7838598651327673,-1.2292608002300918,1.5152802732292048,-0.4590264921591613,-0.5308806900541746,0.6781125632783586,-0.37969412994349877,0.0
0.0,0.5501558216715012,-0.4923530359022225,0.16369517894215363,0.2878659749275925,0.08002904318036005,0.08127554832696313,-0.6982199186370003,0.807773241226298,0.0
0.0,0.36359258290805124,-0.7434440080233927,1.5211787862884778,-1.3480569613467837,0.5684887026556054,0.31252653611522635,-0.8578827366473695,0.6721237469634999,0.0
0.0,-0.5691770545945255,0.5278269852825188,0.0830802311965302,-0.26395784418889784,0.005983856130383174,-0.016374436204768885,0.5021454676974836,-0.6360039313725548,0.0
0.0,-0.6171084281231027,1.1975691751091961,-1.3199450612399128,1.064965613893112,-0.7725947353397271,-0.05653176855650401,0.9594808393593754,-0.9902977934616511,0.0
0.0,0.6270225253511598,-0.6276225089179037,-0.1016790619522216,0.22698911091754218,-0.11333841605390084,0.050880951591662484,-0.25461498858986903,0.31775922628173486,0.0
0.0,0.8915921453902166,-1.380645970581431,0.9966693199758164,-0.9999705934159235,0.7138181391955715,-0.0643283537501128,-0.842350033196168,0.9979656236635074,0.0
0.0,-0.7913407471786285,0.3971593921868737,-0.1600043403792179,-0.30371957726061277,0.3037607290230415,-0.1739160732445036,-0.2404222981501532,0.32299617623058796,0.0
0.0,-1.1817016669076013,1.2267392287162322,-1.1715576885780443,0.7911170929667729,-0.7370241399596416,-0.053327886443520475,0.796668006758504,-0.8852026292195989,0.0
0.0,0.4446908440693775,-0.6403723129778343,0.2186387740570486,0.09147372217506267,-0.5732740728019841,0.11923322802344638,0.4835803885831227,-0.7198852801965265,0.0
0.0,1.2486477856421239,-1.4267147317820326,1.046675854979163,-0.9850324763238161,0.27751041788888553,0.14454059212691214,-0.626284818007019,0.37292076249574646,0.0
0.0,-0.3172948642963721,0.7732090953260972,-0.6167295095147345,-0.2055228488716797,0.47633688442283667,-0.21805395828333654,-0.7537382075504128,0.7545293854236673,0.0
0.0,-0.9488620027652163,1.4374940523130544,-1.2422491441666665,0.6699550262456735,-0.16600733028928466,-0.4469148140307728,0.0027087912092730454,0.11449066633418693,0.0
0.0,0.11944985332183414,-0.6018088481879047,0.6782817635255562,0.14277858602943044,-0.531990285935238,-0.2436230107558274,0.7275756203485458,-0.7766169809666279,0.0
0.0,0.8779525790356587,-1.4688254663669762,1.430236055020962,-0.6139190280855352,-0.28438689110413246,0.26003899878308334,0.11788474310956054,-0.45427344836812583,0.0
0.0,-0.24000007761168737,0.27375545578513766,-0.24661754087184076,0.0474650724785363,0.10887468994193758,0.43610011037217244,-0.7556150273830318,0.4186834796916976,0.0
0.0,-0.7671934751244849,1.625511616895337,-1.643942719769125,0.413907269606404,0.6140094535751736,-0.2938402014473601,-0.3175505761252008,0.5049068459901623,0.0
0.0,0.15653830907921573,-0.14485852607217575,-0.09530359041082703,0.047180188646026064,0.4332175085967738,-0.43721112095623116,0.6034302763255897,-0.21814129860561612,0.0
0.0,0.9974831430429059,-1.488781215845333,1.2334497056566962,-0.3621612504335687,-0.38820474478663547,0.3946291766207521,0.5422716784094722,-0.3847364962575587,0.0
0.0,-0.12847993617816836,-0.3607562283535151,0.6697452915415717,0.12790287270564585,-0.7131112368196085,0.8672130053933832,-0.23328888649813534,0.28051791534908743,0.0
0.0,-1.007715983689548,1.2877024813111486,-0.8736467674604868,0.36883779408309103,0.22007619371417603,-0.07225671738528543,-0.07165074050144359,0.47396042220906526,0.0
0.0,-0.4684050379304825,0.9603457386864946,-0.6689099902546207,-0.006383517056148948,1.1484493743788229,-0.9464017911095619,0.36500954711217953,0.02527489553005779,0.0
0.0,1.0427809238828236,-1.010021400863468,0.6959760310477259,-0.18613680938285232,0.16189082156220863,0.2264865553530755,-0.062383715784357516,-0.26137898915775293,0.0
0.0,1.05333636863813,-1.080618032493181,0.7722156140747518,0.3186348570401974,-0.893759653290787,1.081007878821252,-0.48321275280388826,-0.25547594832167597,0.0
0.0,-0.5114935447517415,0.8199924837648036,-0.29338659967669123,0.3530070759547033,-0.24056348296208607,-0.015431197878499477,0.16647513774921735,-0.17900054578233995,0.0
0.0,-1.0917609452628065,1.4577236167893377,-0.5934064229488507,-0.2460858818885143,0.9587163350296195,-1.1435009132797556,0.4023694362666072,0.19193246219776502,0.0
0.0,-0.09840521674965971,-0.07215805619723667,0.5361464957512475,-0.39631862289295533,0.20567211656925066,-0.2128959725925629,-0.16887006402498952,0.5065980868238384,0.0
0.0,1.3482453010650597,-1.5802895538320387,0.6461263418999333,0.3415896568643438,-0.9628109483640692,0.8752799608658829,-0.48530014911330327,0.1512850531108928,0.0
0.0,0.2461995345571758,-0.1882946327542836,-0.3858779521725014,0.4347528357974365,-0.4995401408431168,0.3454058786262409,0.31313758536096375,-0.5888534866562742,0.0
0.0,-1.1672279846171254,1.362652000079739,-1.0879683759103242,-0.3036405724183739,0.8672969438873339,-0.671802921317146,0.5573807463302386,-0.4952269224783403,0.0
0.0,-0.5948885527725083,0.12177532739399356,0.18171327140316662,-0.8423013404938063,0.7942611234925162,-0.26727116404152534,-0.32008685955284427,0.39050889227986146,0.0
0.0,0.9688448023466726,-1.5360373610891842,0.6850792731851982,-0.06444609400905561,-0.5698143273482965,0.6557220873723935,-0.7642030491720869,0.6499573076798182,0.0
0.0,0.33170877372612956,-0.500416285533322,-0.23127575916237836,0.9859275563877941,-1.2020837654718581,0.19086746999632187,0.16624859462006764,-0.07195405171250285,0.0
0.0,-0.8618640994727523,1.2119130834349345,-0.8564893487855247,0.03462661291265994,0.21508139400500353,-0.8298602713680322,0.948113480223338,-0.6960536204685648,0.0
0.0,-0.44832825928441733,0.5597415102589661,0.3640140005747762,-1.2001918921182724,0.8790471687863737,-0.6352534499979774,0.07312057030622762,-0.07837778084682873,0.0
0.0,0.8243329014045648,-0.8128769625676098,0.670924147256446,-0.4915744393724782,-0.24223016805090442,0.9118637998283309,-1.2596377340708276,0.525867309938759,0.0
0.0,0.6961530142674092,-0.44849093143045715,-0.3836724891164492,1.1036621041584158,-1.0442128692849828,0.5401493521840361,-0.5663513248071146,0.13407445287225242,0.0
0.0,-0.46077663672365743,0.6344610966197289,-0.7146343192197493,0.5741345319782661,0.3276151877195913,-1.1075186264322876,1.0467189704312108,-0.7907410183314226,0.0
0.0,-0.7639213928242146,0.3349885758336395,0.3967974762665253,-0.6903178012229576,0.9377172074109824,-0.9448484672750591,0.6209119630798671,-0.30079509362343504,0.0
0.0,-0.04137185169687993,-0.411074558511868,0.857800360686307,-0.5991009788379262,-0.2611549137154987,1.1626391694667617,-1.1522819747195934,0.8170583232591763,0.0
0.0,0.549849191209398,-0.43771159911411095,-0.112886983487261,0.5617750078338871,-0.87235643962165,1.1125321641333341,-0.6236165939743816,0.4837525362761381,0.0
0.0,0.2801478072280651,0.3500093192929432,-0.8815608535003777,0.4957630955466628,0.21442978971832655,-0.700274261637605,1.5245458668997733,-0.8937449318603062,0.0
0.0,-0.10966033605287343,0.3848652306950659,-0.3178184375340286,-0.2657220022510558,1.0556878609002833,-1.0542711723427014,0.9782633022899465,-0.20987152996131658,0.0
0.0,-0.20449295459323216,-0.16286816938496057,0.7047286218277428,-0.5460884661783046,0.05064380186777787,0.9838140866438929,-1.2425526339474942,1.1392390793386393,0.0
0.0,-0.14178212485238817,-0.2970010440987054,0.5714186602291229,0.268947463479856,-0.7633223202208365,1.1959223665879526,-0.9915255904670979,0.497791730043887,0.0
0.0,-0.05975381817524085,0.04223882815057943,-0.12128693315595097,0.6773060571842106,-0.029949886755831663,-0.7881428015297317,1.4396209905273645,-1.2902649459865478,0.0
0.0,0.09876753093944485,0.31726958952605194,-0.3860596761946123,0.23503213494186853,0.8411444915325662,-1.2481426406774663,0.9184375725973016,-0.6822545451127046,0.0
0.0,0.2985742745445084,0.10397434550841582,0.08745211415925871,-0.2388019773106566,0.07446070259272677,0.8175432476222521,-1.4552723115090087,0.9810088004388563,0.0
0.0,0.24898615726890683,-0.03019016315805572,0.4352582368190075,-0.3610487366682827,-0.39273227756887885,1.0808140610344146,-1.3368872140067507,0.8934346969090619,0.0
0.0,-0.08220362700299898,0.21251786461413424,0.045917663761434906,0.013531641725490292,-0.13214676800914296,-0.6380311677358869,1.2047720804772093,-0.840178733012163,0.0
0.0,-0.23482901905197193,0.2066131312342761,-0.26336555128874817,0.2974607873885576,0.03351266471329377,-1.039218033087792,1.6210541689156528,-1.1021642467275727,0.0
0.0,-0.006855156652286552,-0.3012769395486714,-0.017258592928143038,0.0964781470727158,-0.2175256309760572,0.16761839110398974,-0.5312163531462951,0.7577429845903406,0.0
0.0,0.07478270022576722,-0.4847534324428129,0.1316399603675756,-0.31551526885200804,-0.07777995038294837,1.1628988320393492,-1.7109151966713587,1.2349910187350255,0.0
0.0,-0.2205865447615531,0.012772870561189469,-0.28974062601566986,-0.32951477999911954,0.47604094369965944,-0.21906458402594323,-0.11390869788385341,-0.004926110355743732,0.0
0.0,-0.23034965134649696,0.20938277395265154,-0.5524360618327399,0.05552441593336188,0.3106022962374342,-0.9138498209534203,1.6703581201179334,-1.6023317131439152,0.0
0.0,0.14751951586551085,-0.29280651305324423,-0.03380224834886722,0.2936176000232633,-0.6711422358814424,0.03520981462109356,0.37995394551257106,-0.5090281790109275,0.0
0.0,0.16612885574814495,-0.3528319636432986,0.5240202763742453,-0.2334261778344512,-0.6862107473751954,0.97828760863197,-1.359680194737674,0.9897607053282402,0.0
0.0,-0.18485390481568215,0.34979646420229815,0.12381142865171693,-0.5330286529528241,0.34369074719669745,-0.2116157452270062,-0.828256302307927,1.0477988031714873,0.0
0.0,-0.12016251563632499,0.6136265261108592,-0.5392038382320307,0.04081792952265957,0.7031460219106432,-1.3631081739455746,0.6438979487315742,-0.2860158410084176,0.0
0.0,0.38210138161486984,-0.21887587914290094,-0.14581840360904078,0.6419906071732073,-0.6038599002360162,-0.3615602029390498,1.1172866099423358,-1.2448294586910993,0.0
0.0,0.33580327823006284,-0.5941223499960341,0.5600742129841463,0.05330380886486794,-0.8354111071611028,1.2318133828633842,-0.7547460379656431,-0.24809300037071805,0.0
0.0,-0.40042061391342987,0.11373965407522973,0.3953412791568488,-0.6746583107707376,0.3112525681040038,0.7734798792911162,-1.1515960918006793,0.6110738160939253,0.0
0.0,-0.5783624499119203,0.6812040153388464,-0.5411701201743387,-0.2426204345309171,1.310204910411116,-1.2049940918825266,0.3861428048616726,0.3384323180188099,0.0
0.0,0.1855825932348587,-0.058792033962253215,-0.5415555573658357,0.6851411499451195,0.0009226271369236231,-0.6849829047509778,1.123022832371097,-0.28188808599440646,0.0
0.0,0.7385434410986031,-0.9056760054064379,0.19821581195248988,0.782511008764805,-1.1736218498350466,0.8569152463551448,0.11243301095924305,0.09973425184094353,0.0
0.0,-0.0373787773874132,-0.24664883468454066,0.782004532138279,-0.6373795087496008,-0.28920205584897213,1.2345580593100904,-0.6552120040964478,0.41577907888691035,0.0
0.0,-0.7381085765171821,0.8823744557349392,0.01965099220026125,-0.8984221914921401,1.0765662165857963,-0.39743030749525254,0.32897268612957814,-0.1083833954672449,0.0
0.0,-0.3441362534956815,0.8835571890733753,-0.7714749574480799,0.14832446066710553,0.9167705055536138,-0.8785815456213513,0.6193366879775676,-0.3260072842096853,0.0
0.0,0.8430114865068892,-0.7062811350401266,-0.13246768607014933,1.3038586804697974,-0.9537431823233775,0.5099684641458343,-0.4206010450319943,0.17551647238011706,0.0
0.0,0.8398801635823362,-1.063557848388368,0.7692701803328432,0.3839116649243873,-0.6246200134708105,0.6001569499660945,-0.6282213976654235,0.23401840677474162,0.0
0.0,-0.5781579697065291,0.33981251383236905,0.8131251078257794,-0.9508707575945247,0.9141659964853877,-0.7114992764772994,0.315620463689719,-0.2754606818377302,0.0
0.0,-1.0813385326531073,1.5301361325524727,-0.6645912323950898,-0.2529414394753668,0.5343659947197987,-0.5085650173240158,0.392552591250498,-0.3305929139233361,0.0
0.0,0.027695105059802938,0.3986042585954152,-0.5270906794850222,0.6744897601974896,-0.8331563593422041,0.6713376324321392,-0.4040901024493573,0.18377318587259275,0.0
0.0,1.682073879954788,-1.7451173845251604,0.5611969637043003,0.1408852315260646,-0.5848971978673931,0.5017528576996242,-0.30487152488507663,0.2960491925239382,0.0
0.0,0.2560162288450498,-0.5131676303649715,0.37773880350491473,-0.5567813908142885,0.5884338991937133,-0.6139897639056203,0.47919649646537243,-0.07271540585636295,0.0
0.0,-1.5994279019214603,1.429655166218313,-0.9227520487740081,-0.19746414484518854,0.5714720059255047,-0.5749400603332013,0.43595721633106244,-0.12520747350779535,0.0
0.0,-0.9729902989586348,0.5656105026981854,-0.4249016530254047,0.20581247845743494,-0.43340876841265247,0.5670325763329176,-0.40804236208075406,0.16537506751960762,0.0
0.0,1.3575480188071374,-1.7950824824465637,0.7442476829064592,-0.014299135974226988,-0.627351995014429,0.6929949872330963,-0.47046563568115224,0.08358749599654862,0.0
0.0,0.860786851708436,-0.9395347544146242,0.32984473065610986,-0.1841378833661629,0.1766237078242336,-0.4379330526720403,0.35495453976034447,-0.2976061046201392,0.0
0.0,-0.9710089098102137,1.6563490560358824,-1.2262442182503772,0.06146900177597872,0.5538696700454313,-0.8923596464436251,0.4050446698762698,-0.19955791104935486,0.0
0.0,-0.8927561135481856,1.0580428489684517,-0.28838474522610025,-0.07695823845092555,-0.2025334949126421,0.12500341047557875,-0.43171646618649523,0.273681629043656,0.0
0.0,0.7266474892184331,-1.1171369887581812,1.3533866882462773,-0.4170766089171468,-0.6897182550742168,0.6811428999436865,-0.6975124116444767,0.2584199236717046,0.0
0.0,1.0154210946448037,-1.1755664126439396,0.6422475833990402,0.17595927934109157,-0.2854581829771964,-0.21616335312448184,0.2810595932429245,-0.350561819744816,0.0
0.0,-0.45273527027307797,1.052539563906068,-1.174307008190299,0.5629285077924783,0.5267992399967489,-0.9236997923659018,0.6488326513744588,-0.48660494009913147,0.0
0.0,-0.8448078017132994,1.1708341338285448,-0.9468638099624157,0.1229200690038506,0.4340412385602166,0.06004933162692036,-0.40188904881799176,0.27069636323133506,0.0
0.0,0.18619502590153478,-0.7299613124279681,0.9868808486330681,-0.7201462787178181,-0.017336952040987307,1.0203631333893088,-0.8856816389423219,0.512588254078105,0.0
0.0,0.7714863766923381,-1.3178455015162076,0.9984814833317728,-0.2807065652999359,-0.285497407538232,0.26709210294469793,0.5781589341545169,-0.31364500877349966,0.0
0.0,-0.2589675369476279,0.267876399356304,-0.5398941510132272,0.7876628972254831,-0.24767370180140422,-0.4986201472725918,1.2439956806640993,-0.4654469261097871,0.0
0.0,-0.7283710408230899,1.2753762010195542,-1.2443816368236782,0.5605333394719098,0.2831433884030264,-0.33668117470319,0.010977862448352022,0.7284365514286972,0.0
0.0,0.03388735326808369,-0.05178654148466484,0.38073746298626654,-0.5743748699864181,0.5314534521758032,0.5330173309457754,-1.0286956241687062,0.8851771932194954,0.0
0.0,0.8492526199072283,-1.0712247769408958,1.2271348455674183,-0.8084354461182196,0.20602628325830205,0.4591233575633155,-0.1197714359057804,-0.4509338583593334,0.0
0.0,0.18765941120684346,-0.05034953512656859,-0.061454566144098395,0.7485037418910021,-0.5458002260429904,-0.10621864383334859,1.04598406549933,-1.3511649671751043,0.0
0.0,-0.5821652283951264,1.1587975443261664,-1.0225936354385545,1.0305308961984443,-0.2957306841881175,-0.3142813364343406,0.026274085272105292,-0.05205092217297027,0.0
0.0,-0.323194129206038,0.360261966160802,0.27749062087217785,-0.44753467486044135,0.7064347910255306,-0.2634672727354851,-0.9621374718702114,1.1173384661158179,0.0
0.0,0.5538947203502553,-0.8144788619426605,1.2350111455099901,-0.9850982179745016,0.40049678204713923,-0.007995796579441857,-0.6449783140036582,0.7030102397637008,0.0
0.0,0.43537672141111194,-0.3273622553377014,-0.10888441430183385,0.5711438009405787,-0.7858856718078645,0.08356814247957566,0.8121872710440007,-0.8797671854289991,0.0
0.0,-0.3631895899997864,0.864923450873858,-1.216467905727008,0.8425912719713453,-0.7388312664796652,0.09900541047688616,0.9821787336189542,-1.0838904018220186,0.0
0.0,-0.34986005672260967,0.13338728796843086,-0.0906065568173391,-0.6145423128682062,0.5052731533869363,0.14188088679668473,-0.5060168671837679,0.4626860891454167,0.0
0.0,0.21647764054350502,-0.9451790773188607,0.8975360971557328,-1.24001126231136,0.9309226077374112,0.009322800445733538,-0.9534011115681458,1.1159195329678833,0.0
0.0,-0.028863946210106017,-0.4171067824224563,-0.2407616596993946,0.24576336169598856,-0.06935787008610442,-0.13948425782679844,-0.030744412049637515,0.2519141240889767,0.0
0.0,-0.45774676633690353,0.5273181090389674,-1.1404303877645798,1.4129707727444933,-1.1664844816054805,-0.15458761754244046,1.1207303951794754,-1.0385131674546908,0.0
0.0,-0.06566478258437017,-0.03916538668146733,0.06013744165773114,-0.1567788034891843,-0.1894119414553108,-0.07012318821277501,0.41573970909978597,-0.5444587656898596,0.0
0.0,0.37497406762286745,-0.5102675589963308,1.306659271282054,-1.6947170114757666,0.7110171098317558,0.22794952587719916,-0.980065219038661,0.5876757005662789,0.0
0.0,0.11946880837565879,0.4355065440395397,-0.3567719242253513,-0.19325460966130534,0.2901289198236493,0.09307180812635335,-0.9287914209856482,0.6872645174647254,0.0
0.0,-0.028333798835827553,0.7808100393536913,-1.234137132979261,1.452359062635811,-0.7652027119778068,-0.461685226065216,0.3836307657056794,-0.3022873993158659,0.0
0.0,0.21824720780730897,-0.4469059756855305,0.2792326883851118,0.46619868673287723,-0.2786445032997345,-0.6395056345207351,1.0267251263133657,-0.9439372990026851,0.0
0.0,0.001455033203160606,-0.7324976480037064,1.544399371739561,-1.217208680414278,0.3681242975204489,0.18547409246463814,-0.32211968689083564,0.03844999243273583,0.0
0.0,-0.5529469769566668,0.2757478694621649,0.11633116034357487,-0.3322416546671527,0.13904936834023893,0.9201158190536595,-1.2167438683333738,0.7739929682722816,0.0
0.0,-0.3296748435379972,0.9886606538784521,-1.3935180349054919,0.7799416208319453,-0.0019178394358035083,-0.07808522847322444,0.2007070196123951,0.09299987404840618,0.0
0.0,0.7041947105020687,-0.42404397384836384,-0.5624121009283017,0.6008781149229606,0.21865390919327368,-0.7133337962888868,1.40594188390346,-0.7543506098516362,0.0
0.0,0.755422672470656,-1.1046716170916575,0.7991132814317681,-0.425200119926725,0.12273627462729968,0.15936210277877633,0.2044603223013471,0.23911379689526424,0.0
0.0,-0.6058038884809068,0.04744585963717474,0.8186208018852491,-0.6476948348573952,-0.1592988049919876,1.1364918431011382,-1.0446122989421738,0.9451311274336514,0.0
0.0,-1.0849318868599855,1.1215348646865975,-0.5136000617692739,0.24714449450890105,-0.08509985270863248,0.14177035454438716,0.09067924727758803,-0.0024086956711285943,0.0
0.0,-0.1322291356224426,0.5286932412770478,-0.5335542134677043,0.5754062014088208,0.34725788472877667,-0.964125702395594,1.1632813881723272,-0.9276812843598891,0.0
0.0,1.3434018943987867,-1.1663076981972997,0.47906231864140597,0.19196530744362933,0.13688306768193786,-0.22780935992736148,-0.11150654604726723,-0.05969672268033533,0.0
0.0,0.7844991509423124,-0.5884087471376294,0.6379909503669867,-0.16315380463050935,-0.21328022800277613,0.9159371797628918,-1.384276227309385,0.6492772759978537,0.0
0.0,-0.7216563740837917,1.2252975735709015,-0.3787428959548681,-0.08339609255011694,0.05260221749439158,-0.005950431816082186,-0.26813280118012905,0.08540401594224974,0.0
0.0,-1.0097741480884126,1.2056922539465846,-0.35391113670957935,-0.04900822330692771,0.21635389587595805,-0.8551879555805223,1.1239865289089948,-0.8284274834136665,0.0
0.0,0.3269043693062364,-0.6776262231918413,0.659835347859447,-0.026322509527414654,-0.3552670029811558,-0.2097730393537338,0.45238194305734225,-0.1712183976855709,0.0
0.0,1.2274279220898283,-1.563696985115444,0.50391710816356,0.16611370083679097,-0.558300990466898,0.7299526125930302,-0.8656196332893756,0.8209026083064244,0.0
0.0,-0.3689746659820279,0.41139802141865883,-0.7883876106965748,0.09663298620543359,0.22053312024997623,0.20054190185367138,-0.5317098106028385,0.5329455302762188,0.0
0.0,-1.2102696454402648,1.2319840630262373,-1.1042234016547297,-0.26073731829694,0.8730213830109685,-0.7018078254043105,0.7548104709976675,-0.6350783254630693,0.0
0.0,0.016235358272907004,-0.6086881125719995,0.4422142798686519,-0.5560634436181525,0.15160225384875964,-0.02875722748721507,0.6092967125978652,-0.7210377336193566,0.0
0.0,1.005824599171532,-1.535320940575548,0.7569526289896674,0.08575534961260373,-0.9415276259604093,0.9441976525329887,-0.6411917444142817,0.2880941772286871,0.0
0.0,-0.2146114546434154,0.2775255787150475,-0.3826356879500543,0.5455551454789238,-0.6880728762854675,0.25163469958468493,-0.4837109989788172,0.6531449670473681,0.0
0.0,-0.8289682562006887,1.4264457164964872,-0.867975427898299,-0.1802199636708958,0.9220303145472716,-1.3451855171003502,0.4181206784275706,0.12308310182682992,0.0
0.0,0.05742488020626053,0.07500209004151506,0.5262448369299416,-0.6995355042108871,0.5514510273700632,-0.8055718445628679,0.48238221664826497,-0.3836584832188127,0.0
0.0,1.0365673411384588,-1.0754888741845814,0.7993583083446456,0.21645140078348304,-1.1236821774714942,1.0956668167511774,-0.6630328154199576,-0.2550699593975232,0.0
0.0,0.245346347039105,-0.03486484137122783,-0.1642771676232661,0.6602576155011202,-0.9001454158819605,0.9409742824678763,-0.6566845022672863,-0.17477592164738343,0.0
0.0,-0.7339023204436493,1.0520050347929273,-0.709958787156635,-0.1772970393086827,1.2384216324208739,-1.1915040945494155,0.4676165215185968,-0.21478234034506022,0.0
0.0,-0.49194872247672633,0.26992395263273916,0.0812386219737865,-0.5037506034455274,1.1519787267575743,-1.0008667647704927,0.3579096504519442,0.23448002696015285,0.0
0.0,0.5221520084272369,-0.9688701888644812,0.5487550951504753,0.2683242876714699,-0.8475388849871949,1.0257977756981842,-0.5231191398558838,0.585497802951137,0.0
0.0,0.42457257973059404,-0.6925052718117634,0.1900115722678155,0.6619793914003874,-1.223843253418206,1.1300956439082204,0.0231053212548516,-0.0475527645389156,0.0
0.0,-0.4694783755432232,0.675260795648882,-0.4591413143928341,-0.22596749431903815,0.3858100701099556,-0.28881812308470745,1.1407584920328766,-0.6193929246856248,0.0
0.0,-0.49712059341758175,0.8491268617341059,-0.3965286628470606,-0.7315181950572344,1.4675507804675092,-0.9349499495224468,0.35121129179262517,0.30934514061440577,0.0
0.0,0.3815541419564215,-0.35763650092653737,0.2030857389592757,-0.20943111243500945,0.2326084642826774,0.6377925711967601,-1.0322981652514762,0.8891851281540994,0.0
0.0,0.7282100618339548,-0.8786387575987445,0.26358060457596183,1.023755807388968,-1.2049195595313633,0.8931262992144392,-0.4799052060324035,-0.03374389488381281,0.0
0.0,-0.19586004072345045,0.043398238756704365,0.1688116265433149,0.5252328724590947,-0.2430804197607993,-0.5917663840136583,1.1428238478796884,-1.1826813226576576,0.0
0.0,-0.7785369591457835,0.8500865883483065,0.14914826344769783,-0.6071113914176715,1.0696217741654026,-1.1037089650028358,0.3839301924665752,-0.3151969365006478,0.0
0.0,-0.23622994752310775,0.5858461454266688,0.08219227353662487,-0.41207757764828007,0.13429917449550444,0.5904962657970344,-1.3170481000937488,0.872940387427532,0.0
0.0,0.9477836205822485,-0.5477193308170271,0.00585945723928799,0.45296282228372275,-0.8141488954304097,0.809776446389598,-0.9553706804936566,0.6264525303840576,0.0
0.0,0.8377638078637619,-0.5392113875160076,-0.11659030022181348,0.3247157646644721,-0.23593042150706892,-0.5871084287480848,1.144618193198733,-0.8385124276788251,0.0
0.0,-0.5933572450644602,0.5121038539407815,-0.21546601404706095,-0.3487434736690181,0.5114752519624095,-0.9387799175229514,1.2739956995343373,-0.826337925937315,0.0
0.0,-1.0979514117493865,0.4791846261042025,0.033345020560925615,-0.4978829690720435,0.033154700698897525,0.449914262700001,-0.6954023741789833,0.762737677083203,0.0
0.0,0.032171787342814846,-0.6305994840004446,0.17952666744049006,-0.046957844131236146,-0.43780180157619064,1.174037922828593,-1.3921557432166598,1.0530833977717382,0.0
0.0,0.8333473393790849,-1.0147546544609047,-0.20580762215610093,0.31585721269892475,-0.02257380518129765,-0.3225963924241395,0.42972320646875,-0.28367093919210107,0.0
0.0,-0.07610322981942452,0.28423632654501857,-0.7472511420054795,0.20655856382381874,0.5286695695151041,-1.141664019750209,1.5347854102196197,-1.2895098761075425,0.0
0.0,-0.6544664585832645,0.6824429259521346,-0.18592479800093842,-0.26347989474440037,-0.041104252602512534,0.06237279647889838,-0.160009141501242,0.012282766302165137,0.0
0.0,-0.13911089878657937,-0.09055656405650121,0.886507517024237,-0.6139372342811396,-0.5898786324700351,1.2951455892999792,-1.612970079373074,0.9544919101077173,0.0
0.0,0.5096930326246623,-0.4153058128347721,0.4302649703797134,0.042292998798765795,-0.282758781599061,-0.14487064664424393,-0.3321265925105892,0.4205402755678884,0.0
0.0,0.3622074797295207,0.25600399572269944,-0.6352482984784609,0.6437295587986336,0.46762255777007555,-1.575906216108008,1.3267268446182063,-0.9271204067396298,0.0
0.0,-0.04431802974474744,0.48608400072262087,-0.5057126730993128,0.39239986563902596,0.044863032442131835,-0.544567388216593,0.5886691162134374,-0.5669179084324266,0.0
0.0,-0.1801149898315019,-0.09017889803727572,0.6800367304764974,-0.5479753999438284,-0.36092401601808316,1.621286221639708,-1.6382352530352882,0.6200893759211481,0.0
0.0,-0.14506667202409096,-0.29943790639409096,0.7103385462589609,-0.6290788208469432,0.03517069786541771,0.7578425232842779,-0.7108314167849121,0.44185328060188517,0.0
0.0,-0.07904353134686387,0.047125846024083824,-0.44293050532442824,0.32664015882940844,0.5717942609239443,-1.1308102761643135,1.5598632833806463,-0.7773808156090952,0.0
0.0,0.0914455718023866,0.12103657279309198,-0.8575362690399014,0.8944728235967261,0.003440400842124266,-0.7778144672048903,1.103276605214726,-0.11416581674412662,0.0
0.0,0.1966451071092025,-0.3321298016645386,-0.039680761119140553,0.24920369896085193,-0.41007229524562955,0.9897882693358309,-0.9881320287580929,1.216046751800772,0.0
0.0,-0.09370930340578291,-0.29141854996225564,0.9260733257812273,-1.0001407147099926,0.12735134393254277,1.0850598372852593,-0.9455532574100414,0.5432725642468998,0.0
0.0,-0.379007653704079,0.3767600576212016,0.18346570220189515,-0.5754116847411119,0.6447395770998737,-0.5395183912739026,1.2548325144261292,-1.276734650467715,0.0
0.0,-0.08198025752431214,0.6214077026173443,-0.8269941808211907,0.8356978337524865,-0.08779137156389695,-0.590923228688835,0.8583734096558011,-0.8118575496724948,0.0
0.0,0.5929467036854716,-0.3293628928426672,-0.20318903351948253,0.9825030963793094,-0.657525595489806,0.4486330784873658,-1.0839437481436698,0.8585337495367166,0.0
0.0,0.4744365788780653,-0.6211313089772682,0.9732696593686337,-0.5775425167941158,0.3508733273382378,0.0895013781506317,-1.1437737514013528,1.011237920621082,0.0
0.0,-0.45251105488282517,0.39414629888885155,0.536138348760188,-0.7161902656156809,0.6377429716152855,-0.7897926088243729,0.3943180070906585,-0.33255654770280013,0.0
0.0,-0.6690706764432349,1.1034040210496656,-0.8030482404421881,0.5887711821165655,-0.599614883126906,-0.20407781223201843,1.1872616903568285,-1.3214034171374165,0.0
0.0,0.37028631189831956,-0.2117016444480259,-0.2455224833413721,0.47951337799147553,-0.845596703708697,0.7495016863440674,-0.2978224565959504,-0.15548945919821305,0.0
0.0,1.0109003899531441,-1.2737406925147188,0.630863450101843,-0.7088950605206656,0.3076315584239191,0.46727944267414573,-0.9846386018957217,0.9216895593460707,0.0
0.0,-0.4071938674073611,0.0831709955626943,-0.14625133487399358,-0.583043369490878,1.0564024496397566,-0.800302518811882,-0.053054568688140916,0.6451747352493451,0.0
0.0,-1.2021293428128108,0.9690067074037103,-1.0388917601606593,0.4163280140316305,-0.006262937422294992,-0.5220859626731762,0.9081343602097287,-0.4933119974456549,0.0
0.0,-0.046443913852369116,-0.43437752229996146,-0.06365816252544043,0.6609002817306445,-1.0996226812873078,0.498845946645199,0.47613361071940086,-0.5959902660560843,0.0
0.0,0.9838781152593117,-1.3905019329274324,1.0131322960720943,-0.5917003096633459,-0.4568162224035367,0.9123014091637579,-0.6541769355971601,0.20848670006894318,0.0
0.0,-0.03482191845107242,0.3111039106861777,0.01793074047945571,-0.7576053451232738,0.7658363017929801,-0.30051411128172273,-0.4176705994951206,0.4507197803928847,0.0
0.0,-0.6501383043562898,1.6377930184554208,-1.39040156335642,0.18219792258421072,0.794876027154959,-1.0613190677056497,0.24988754146943748,0.01822169072457873,0.0
0.0,0.1047928795789947,-0.043516516780486854,-0.011327243670861258,0.7834133632516379,-0.7883099195318564,-0.049576633793682455,0.2314734792261962,-0.35431036654812464,0.0
0.0,0.8610001111359195,-1.3573155423744963,1.4413697782245314,-0.10175511861092268,-0.9244234013034802,0.692558201197315,-0.3278128965898731,-0.229884627338236,0.0
0.0,-0.11023754864872426,-0.27927611417503206,0.8359127965531297,-0.5209314447457397,0.28190960967660594,0.037386030099706716,-0.280077469036421,-0.00401919909135256,0.0
0.0,-0.8949239415734194,1.5008236108618858,-1.272090872980605,0.19849610136155416,0.9612598058369836,-0.7658391641485677,0.09250470706559386,0.09596825198287484,0.0
0.0,-0.19896356388613987,0.6744371291162102,-0.9529973584028391,0.5254891093323429,0.14362072242284857,-0.017507461906831924,0.04786091933556204,0.11753198258090802,0.0
0.0,1.2270959541579674,-1.5196912516673067,0.7186451526133771,-0.0014817954508744642,-0.48248887963412834,0.7652679924331302,-0.0073679803228008794,0.015422639838015877,0.0
0.0,0.39804182174372976,-0.9614425117194795,1.0661009006788502,-0.5254125088393095,-0.23497884511013523,0.4785702960417896,0.3822910979443414,-0.08903708295698134,0.0
0.0,-1.1689050200427802,0.9835938858927834,-0.43643282867278366,-0.007225024463052704,0.27402878616786663,-0.23746882930942032,0.4890565042220366,0.16626086360805806,0.0
0.0,-1.0192957981059125,1.3792759945767041,-1.0944658845175759,0.37280415639971437,0.41152073008331974,-0.3493052961112535,0.03016987269207325,0.4625680826100871,0.0
0.0,0.7317062643581603,-0.7292197847846148,0.32531935302025994,0.12921717705929134,0.050136778384444435,0.23709748831475697,-0.3960341837942625,0.18856639003182865,0.0
0.0,1.5253791340159664,-1.617333085178426,1.0154027067558107,-0.1521732127613096,-0.17951582003657204,0.35820637613036543,-0.13176721349780826,-0.4601635033481918,0.0
0.0,-0.22690692680208518,0.5095145225355275,-0.04927359484291503,0.1910932793205855,-0.06684680989246689,-0.12730941667372617,0.23900586386835704,-0.636034628481335,0.0
0.0,-1.1814669078016777,1.8214277789942463,-0.9829316002749376,0.22251352709261457,0.17660698943439268,-0.38447382335413754,-0.09475917879777083,0.0012466475626877267,0.0
0.0,-0.4729119332321675,0.375685420230882,0.5201219414907792,-0.388097025891574,0.07658786505410758,-0.13241863430583087,-0.4612847159250097,0.5488188452974885,0.0
0.0,1.3308550551409108,-1.615164333012784,1.1233050540104956,-0.22036323543754238,-0.37855964338679415,0.050988031926795054,-0.17843468322489006,0.3053062616597829,0.0
0.0,0.7052120114684097,-0.6369862864926613,-0.20418541356101952,0.5695761695833761,-0.4596150797077008,-0.0985665696628634,0.49026530693285636,-0.39650982776770427,0.0
0.0,-1.0440779656190207,1.5110504118038137,-1.5404635498216366,0.26625811757606754,0.2072487223340971,-0.13360532160425656,0.3769121046409768,-0.40430210629671504,0.0
0.0,-0.9006351427482957,0.40935970527876886,-0.09084783574435769,-0.7391134601526488,0.586465192002986,0.27956050041309394,-0.44270043103289825,0.22806536020182647,0.0
0.0,0.7486937629367932,-1.587513067941036,1.1028832528072783,-0.9405714956552015,0.23922048283040964,0.43813086134286733,-0.47796872248731564,0.38375775469260764,0.0
0.0,0.49049645393753294,-0.9338409847668251,-0.02955004001518955,0.6490175118829852,-0.6378357928765693,-0.009458796279024479,0.4105350743152649,-0.11639523119587028,0.0
0.0,-0.8023231028904634,1.161403886356388,-1.3653499045703625,1.1059173392842099,-0.5616524700424661,-0.48598737365943384,0.7452044345738488,-0.2911318215632859,0.0
0.0,-0.5490382356516724,0.6975395766354258,-0.07482651607602858,-0.5252722486451316,0.5276582511891638,-0.4562725754594462,-0.04464813994198048,0.24574695339127434,0.0
0.0,0.6503791867252959,-0.7661599660908165,1.5352387675588863,-1.5219198833096066,0.4313141432546909,0.43632189902794666,-0.9337407567787115,0.42304924472648653,0.0
0.0,0.7463667841805801,-0.3811879163205893,0.03196198322814466,0.470051325643057,-0.6241535697040912,0.4899681797588727,-0.38725756639394066,-0.22748624224322161,0.0
0.0,-0.11794509468743979,0.9704416548608342,-1.2843568428941492,1.4189986459690496,-0.5847371832913719,-0.5001700060934016,0.7812952190382734,-0.9027256461322588,0.0
0.0,-0.41500121898740483,0.40008074697815604,-0.05875238614084772,-0.07512110738856871,0.7898227644033846,-0.8801279825995475,0.2650797432143691,-0.15317386017630885,0.0
0.0,-0.0736095602420589,-0.6086799800035557,1.4358012921447791,-1.2121277039752245,0.5286020771169576,0.4275091095788406,-1.003973452051862,0.8610506408399634,0.0
0.0,0.0942501775024683,-0.5199866553922254,0.422502362293842,0.12986715125986778,-0.5201648279520005,0.8486570283575653,-0.5385559913592586,0.4635841312750696,0.0
0.0,-0.09672822655473809,0.4810055291560155,-1.0632862131498795,1.0864875544750952,-0.627976175098775,-0.1184039018922666,1.3697691787822817,-0.9236953938727842,0.0
0.0,0.036913464322145935,0.38945754982550973,-0.8607659137224677,0.20661158806125096,0.5283467324304716,-0.5929150726654305,0.9875867684738608,-0.29728696403169413,0.0
0.0,0.3177036948440477,-0.5522902833012017,0.6486731280014735,-0.9875568926367467,0.7771880594490078,0.3733258093150946,-0.8770587353345377,1.1664289346784293,0.0
0.0,-0.04228897740693187,-0.3873027624854574,0.7116169153267946,-0.6569092877619209,0.10122685561565298,0.9067625620267745,-0.978320633643294,0.7152469855828776,0.0
0.0,-0.5072754087268512,0.44920955638852184,-0.47777645224263326,0.9621874068834925,-0.7311905515431338,-0.08792969321618503,1.0241730760137726,-1.056951937453982,0.0
0.0,-0.21360495606573238,0.39076626186446667,-0.5042613974895096,0.8958530341067698,-0.22670357027071272,-0.7674759942154056,1.0906271127048617,-0.9877859061838552,0.0
0.0,0.49653096747101494,-0.4517902681727938,0.6801987620427261,-0.5960489358237483,0.6497273331809382,-0.23185502822883863,-0.8308595539797964,0.6448908056474628,0.0
0.0,0.4496361410755328,-0.2203708272481073,0.6427769051285118,-0.7329896340919163,0.2812716664312597,0.6424801587283694,-1.5798558658372386,1.010483766135333,0.0
0.0,-0.16151333004374704,0.8558973338756088,-0.7178907535496056,0.5235360137413861,-0.4734069988185604,-0.07595258812194665,0.012001942612717904,-0.13889657282206136,0.0
0.0,-0.21253663055855457,0.47110037055944237,-0.4415438544277795,0.5413869959661952,-0.451525390249128,-0.6868896596232241,1.6079468031341575,-1.450250062916558,0.0
0.0,0.24605340393541061,-0.7516440690346038,0.8218469372324025,-0.5877868397474569,0.03738601488532007,-0.25753224313387824,0.34671265326257816,-0.20596592021653942,0.0
0.0,0.00901886998624251,-0.6023362879891686,0.45041198874342947,-0.5312445003819658,0.05861192124687671,0.790580537288402,-1.3368082809623059,1.1912569181926866,0.0
0.0,-0.569118670215445,0.5127581947013984,-0.9841234716026983,0.26983748256270257,0.1184102450021957,0.2633765630518386,-0.8001063045482207,0.8800890891035751,0.0
0.0,-0.16975535386231927,0.17472396149566655,-0.9222450374088744,0.389376247760371,0.2953972580613324,-0.7583320335804726,1.14306729093959,-0.8746647211916849,0.0
0.0,0.5336268550002158,-0.965721982567096,0.3632690346115947,-0.17879927167848603,-0.05071687141685229,-0.3271342994471117,1.2050127631317369,-1.1372942751385504,0.0
0.0,-0.012680598552985941,-0.4383871852676984,0.7756380120589961,-0.5276921648170567,-0.5007093641400251,0.9664890876460432,-0.9006839638388229,0.49262892016513404,0.0
0.0,-0.6480594123595549,0.8685156456527454,-0.2955261846412345,-0.06649506620180093,-0.2947827959201753,0.6244103472474459,-1.129529007953309,1.0417737369405708,0.0
0.0,-0.16166864663864441,0.782681699357752,-0.5989937328493621,0.17900895869313824,0.6097843956670645,-1.2154880173753289,0.39397176637388226,0.08725656053401072,0.0
0.0,0.8734562597954707,-0.6422144874067749,0.31455930964509365,0.2280133302539828,0.18475803380085778,-1.0940330265598905,1.1588367731625082,-0.9510611450154162,0.0
0.0,0.6431336998234836,-0.6429899062996388,0.6560116506493843,0.22643749795639498,-0.8530107895979342,0.8027964529159958,-0.42920025606059503,-0.296966114284842,0.0
0.0,-0.5397435902949503,0.6165467570063912,0.07574878376926288,-0.16095171945314432,-0.3186759970999084,1.3126321326342076,-1.3878278688284085,0.39975985363093164,0.0
0.0,-0.8348820892964465,1.0034988861824272,-0.4177043042117509,-0.3623767478772673,1.0831859145383471,-0.8165826862614388,0.24296120128102605,0.06141478541572336,0.0
0.0,0.1558022220495711,-0.23035659981236142,-0.05163620850328119,0.0896695244914027,0.6968491372199561,-1.0731563974622342,1.1249957527369592,-0.3385210191722763,0.0
0.0,1.0266711334063285,-1.2632777323793998,0.22248290421706618,0.8049245464573748,-0.9789163957899216,0.5960288346417278,0.09396597652751448,0.34258237515971257,0.0
0.0,-0.02637984153152575,-0.22765459859265985,0.13225083974220633,0.2048527265071957,-0.7191666564529237,1.2861584789963167,-0.6784834660775179,0.6220156757187326,0.0
0.0,-1.000786105140918,0.9850933943636365,-0.19153688104737493,-0.7796819171345855,0.7390316219162524,-0.09560078082163052,0.4474080245062494,-0.21025037299742294,0.0
0.0,-0.5103810600067836,0.6780426919094248,-0.1882179227113816,-0.7012631522451153,1.24543807919895,-0.8738496108988102,0.8341936475547584,-0.5252199534922751,0.0
0.0,0.9310982348476644,-0.8326946815884911,0.018120947835464904,0.5565992998875386,-0.42190453454160515,0.4572684557807264,-0.43680592960126013,0.24676165137684822,0.0
0.0,0.9266093353898692,-0.907935959826318,0.07574981389218685,1.210685948177022,-1.2457720875168312,0.7909750922492459,-0.8178621441111741,0.44381391689069283,0.0
0.0,-0.5523230629987599,0.5195237750294208,0.2183116406717196,-0.29445400246485776,0.5488165243515143,-0.8028872023038295,0.29448319864947486,-0.19989943943177077,0.0
0.0,-1.0657894144971616,1.1363574670752046,0.23506936182673108,-0.9957769139721715,1.0343477810257264,-1.0582916125302684,0.5723828136602981,-0.5118952714141328,0.0
0.0,-0.044216324981604466,0.2886443236321053,0.026072407649120066,0.13604359059919852,-0.6900076183989702,0.6778328348286474,-0.5325992524415418,-0.005607023916474239,0.0
0.0,1.4312073004889274,-1.1760633109776735,0.0006162106962520498,0.8040198292024181,-1.2065246308890956,0.9636903604510189,-0.742992204030163,0.23930308630608632,0.0
0.0,0.5208969215864163,-0.3274045694864856,-0.20239313886451815,-0.15421214100591535,0.47544226476894325,-0.6598409664834461,0.42103868945389955,-0.09309680783414002,0.0
0.0,-1.1715130107180354,0.9638196181485512,-0.43924387076067484,-0.683724742671814,1.189096220738758,-1.1785912050242584,0.7195887648867914,-0.1548766546048736,0.0
0.0,-1.0217821722217166,0.29703095572764976,0.02670402322039658,-0.26316759213932145,-0.2395265095460045,0.477930766543055,-0.2691749742191547,0.3129034588039984,0.0
0.0,0.6790961974103618,-1.2560885383118738,0.36014677764232933,0.48678893333408546,-1.2143643195802407,1.274943954877431,-0.71104156514404,0.2880151215502868,0.0
0.0,0.7588298898741409,-0.8457213247802815,-0.03143973546563362,0.17915581937730257,-0.2980633296084174,0.03141962136603989,0.4970028389597449,-0.38332642439827874,0.0
0.0,-0.5053221117308027,1.0366571847123704,-0.8349076389364277,-0.40459331761518624,1.2552860965253632,-1.3264910583056373,0.8385766679084917,-0.37509121922874383,0.0
0.0,-0.5975125499956522,0.8578366869049541,-0.25096811815857045,-0.46186331351604915,0.495578746475646,-0.1848847132522824,-0.3886605882359746,0.4526185747759899,0.0
0.0,0.36498633849609285,-0.6002895261531038,0.7800274201829034,0.2210074190346323,-1.1077691847863111,1.2447478684833715,-1.2035918865921527,0.5348473155774824,0.0
0.0,0.6605556459471095,-0.8381415305579942,0.6811888306231,0.5088231707097779,-0.857992472214062,0.09287459992857566,0.2841519897031406,-0.4685070070781478,0.0
0.0,-0.18230341054507507,0.4919459946957179,-0.2588807964946341,0.04011432529410062,0.9649894417893634,-1.468634770445979,1.1696938447501946,-0.914554174347866,0.0
0.0,-0.5244203142607171,1.0950992751120698,-0.702645165618051,-0.08213744937283202,0.7106391333237086,-0.29743138429140076,-0.3808364292064153,0.3296938217261118,0.0
0.0,0.11375368401018976,-0.08819735866003206,0.24354495931714548,-0.08414522103719264,-0.4258652748703899,1.531561239856777,-1.6012296816702678,0.919218062185828,0.0
0.0,0.7038542841194552,-0.9841137323209557,0.7035551530540797,-0.05549495246644118,-0.44219896804304804,0.34157686348136923,0.4379473884366078,-0.27239207837891893,0.0
0.0,-0.03653184226908482,-0.15704063914992364,0.012611818568958318,0.16267075400331996,0.24023206381523463,-0.9078689856608956,1.8854246806059713,-1.093998849231177,0.0
0.0,-0.7517072939694108,0.8303741213371918,-0.7472053664499768,0.271875842613228,0.3073857431764186,-0.41207585524897417,0.18273472359864484,0.706387801266744,0.0
0.0,-0.29521834510254136,0.21016895604453614,-0.15159312513956935,-0.06032485693235865,-0.021590179451011986,1.0683467101079709,-1.4883756726605826,1.4252039229435136,0.0
0.0,0.6605177587335616,-0.8830344539150812,0.6454076605682239,-0.43049200902132434,0.12245552953469417,0.4477045464812167,-0.2999445467511812,-0.08428322486582297,0.0
0.0,0.3843972184528516,-0.37626803011881593,0.15109779048177638,0.0702669801302455,0.1919141907464729,-0.6633923224223416,1.6247006646503783,-1.7567028844755748,0.0
0.0,-0.4539302724233631,0.8405055369634653,-0.7003803197071538,0.6506818858243213,-0.27165471078587333,-0.22572379343430393,0.19603514450232057,-0.415236108977041,0.0
0.0,-0.41286545742290653,0.5342075535112004,0.009879141647929598,0.0019569340538351347,-0.16560100415814746,0.5563213058962695,-1.4286606352232516,1.0898413589218892,0.0
0.0,0.36561631602357025,-0.5185390657512962,1.0097425411901568,-0.7636934208560053,0.366236234598685,-0.2242444875663809,-0.8614849754597445,0.9899610237378795,0.0
0.0,0.5199797164984953,-0.37752931790703037,0.13495672988323457,0.17810166199945285,-0.04260373578187436,-0.8442831041575655,0.7728560543037449,-0.5282644433490393,0.0
0.0,-0.13213731629820086,0.6510430876710286,-0.9616975703177129,0.8458274429990685,-0.7458623118600736,-0.27900881042984,1.249483947438391,-1.2967318142920896,0.0
0.0,-0.3323170563829736,0.2787136338199604,-0.18310834987902339,-0.30601641093822646,-0.22851089053009366,0.7848413821604409,-0.6207231267641874,0.030192152657011348,0.0
0.0,0.03495419700676917,-0.6629021445309344,0.8049909850501298,-1.2224361326481918,0.5351164973800744,0.6845486134603388,-1.2533692509448688,0.8979690025919306,0.0
0.0,0.00790207693002011,-0.45525235764655725,-0.1566201389741206,-0.2197181787581876,0.6901253780770455,-0.6532445685644321,0.10104949776183292,0.3929863062848109,0.0
0.0,-0.2933394258645831,0.2565011224201661,-1.1159712373163784,1.1622769190766307,-0.48944128302091494,-0.6763107762998991,1.2506918849726683,-0.6950043572105239,0.0
0.0,-0.11314930403175742,-0.12188521825308032,-0.3617637074274866,0.7067542839251341,-0.8121731556691939,0.12297151292299062,0.4932824601545711,-0.2819035338469488,0.0
0.0,0.12153945064640038,-0.5224437492115348,1.2481448401508377,-1.347424886975095,0.10378523827995519,0.8600262856673554,-0.9896995622164164,0.6207246813313195,0.0
0.0,-0.043599092587496495,0.2733129284209566,0.39571242814937535,-1.038678891934899,0.6658503964086104,0.11364867895713285,-0.6275022732868,0.3986321614402903,0.0
0.0,0.004062868038013636,1.0185736567802295,-1.2922796605017568,0.8159914190140902,0.111384911045442,-0.752317977959686,0.6856873178045381,-0.5985198796373816,0.0
0.0,0.4997113898703151,-0.16000785926028224,-0.4494581973178207,1.3493595833195182,-0.7369960876851951,-0.3581538362961688,0.583380002989662,-0.6073762553547352,0.0
0.0,0.40594071451586916,-0.8641282270153731,1.2470069118956857,-0.4582427177736411,-0.030754624569403376,0.409757007806675,-0.7399134976043835,0.3585801741106648,0.0
0.0,-0.5443162961466141,-0.05817420241600557,1.1783767166622594,-1.0219463683443382,0.5815345662799507,0.2764532861191559,-0.8174570002601751,0.5602274900501688,0.0
0.0,-0.8345934852260305,1.1119993250229934,-0.8606867668690592,0.4560583207181449,0.21075144608397117,-0.3318752180632658,0.5189860182436966,-0.3190560492405182,0.0
0.0,0.13027601981413378,0.4606021321915099,-1.0257080974127588,1.0285437526248489,-0.39755058690476824,-0.1319273730794639,0.9414544014898343,-0.6054970704345931,0.0
0.0,1.3487736065931684,-1.338098184437793,0.3718251077853272,-0.042708851084971564,-0.035819295068483754,0.48821866564198446,-0.207031592646751,0.46184620130090603,0.0
0.0,0.29013804400202137,-0.6032085190063812,0.9303319065945207,-0.9985296262961312,0.4830607550106866,0.4744329275943719,-0.5539824555186127,0.8007507876102801,0.0
0.0,-1.2006167948445117,1.0641263369663851,-0.39931986157434624,-0.2057657379706787,0.361276228833117,-0.1418608741398767,0.4456168048526876,-0.1432788345686847,0.0
0.0,-0.9920418958884879,1.0320149879906202,-0.8158386457587528,0.8097572007077032,-0.41077683540252546,-0.16055218402003754,0.791630878856892,-0.6554018420086618,0.0
0.0,0.802525022645256,-0.992466395454061,0.45465823158308916,0.40677753960456037,-0.3814047455483428,0.18501406758577274,-0.24513831945745146,0.0758552080027781,0.0
0.0,1.3043002785139783,-1.4207447799708481,1.0092694507398823,-0.5273028816802243,0.41871895659638725,0.02145103459883113,-0.7991984144462715,0.4928611636696295,0.0
0.0,-0.4004387542628128,0.9400336802524301,-0.4799729779167609,-0.08879700364271599,0.4730539591090885,-0.4000533791055827,-0.25166612672749045,0.042101526143405725,0.0
0.0,-1.0534283359040324,1.7559648694661947,-1.1246825816250015,0.4308306988534429,-0.33142418556859476,-0.19545164780845478,0.4137960357538952,-0.6112459567444408,0.0
0.0,0.06882116060076628,-0.37821978494893976,0.8639657741992517,-0.28888571015426506,-0.5991104029748201,0.19691567203716936,0.19994294301154728,-0.41330795177448026,0.0
0.0,1.2669290647483475,-1.7326747001351588,1.23231800612643,-0.5412675238703396,-0.24363121469483137,0.18546827544606537,-0.3329353106980333,0.3184396484390326,0.0
0.0,-0.1613727604395971,0.21182599301331878,-0.7062539413094897,0.33178729960168496,0.2209319209160051,-0.34087834857114224,-0.2603997224750972,0.5609625038863179,0.0
0.0,-1.1709240285817062,1.5293849510341193,-1.729517797282227,0.4615402280122069,0.39786607312876193,-0.4928003540210834,0.15383835711085916,0.07663271620077691,0.0
0.0,-0.055287846524991247,-0.5718850277460428,0.25671544798122076,-0.3438233191935579,0.0808927562717104,0.18034241879726404,0.2701657709979466,-0.4599707641345892,0.0
0.0,0.9737535051695767,-1.774956938071766,1.3386910196660207,-0.8294935546437623,-0.3183517257696927,0.774944269313382,-0.09776115580813972,-0.33793781074424467,0.0
0.0,-0.3303371945715386,0.09504107344490888,-0.15665168578270383,0.23825117113642638,-0.4715316269327198,0.36232329510505706,-0.1091739749705433,0.1349704233812973,0.0
0.0,-0.9235693865846057,1.6847857879580566,-1.5536565540710139,0.5993989737471302,0.2285171080231375,-0.7370258515135732,0.20447890956112202,0.41340075777388674,0.0
0.0,0.13426548937282795,0.05248867287073518,0.1369525720175424,-0.2254777400351277,0.606060251783599,-0.8483970612904911,0.16916635466730842,0.3047872125806531,0.0
0.0,1.1972240615931977,-1.379957037837303,1.4303607505049771,-0.5938647691745738,-0.31586301783137344,0.4427161613576094,-0.31770790823532463,-0.07720198624036073,0.0
0.0,0.18651879091218332,-0.09118932667021597,0.2835369044079759,0.47373508898422706,-0.8977429798967886,0.876744930426048,-0.30372378069516415,-0.5228202273754863,0.0
0.0,-0.8172282847430669,1.5009772509522583,-1.118313776506892,0.4989772002615513,0.2645012128476453,-0.3327170838744336,0.2818079738228329,-0.535362004195567,0.0
0.0,-0.5106078521681786,0.6231389736268607,-0.15119281434707688,-0.28276006338709453,1.224142432169796,-0.9381575063188881,0.030239449791787165,0.23260184551180138,0.0
0.0,0.7593245811561296,-1.131528037789129,0.9755724961863756,-0.3298334618827355,0.04420260481700378,0.3665629355105766,-0.5625948471736016,0.7392515938402497,0.0
0.0,0.6782176224466918,-1.0066841758993093,0.4880433987895568,0.6110117905976103,-1.0294839907170446,0.7843751562089744,0.056169470642958456,0.06070945971844639,0.0
0.0,-0.6334944971939979,0.7707234325398322,-0.6755239273214029,0.4601358655770466,-0.29547500284936884,0.01488624836471442,1.1152022109255413,-0.7158016431528349,0.0
0.0,-0.8521033918909623,1.141843972441737,-0.666512411383438,-0.46641462524601707,0.9540047325978028,-0.4554410740085187,0.3740159514136902,0.1399459581818539,0.0
0.0,0.3225981691284615,-0.4465143803701319,0.5312974688435874,-0.8573801442863076,0.753349702938826,0.3439180719004453,-0.8453332742685976,0.9008782865426602,0.0
0.0,1.0738376296977006,-1.2371731457765827,0.3888593826962526,0.2703898435481878,-0.4303029386310036,0.6424669515503911,-0.4558631462686977,0.18275080141684008,0.0
0.0,-0.13396729565773186,0.15868765984066932,-0.4790820340997663,1.1979372176963576,-0.8716691120358456,-0.1919476878696053,0.9385876095532029,-0.9732963014515388,0.0
0.0,-0.9824760543390842,0.9815193697410214,-0.3433987351285246,0.021213377886555324,0.3995955238786838,-0.7984457544164435,0.5317153071919893,-0.4648420588734698,0.0
0.0,-0.3740903052366205,0.20688756278564643,0.8885182729488299,-1.1766988430931182,0.6615117024117728,-0.026070778100469455,-0.9143719358465913,0.6451417402887292,0.0
0.0,0.8759119951618793,-0.6845611661080931,0.42484775417926773,-0.13089081844613448,-0.3678798943475856,0.6582400102427521,-1.13675794452433,0.6576215126385118,0.0
0.0,0.7783787772043609,-0.06120886080151374,-0.8408562035411107,1.0715672907566884,-0.8243700810873236,-0.20442852907451636,0.43120254209054376,-0.44579011899635607,0.0
0.0,-0.29204828177147724,0.6403528367291197,-0.6945889592038176,0.13521842043405238,0.2240532931572373,-0.8980619401569259,1.2358454863187964,-1.0328014114694244,0.0
0.0,-0.7426970975114856,0.0186180956423912,0.796113916297119,-1.1760340945864654,0.4751091478799744,-0.11700232344150437,-0.15834227474294219,0.17658574037883126,0.0
0.0,-0.22613387119306588,-0.5844495921040239,0.5983566687924335,-0.5123287350694673,-0.25650487913488584,1.0806337386943758,-1.3408443171971813,0.9732889851993672,0.0
0.0,0.29299037283610074,-0.39865129689165507,-0.6947408693818458,0.8390974108539225,-0.5936720351294463,0.21718085723820435,-0.1754290223292205,0.29399356510156005,0.0
0.0,0.16586544832268005,0.1440045636345099,-1.0851202530815243,0.6097314376220198,0.32054763893796373,-1.042940144169818,1.4223102967244614,-0.9986668048880081,0.0
0.0,-0.112056168977252,-0.022617981722507393,0.07569078360049167,-0.5354592149780021,0.5899660649436027,-0.5639133384671249,0.5752883592780295,-0.343656928641039,0.0
0.0,-0.24311358330898775,-0.1558877103459449,1.0032035996908173,-1.0023514143133343,-0.22060576645039298,1.269273143817978,-1.4007365611088864,0.8355888356257055,0.0
0.0,-0.1470162073249438,0.20823578442462373,0.0706321507261511,0.26983602893854125,-0.7608312441985068,0.7801850414081564,-0.7711166876760441,0.5301019239227546,0.0
0.0,0.1941085335048923,0.3539384052398713,-0.6317010567193198,0.8034262874461167,0.10132903379660693,-1.1967745497746536,1.2884452216492401,-0.845368497745498,0.0
0.0,0.48062615706217293,-0.13116322342150558,-0.058421740781656545,0.1674592318471262,0.7324575846502659,-1.3238078012165562,0.9671642192159828,-0.5739730764266383,0.0
0.0,0.20179589846956295,-0.20925660842019722,0.6521217089244994,-0.3724128660711692,-0.17868920797114585,1.1183117730945937,-1.4203520586442515,0.763975882467453,0.0
0.0,-0.3582032142949717,0.29690522337101594,0.3409743915555342,-0.18213525213125348,-0.4170394507268,1.3509837157402402,-1.3049641753825554,0.5858076878018051,0.0
0.0,-0.40815918364008696,0.5186494710826909,-0.30780551622242347,0.19727275954761742,0.3424009546580241,-0.822691182109515,1.4783285944838744,-1.0483259257509963,0.0
0.0,0.21146801371393867,-0.1493315801439607,-0.2265593082898744,0.3536984818650453,0.4698192686371011,-1.0914599689354298,1.393565393083696,-0.5839882652572017,0.0
0.0,0.5754322539649734,-0.692112192919841,0.16038265332075374,0.24618026497956688,-0.3186143155075044,0.7313267207407195,-0.9489417783537846,1.3385322847307386,0.0
0.0,-0.09046211003110198,-0.09046248905792968,0.21194529014059008,-0.21328835408867322,-0.22001244212032087,1.222247757877016,-1.2923724076688226,1.0674217821992473,0.0
0.0,-0.6535165862681416,0.627740822222624,-0.15626216082033756,-0.4059585862871074,0.5303156765004596,-0.47821217440270597,1.1786808491829661,-1.0959805462167889,0.0
0.0,-0.21955642057435024,0.3011772513249049,-0.23191493029532984,-0.0023450622939959875,0.36814524277960115,-0.7326427466638917,1.3935763587256567,-1.306859365532568,0.0
0.0,0.6608111223459954,-0.6514724785620905,0.09680309511818219,0.5167185150896902,-0.6212539959879039,0.6470934464572595,-0.9782741456537891,0.6610359244751911,0.0
