0.10559340412018547,-0.09740114590836288,0.5914214219902071,0.08867674971769665,0.5041037278423538,0.8066711673042352,0.4577493847835332,0.45936408234194587,-0.11775681391741902,-0.37366066988941693
-0.04112415779612283,-0.21706275185504872,0.41433532984681903,0.99901344452854,0.7205534974240231,0.6242427700371372,0.0876084870962972,0.7148145105823978,0.7234078637770758,-0.12855058370447567
-0.11690259055668438,0.4145266265594142,-0.06387876969897677,0.48621542670316154,0.5859518835736923,0.8520868371157697,0.2989219759454963,0.17497783455771584,0.21498041526928183,0.3097374855708801
-0.3585582548589427,0.6591003319300037,0.25699991117465804,0.21877644711111383,0.2898102873735884,0.13770039918043903,0.47557407608060237,0.23091401819114382,-0.32821551636760293,0.06698996386019211
-0.20512587117630393,-0.14858470192002207,0.7624956253320245,-0.18030059783298055,-0.29942543062928234,0.45463856436794925,-0.14054889761852687,0.25364260866499705,-0.2680834640006282,0.2752098399365854
0.31121400443092917,0.11961621914335419,0.09568622321541274,-0.1477824055868066,-0.26604050681378066,-0.05637116934707981,-0.16116870551868312,-0.23616938512956331,0.05591910343819707,-0.3686982760714964
0.09544636619528729,0.3294169568254881,-0.43486513323140774,0.27416549629845527,-0.7367911807054284,-0.7792202649700724,-0.10242814304872341,0.3177896855088933,-0.1639881720842961,0.011264286664058579
0.20513750491204744,0.4598449899230084,-0.9584607187308394,-0.42810795026139187,0.006784747286312953,-0.8551907074551237,0.03819016540839737,-0.9187228213879994,0.09663244788015074,-0.3443070970742134
0.07390189221850553,-0.4194493979293854,-0.018408576192393264,-0.5403702938319742,0.24115761879103703,-0.6053360459087811,-1.1215501309528833,-0.28089042138160447,-0.2426901201861286,0.24400708207924976
-0.08139970353745549,-0.30042396450812514,-0.25359824087501864,-0.40301501350568825,-0.7998032857014706,-0.7938929928060983,-0.6448829510629032,-0.20182199635678583,-0.15504813295334643,-0.44894037707898604
0.2660866785369836,0.190365116822377,-0.4010463331584621,-0.25200462995522066,-0.9127850480482497,-0.8670478693868426,-0.5002882674404123,-0.3915310349265586,-0.03402458467617403,0.12506694691369535
0.4686167732572285,-0.2555272255092474,-0.9560517854227224,-0.4578016560234622,-1.1139833187138306,-1.3600370822289116,-0.2855956640631198,-0.7176813712741907,-0.3554710962060151,0.15037370677740639
0.1306363455657058,-0.4478434201873195,-0.8707824798531412,-0.9540295366068305,-0.9423685151709864,-0.9706874035317682,-1.4148794903115398,-0.08723333695968957,0.1269836649807794,0.5608642933719983
0.2025627239782836,-1.0551050839206177,0.029645616667149655,-1.261034644258356,-1.161705121995905,-0.08370325394162054,-1.2018353779482132,-0.29628201229729034,-0.12946137285056522,-0.026800091045423965
-0.07156964256840227,-0.37988318918171227,-0.6897126335154062,-0.9171247388613184,-1.2221325442757922,-0.3691564400011612,-0.44458126260076863,-0.8763801807510665,-0.44575528572774903,0.028110179565023492
-0.2588740741254666,-0.1816948981977783,-0.7158453688046789,-0.11818621528163911,-0.8121895931246039,-1.0288525188168454,-0.6555660058988629,-0.024554913596473382,-0.07770279139755026,-0.30184834644472824
0.3050416984439182,0.43220520628021974,-0.0919068842085445,-0.9401131528926534,0.42545105040648085,-0.08380763408676534,0.4627035066691494,0.19731601145885724,-0.519053347962614,-0.5451432543165305
0.3272091697113843,0.44254207528273604,0.2814558808983234,0.24080859809539418,-0.034286580433438574,0.03349676181454385,-0.4615034452781551,0.16262498643852422,0.014426688279692838,-0.14836327970507082
-0.5520636322536584,0.09195780869547394,-0.010689770917839125,-0.07633128938066575,0.2730397112170907,0.567164361785673,0.06536890019269763,-0.3184298744001989,0.9506119851483659,0.15418796517389632
0.39133810240599387,0.3686597048548606,0.023385276145723,0.7025367141338574,0.08371061165277444,0.8616638106241796,0.7370889468363455,-0.1848375292523396,0.7125652857087996,0.852074437742524
-0.5008847271255161,0.23785943442925717,0.4503137211254901,0.9104841691691616,0.8137496173801697,0.46505291469758603,1.3116880707791734,0.6420977974199545,0.14924638433632825,0.26680254499552375
-0.06549723154374855,0.19870173437828323,0.6815492600510439,0.29370088045415743,1.0665622810309825,0.5119817038241516,0.5226094637828285,1.357000538837985,-0.11343792640764586,-0.08806123532228612
-0.25020777157577817,0.08227606678679686,0.8626874433502161,0.828085200760508,1.0901948160875874,1.0182433745642694,0.164851442164486,0.5597084124039153,0.3084965631379258,-0.12122865673716891
-0.08040042460118851,0.34405816872440576,0.7446517784515126,1.0319413174989729,0.61379757160894,1.2480726528311024,1.0085123732692403,0.37424109561513597,0.976923782443063,-0.12494904933972537
-0.3042922995257315,0.2092020567337841,0.9283314061489225,0.8215387274056035,0.9077584832500276,0.5538172082143809,1.2931355102515112,0.4223472379993138,0.7684186776334181,-0.1988864688423051
-0.34428403622387216,-0.34847304912040367,0.2982328976423249,0.587145800845076,0.9662436617543196,0.7399483833490261,0.23830486669334489,1.389232052294876,0.0033279006696002936,0.10020768417116128
-0.6909445796952987,0.25783084206294693,0.4687634536721885,0.46584942356572046,0.6168764496620692,0.946784279373292,0.17371930792165052,0.7381999566797132,-0.22826792443252247,-0.13882042346099369
-0.08369342621888508,-0.12970833289167633,0.3378586856461259,0.4235540722342589,0.3406930475473567,0.28631462014650416,1.0575256033702476,0.08800131882483121,0.2280595333105717,0.362760553168264
-0.1010865272747467,-0.37452530120764205,0.3337124481453363,-0.22245927615530764,0.8077889710627989,0.39562852730999076,0.32184014537589506,-0.13650854912784138,0.33368680491432795,0.09136946703168065
0.08943885191214533,-0.47495405207063923,-0.3509007371336912,0.07152823362510441,0.036494293608431344,-0.026892367311877316,0.07698121420810528,-0.39308394870875385,0.11921586713880561,-0.3219143543208169
-0.07799129287897055,0.005729057112928385,-0.1001325824237799,-0.17250209354510151,0.04486313560886407,-0.5660330445739414,-0.16969158370135567,0.1329532195023198,-0.46464409363886544,0.2846367086127576
-0.22449720918837526,-0.18026011032060482,-0.3945752762575997,0.33155307977952075,-0.35999221870304265,-0.2427112628662763,0.19432308185702246,-0.5170115054676991,-0.9428384112435696,-0.10273479933426088
-0.11296763194747768,-0.4885111904107111,-0.26411745794222063,-0.06634823196597273,-0.6974167413128592,-0.7460698340794466,-0.4404592619143636,-0.7301604374650161,-0.025668397818108337,0.33792142523870683
0.23166255688458562,0.11414506288088724,-0.3089369461879189,-0.3349399396817664,-1.117653791846204,-0.8058552783004324,-1.3461018877663506,-1.0847138667436085,-0.5323058417255089,-0.03925118007629195
0.08918683170002932,0.0834597497657041,-0.12920895747939343,-0.47431272175376077,-1.169674435332138,-0.6267611653457321,-1.482608761963566,0.30240235621494505,-0.6162276408421546,-0.12855239540903488
0.15053918102087624,0.12843395090272408,-0.66137384323464,-0.819699616913683,-0.47826415411336176,-1.4439035662709352,-0.46239836416379937,-0.6435805819462187,-0.37507489406295436,0.3986943949651811
-0.07497893903116203,-0.44577628271996494,-1.1936348049485255,-1.035962457177521,-0.5171184924665352,-0.7180013461107113,-0.5445527525903116,-0.6861901363520627,0.7316238949958906,-0.3958155007702269
0.47812012855413377,-0.6849976396325421,0.46375982435929963,-0.5882860225972321,-0.6792508620608123,-0.314550856238299,-0.35341869518507474,-0.3183340669583293,-0.25152778969644596,0.13149469187826918
0.1947981606194623,-0.4026921191952545,-0.4670164856719256,-1.0157776267647733,-0.49389902747983516,-0.2699840851466574,-0.6255284995561824,0.5164594700536886,-0.5077515599862494,-0.35710467698379234
-0.3618786587977044,-0.16973369126679214,-0.5925113765021044,-0.0717479286740279,-0.24894438130307206,-0.04697001212160343,0.022332017084251417,-0.03550408188840429,-0.29482045735493034,-0.2556832376623444
0.5522051049140203,0.6725886234257128,-0.205676116526967,-0.18652420344036622,0.029749772633262193,0.2840718603439138,0.5211788887723895,-0.2582582255115975,0.11472780657315552,-0.0948846116524153
0.014080730416680318,0.3790432627004493,0.41195296925018454,0.5808929983732258,0.3261712666477709,0.6013029564801939,0.022279009039437858,0.642516480860903,0.1333885715958059,-0.3157286660229202
0.11043396071651637,-0.20505646055374283,0.32545103523880814,0.6129257352969733,0.482925243600274,0.9396480388785906,-0.16528019045721515,1.0385425152928174,-0.3074268268063435,0.3072051782166938
-0.5481733640021615,0.20137602036729052,0.49941566422491845,0.7020699735688324,1.3920318229928084,0.3513573094324249,0.3135798189614081,0.3681207024957476,0.5297347829499874,0.3313957328869068
-0.20034863013174956,0.3085856625165603,0.10335824831741146,0.3305242144146902,1.1780173909069938,0.2665586045301884,1.355041348938637,0.18737962671302044,0.5599020783973074,-0.31764187504400065
0.4307305081529464,-0.2282837927227912,0.6536733989175871,0.85259703881984,0.6074689514563565,1.1003484652618336,0.620675036611135,0.7171481214256235,0.3813708778161314,0.12560159964589043
-0.23223573818438398,0.15044185593502019,0.7379305635031506,0.4305577436404653,0.5246554712917636,1.2777271624756623,0.45416624721624704,0.7036173678887908,-0.17460204518620892,-0.03667444681203411
-0.3890030861338874,0.07938591919643048,0.6211531602897061,0.8154951272881649,0.4850478645866574,0.86937260148995,0.7601229847804012,0.5351839598390661,-0.35211864682292315,-0.2797913037877606
-0.03599014573937914,0.3003591767585127,0.01986664453051039,0.8431644117608432,1.0803715359265904,-0.033297263158832524,1.0679201029708643,-0.13769769138609034,0.389899708762769,0.35585032129284155
0.21878221195690192,0.029631667793768537,-0.24706961261767765,0.5456351244729358,0.5653574115745681,0.3086768236860229,0.4857586294638045,-0.15361899086795267,0.1779828147444184,-0.18360417295348103
0.045720179804734966,-0.1636373780747497,0.6225561409917911,0.006493614769047085,0.06624031893467569,0.2546910641326206,-0.3634109588280534,0.6324425352622386,0.4148490666626051,-0.21785883848600043
0.04612871035572166,-0.06899429894641095,0.10035213784474886,-0.04902017488470559,0.18825572310137192,-0.000976653741602898,-0.2118081212575966,0.0942774016687463,0.08566623399621962,0.48208930849471915
-0.2040535305979734,0.3139080367652176,-0.4789436065334295,-0.16977316107863313,0.5647103873280175,-0.8090110445317282,0.39156202079485436,-0.31697261946623667,0.1437601829950145,0.2799060352481378
0.40190567252976606,-0.17276878701608994,0.023297850814859078,-0.43405338268872995,-0.3125120477192057,-0.6477753605517987,-0.029525229026648364,-0.3660222841248263,-0.3059528224832582,0.4655846153286642
0.2617596590630452,-0.7231890200781508,-0.023820333754199913,-0.5929674748564904,-1.0094890714807037,-0.2800865507032837,-1.0724277160664037,-0.7722721239184197,-0.029542988888991206,0.1739435559509195
0.20204016807502384,-0.6759774262851144,-0.13154411194292948,-0.4855192821697428,-0.4671274223469947,-0.2475185688600427,-1.1630807310251476,-0.32136888268234776,-0.34309389400059903,-0.07560722874898028
-0.3628160092259105,-0.15598065082643672,-0.699065952457653,-0.3871436127919224,-0.9440217649006369,-0.8572265658481246,-0.1946628845261857,-0.929813453822199,-0.5485197206613039,-0.7128111458348018
-0.3006447420370945,-0.3535446301293597,-0.6580574275412101,-0.6280412771432994,-0.48805010334302446,-1.7539536670300528,-0.36331497035631505,-0.3800166467445001,-0.6636236954198099,-0.19696055468305368
-0.03490626840061851,-0.32808695659383535,0.010230144469817903,-0.806964538474425,-1.2670116354911207,-0.4027444772362917,-0.894507954772532,-0.23751457141081106,-0.3757439598126998,-0.2977260525239718
-0.05960443560164925,-0.12805910837884782,-0.2816343023974625,-0.99603937191765,-0.773949487930242,-0.19894686120492208,-0.9555321295511736,-0.4085694487347902,0.14162360535840465,0.1621310648190742
0.11879202952415897,-0.17784390716636939,-0.297150351572507,-0.6849843336754007,-0.8532554767315514,-0.6444700528066861,-0.5044616464026731,-0.46167921286799674,-0.06273715342042455,-0.1903182025589673
-0.22455235969820253,0.5213129824461177,-0.7663375769630931,0.09862042772264318,-0.7654138136433276,-0.22210097753234903,0.14478272366856623,-0.1954510186654921,-0.10732922868181323,0.4705363322327583
0.6047524944042137,-0.28857332510154904,-0.4745836478994903,-0.3719986836348861,-0.21208151629611527,-0.030900398718566563,0.1687355863873239,0.23289261324754285,-0.2846471432188856,-0.11386878534445057
0.11196863482775714,-0.0204101491568211,0.5001581319460524,-0.17363304642097868,0.002898268030117418,0.4222979482029071,-0.3423362999832623,0.2204340766922494,0.272573718637077,-0.15597969409259604
-0.5303731149655363,-0.2437561947193625,0.6854198017397648,0.012155360635598623,0.39931674243986304,0.31256046025613543,0.062124510801581045,-0.2884782989127861,0.303920811759976,0.08052734144621454
-0.2895873710061332,0.6070101407733158,-0.42346960590736177,1.0722562081316345,-0.1513770576078159,0.24039173630904112,0.7276931581670061,0.13879991084408905,0.7532568165031607,0.1822509658678406
-0.14442153118739764,0.3047834272394367,-0.23362138951917136,0.6839532330860596,-0.1334792635394143,0.9361885561622132,0.45445445843786403,0.9620185371218193,-0.07188109468408072,-0.5612892949721057
0.28751058051918077,0.17606382073865476,0.36777537973565194,0.34837874973271027,1.0005169866565211,0.8624612877926575,0.2394475044854193,1.1899106337850809,0.2233818751572885,0.24390795657104947
-0.14856168928304375,0.4160176566951326,1.343456376115187,0.6293885654874268,0.9358971530838635,0.6261265097715202,0.7371870147159649,0.40908515431021675,0.23274073888144547,0.3678543716365739
0.3584968262558686,0.2600324163091945,0.246275428835806,0.6855064099956745,0.28133489550142604,0.9132970394385308,1.1354533458922713,-0.25484533447628444,0.9033273053024076,0.0646280726602376
0.2450465821577843,0.35632464447342016,-0.00857319705847246,0.6630025894338469,0.2527992795177723,0.5265088778069266,0.5418264626769027,0.6988002318928809,-0.334480161037317,0.10679409535038581
-0.004951720477825283,-0.2948763169111388,0.12544845379390723,0.48535493959455633,0.8261744722801276,0.7528463326987358,0.9305420088073939,1.0092265114654773,-0.20998744072996015,0.3394533423632237
0.3018522998527674,-0.1605114062688504,0.6055277774169054,0.29708520752783585,-0.1824131693022527,0.29494932521564615,0.044863769152779454,0.36327266135117087,0.19904786662998475,0.47930045224916873
-0.34770809028788957,-0.049833536874999314,-0.33104180791174914,0.756726558725573,-0.06357909588588273,0.168533758014376,0.7507759732145474,-0.3278634929807078,-0.030487597265070776,0.6037114293984766
0.49458240004756643,0.27021384794373554,0.25892061973950603,-0.39768279025069286,-0.1351919547641432,0.12607320913334769,-0.21100374624296336,-0.12177650198043617,0.5870899193799181,-0.7755444510242037
-0.08613550048722277,-0.1671486410279716,-0.0017965985762740388,-0.6674178007031235,0.392562947603379,-0.36734046538057646,-0.8835281824143131,0.1950779489481616,0.13462843086772272,0.2872474367189193
-0.2163671857574084,-0.16713450785905326,0.36051617816452547,0.032215203219842836,0.26485259380699083,0.08052569594715353,-0.5331585212416952,-0.540801926112999,-0.40405270425099593,0.6143830081236507
-0.16417274127101525,-0.24157169485765906,-0.540044512713447,-0.06636889125451334,-0.960231995863472,0.24778951882826972,-0.3021555491455826,-0.8342868037887771,-0.4706908301188237,0.0953040664065783
-0.12634670378302557,-0.1758081174562411,-0.3277751500796655,-0.7857918504152315,-0.8079228331095974,-0.2715859187318183,-0.4708427230587137,-0.8269225305390533,-0.47644210606676535,-0.07423815103698067
0.18833209575577145,-0.38043918193454396,0.10628995230329305,-0.8650056194104665,-0.6221593844700326,-0.9418083408028932,-0.7942312174987831,-0.5709181539983919,-0.6628473455510715,-0.15130380382302866
-0.10052809543898801,-0.38403870890410247,-0.3364302458554104,-1.030782722506403,-0.1684300873578659,-0.481228697060722,-0.9687625327105209,-0.8051558570907404,-0.15704048278391453,0.31012129580003167
-0.29268364253388446,0.1591994221553904,-0.9687351586860681,-0.17669062782652767,-1.3685716179126977,-1.3601490214337368,-0.7347118521162643,-0.3694855237516836,-0.1518471382130082,0.05931222918245971
0.21971818756418796,-1.0626343707848958,-0.8071625371441598,-0.07862840838665507,-1.3880052431620524,-0.37770055269178376,-0.23907705777630583,-0.6945711273267655,-0.48382850874230743,0.20232753077046292
0.14760030514102618,-0.022305685347713267,-0.47875989858418844,-1.025709482434967,-0.6491428143638455,-0.5739784552334701,0.23788318717872775,0.07161181704583988,-0.42229654666883293,0.14439156600958478
0.07326810863517212,-0.43312259108183665,-0.49301843328880346,-0.9336008779905335,0.19774497002814517,-0.08753632450669052,-0.24523678438431432,-0.234295196204632,-0.19654446003293624,0.19288889733140682
0.044940653069084034,0.40245684236795976,-0.1520697795705174,-0.24216406603046184,0.7917310115302714,-0.14040860943617192,-0.39365552981687324,-0.12415371596455882,0.7371548387917155,0.3726312675165155
0.23201410461430724,0.5966191920190729,0.2322870891867791,0.5925238199533059,0.048071533177078074,0.5278873873383866,0.19573660490225941,-0.7038902662117518,0.5778589928737039,-0.3290103455299075
0.01997542265623291,-0.02033544549808862,-0.431484156632752,0.13710621847219676,-0.10857134824372011,0.2767539243047456,0.10931542079915739,0.3656598451196388,-0.0484500645840219,0.30983270416954595
-0.0753617728208244,0.05652853380338816,1.08712621283807,-0.06269697264030977,0.13784137635902394,0.5257323656494379,0.981931716719743,0.3677180245828684,-0.11935884207074601,-0.47480531219891686
0.24095310058879496,0.036093204142974344,0.6754202780978737,1.0956651564417155,0.28388260196830456,0.6771227967845883,0.05085812583031035,0.23758038890030403,0.6702527187645034,0.1036247201447514
-0.3594006663279368,0.9219161491482002,0.13563088673190032,0.9514817267206213,0.1881740605441063,0.6106651932154448,0.17865843907873435,-0.3531741012959778,0.726570193412051,0.4379153094462613
-0.09550788271421151,-0.42733805292775545,0.6846229197641021,1.2097368900358179,0.20370339161507783,1.219092588702849,0.11091006480902516,0.4305796704625882,0.4915564620253386,0.1579826987295912
-0.11008000314635334,-0.368979342916942,0.8534378291977169,0.36428671289297176,0.7742462237648245,0.7662750908850473,0.30952360430646947,0.7615156675562894,-0.030742663699754147,-0.013569262285576521
-0.24093626655323222,0.17432957299438098,0.19278594526221318,0.45915565754388493,0.8120623837560427,0.5366150765039788,1.0211028211241584,0.4406838843640656,0.03976002693995154,-0.10344403048414498
0.10559420413242508,-0.010518871123336104,-0.2677170394621291,0.3684914961564867,-0.3413288780378821,0.4918862148960019,0.8494068042722975,0.14407939812698956,0.07890099785054164,0.08543155458706483
-0.021410944795834323,-0.1795934270517798,0.4471905676329895,-0.4053600115980328,0.35091829081642273,0.7297310754955726,0.3883085211647265,0.12026174201967937,0.2471736835827399,-0.041732554990067235
0.14761009600192904,-0.335172601305494,0.2835997231499098,-0.7792489824930038,0.392463760684738,0.4447841650936091,0.4558515766507478,-0.3946541566114693,0.11556678123992664,-0.045122574599534365
0.028930907310084332,-0.12401068484981788,0.163741797648928,0.14832543553564276,-0.14218856649674558,-0.38298459572648935,-0.28261333111293735,0.1261323410912208,-0.23501562461238423,-0.20751593976270422
-0.007277139425101849,0.47127737874683084,-0.7610232833380987,0.6587862672837378,-0.08889163897691804,-0.2272204801493653,0.08889928752313281,0.22444212169262762,0.4264644402924322,0.04331351126289276
0.08069397881339252,-0.3191886191061406,-0.25574221501231476,-0.12109954997686857,-0.40181761956518797,-1.1612648911118524,-0.6198708754239131,-0.5544555845393544,-0.31132076341582793,0.7204253200162003
0.3222770878810513,-0.014468314854140463,0.14503403790460667,-0.8089741978615456,0.21496190489207279,-0.43395514755620807,-0.5330038747019699,-1.1240552888259951,0.1804481803734571,0.032281165733013956
-0.253165371595146,-0.15992184905246576,-0.6237486092605341,-0.7887010486959639,-0.5976865526484749,-0.25432855393016435,-1.2142242672269552,-0.7386554374632757,-0.6602893414476214,0.09499531183445638
-0.23810891457229397,0.0667013512347695,-1.3284049488396183,-0.29207945462243706,-0.9647546586376627,-1.1543072800263265,-1.1626795299955481,-0.32068005310517755,-0.08850988913869717,-0.2012977866656347
-0.36565368842713125,-0.6369811440476507,-0.6825810855416395,-0.406392164265706,-0.3817040930831571,-1.2140690229992526,-0.4519740222023947,-0.28328385971793835,-0.31480109331461,-0.00841557071363071
0.05062804296356032,-0.6627980650929697,-0.006907986826653056,-1.0532522170180585,-0.5069215352735603,-0.6782690761415986,-1.0426323354416285,-0.6430185223280647,-0.14252531187883513,-0.23537967572997584
-0.09749033027944844,-0.54200033484049,-0.5752906445901225,-0.9855207266131109,-0.07332923095013333,-0.2815503900282544,-0.6756638897410272,0.03537427593971676,0.13617164340751758,-0.2482734554984916
-0.29369198373845495,-0.0020755439575409207,-0.7138797596437549,-0.4060716305189018,-0.4289167768487052,0.19904010620909413,-0.40937518387963423,-0.3071336112034756,-0.3898252765289835,0.12577571399319085
-0.053606989843080474,0.6794356972404445,-1.1648683672615874,-0.07937318859055126,-0.23406210380497405,-0.41516489394401296,0.2183228246495382,-0.09425078478486534,-0.47696936192716843,-0.6641589367553946
-0.2223453542922384,-0.382108208012324,-0.16037376429233396,-0.6490854793477282,0.8256909417493914,0.11464801771400288,-0.23671773909659524,-0.09991592737533535,0.006637062505712443,0.06530692228094642
-0.11282736287154677,-0.2385429098528946,0.5936144067732665,-0.583924301601586,0.24849383177494136,0.6458151118639744,0.07499574382945329,0.14241970831736617,0.011684360861064353,0.10063054412702784
0.22800332543388488,0.018863334955058757,0.3624236676825574,0.10352346928782846,-0.12907753876171682,0.7180369965203364,0.059785269073632845,0.08960213046262368,0.31416052290262275,-0.009203964600188968
0.2032713037172284,0.4805197458536896,0.2802152316708192,0.7552366499768671,0.5388070287363614,0.09866623160547351,0.29582496566724426,-0.0609845374963099,0.32628805772032393,0.04250237925208769
-0.5699545870944362,0.6781965170816695,0.3431042594830995,0.3907979724399252,0.40921906181772716,-0.06516205590215524,0.2349108893177543,0.48173260040445764,0.225019014001378,-0.18355910400956033
0.32555315767276966,0.2937599044166976,0.9818938285145672,0.6113661191487143,0.8625118649652015,0.5326245880001383,0.6511993080630787,0.5958055865408646,-0.14116594881215805,0.2640867611801359
0.17654342737513734,0.05339610110633411,0.32090482693998584,0.6928091187049324,0.2483144932152089,1.5850833754853273,0.5454452728659613,0.36822243896291507,0.26552329903850624,-0.3213989768512707
-0.006190098816234197,0.7485323129175045,0.0680415851330835,0.7760830637791543,0.48900377208204493,0.8490949998668378,0.8750685156230861,-0.006853118557021753,0.5360219405386,0.28563454057391235
0.02062669883935543,0.5766912197251178,-0.4268200815625752,0.3331180129942719,0.985830994340825,-0.2152671463042945,0.5688450282050994,0.3348778058041917,0.3757700522745543,0.14251906411709023
-0.1770698978158287,-0.6246373976189387,0.08160541578314495,0.5920616511246195,0.45162404528284794,0.44413569381492285,-0.08488068804031063,1.1673870146154055,0.03575057875169726,-0.03063031356649706
0.20620959611144782,-0.02293029446196465,0.6975871051785599,-0.27072936439340634,-0.10910459400460103,0.8543282537757217,-0.0733337078494109,0.4389354158692892,-0.09596295092206714,-0.2832632760823337
0.17897852371805015,-0.2331554226077384,-0.14501311875808526,0.49821478736223024,-0.2769796263278544,0.04104541924681915,0.7215266701973639,-0.2928614980811497,-0.06370812754774963,0.1835143027572984
0.056487961330821124,0.3402648164286285,0.11727739364254736,-0.7713319059302336,0.02740747082096577,-0.020361979857813295,0.49531731983900573,-0.05484669999595598,0.019299283728683416,0.6326408910560958
-0.0262178089079571,0.6180761765885079,-0.2059881358380659,-0.13741999913250957,-0.13905900419560638,-0.1662899457149547,-0.6731409389970402,-0.08087784292626429,-0.5861958701166261,0.21753619370644212
-0.12214241296562776,-0.3291438426688805,-0.35821156755133926,0.08325719213041116,-0.44608101111448595,-0.05039431318243699,-0.7025749794443786,-0.07768340948241251,-0.4181124568146495,-0.24224189895291762
0.22485479799950775,-0.08214500264377597,0.007153614897847882,0.2558482531036708,-0.07589835944705037,-0.36421634127763725,-0.28581525867598817,-1.0503143345149824,-0.046455002785429786,-0.18647624293636694
-0.3130228791083447,-0.4364523583190103,-0.20394354461608483,-0.09535052551017971,-0.21583514072907975,-1.0002146894326958,0.05585511663610554,-1.1882505463968904,-0.5553612151134871,-0.0983056038926946
0.17339908976377227,0.04884134611331617,-0.003917798870290534,-0.7554772149745648,-0.13763823390102786,-0.3632907045067591,-1.080013573721105,-0.15728783106510866,-0.3855602314941133,-0.0007755779243845659
0.18965966648632002,0.11523396185678186,-0.5215769904863463,-0.8799357310756379,-1.132693890940585,-0.39453553953976384,-0.6297102563725245,-0.43994351603241916,0.04795615748794263,-0.05920496168276316
0.1620485005415762,0.10114624576311032,-0.21350178497081437,-0.613784605290539,-0.578432612939868,-0.6093998642173065,-0.5426072051523403,-0.7946891739135271,-0.006022014625416239,-0.0202173653749874
-0.08045180019696214,-0.41747547865207474,-0.44441829064837635,-0.47725019541905234,-0.7698531842529021,-0.8473242754028383,0.11429512743460994,-0.17577524272494863,0.5379088894771828,-0.13588045729782447
0.2112137697492794,-0.9635997422516667,-0.37726439653136656,-0.8189713104198975,0.04059475905603016,0.14600675214231384,0.13613866291254706,0.39474030292438045,-0.2200283139164577,-0.18513361652270932
-0.3415045741280926,0.35253933621102757,-0.24893511835597948,-0.4543215182943341,0.11891458719563859,0.3182982510742717,-0.5536966897507916,0.5877459626429307,-0.3826374849732649,-0.433883323467109
-0.1211910907193001,0.1470104353216224,0.14159791825603218,-0.03078994771444561,0.1007777090245451,0.40983415376148624,0.9115439745817469,-0.23422040087936494,0.10847953050221193,0.4710890932747696
-0.4102327956837784,0.15590301106138044,0.6614890669245533,0.33908119065741943,0.010602577442154981,0.08738596268958404,0.6672166521405184,-0.7299111824747093,1.1044949094785292,-0.023527928691973662
0.1328334040850433,0.26899438460494474,0.8175540501041058,0.6950117364615216,0.23605042296214035,0.7077620829284298,0.7964201320728088,0.3910787042498202,-0.46756430146016603,0.05676528750353747
-0.11213032321204541,0.06898552356265658,0.9822748765486982,0.7200650332938454,0.7412458025494618,0.46212431176862306,-0.0035834024612241555,1.6405855285090263,-0.7983972732675413,-0.3886915867431616
-0.23834874400021103,0.37899042315054177,0.28177372147915036,0.9503486148138449,0.7152419007107944,0.7186135979112296,0.4326254172448474,0.3389569345237662,-0.14069314058131577,0.0022506964565369813
-0.5775321048260841,0.3007259179953484,0.7336549582747562,0.6791190700181045,0.6233754992057237,0.8817892714880938,0.9230041496700504,-0.4311220150092902,0.0687194802433665,-0.2587727478536862
-0.31955962862683934,0.3720818484034196,1.4297486547480565,0.7551160088938638,-0.08923603845396055,1.95531558311954,0.3374886389662087,0.5150834208940969,0.14537979442373206,0.007883442057374535
-0.3492281151520661,0.17675731746641976,0.685007029659865,0.735048965136001,1.2310006010556886,0.7556255986187796,0.37562678206270167,1.1276638293216104,-0.09904073818111547,-0.011819157909079009
-0.6324650865371979,0.19264655322300317,0.14784577238008412,0.658576517917754,0.8996970141428704,0.6867973557086262,0.7972363206937958,0.8143384131075507,-0.2425060383858374,0.04289130921902201
-0.010944881137895922,0.34587399138722086,0.49089709050149893,0.31526007597954075,0.3194980809068948,0.285627607080476,1.0526598083018255,0.5462188378274814,0.31536230288053124,-0.4140369372748914
0.1311832953201062,-0.36443185189220717,0.628108876534038,0.4124052336336116,0.5123529854233629,1.169273406974344,0.5529313767111445,0.14941272641933534,0.7552188839926036,-0.10267646627231813
-0.3085794524485285,-0.2610361507152221,0.03819690590025973,0.12407986931158907,-0.19536569331393755,0.11728310561204558,-0.08731765301951835,0.37816187472047147,-0.01968644314183493,0.01881179706199331
-0.34137311611867166,0.34262011747209775,-0.12662104527768325,0.416432231132711,0.3320398317577654,-0.22086037873348202,-0.2791349281916491,-0.2341790439368256,-0.4669204302470945,-0.15346295151833758
-0.16637002481127652,0.29138675738327524,-0.8581439262677582,0.2587948017595409,-0.3195365756040719,-1.0536426628411997,0.5783565991215671,0.04907404651906477,-0.7999035510708346,0.25633165286432286
0.23784960605740568,-0.4162783161677,0.1758694646375503,-0.1886392686637822,-0.4683566907902813,-0.7349678479570652,0.14571777737093483,-1.0452503091823189,-0.18573077813185518,-0.34707408734687406
-0.3499219030587464,-0.3739706320691905,0.3469012194907964,-0.2607683997378829,-0.4046435353156896,-0.15286973745631277,-0.5287948585605712,-0.8233044630476734,0.13236700834314857,0.11195612003648636
-0.044669182049244874,0.19896484912904738,0.23426722102797032,-0.33980944668134005,-0.24321753993139592,-0.49482148217910477,-1.1428368009009253,-0.3531535729428865,-0.3511825371416063,-0.2587931699063366
-0.29452641754831904,0.4617406165931907,-1.0976652484467493,-0.32868671988699705,0.20469351041770412,-1.0370524599179842,-1.1273891400574063,-0.7363620098329492,-0.23902799579067638,-0.012276299901926179
-0.0908503415609325,-0.2770109088457915,-0.7328212088365056,-0.2228754605899959,-0.694422510523754,-0.6816062876937043,-0.9194579457388168,-0.7250178178968522,-0.38319569509956386,0.13390359440216273
-0.01930472969146514,-0.2535570424587564,-0.2906705568263376,-0.9227968279201787,-1.4884547038987908,-0.16756959773980223,-0.7906483576061742,-0.19985763256843414,-0.5692986215468636,-0.14291175553867017
-0.12997537102391532,-0.6728516713799104,-0.015086810058280789,-1.2513562180997782,-0.6159461754038814,-0.47068822241129293,-0.16485638170615508,-0.17804903034417713,-0.03473582589608174,0.16228472683597325
-0.23482533535173244,0.38421713769545734,-0.6754709585460058,-0.8973884329269088,0.2774115897576643,-0.01995410303137435,-0.4295331611747241,-0.23668517648888338,0.01883194786824889,0.4992120107315032
-0.03338904939821427,0.18073362408620997,-0.5043609781079625,-0.5527289198358749,0.004161398632683194,-0.07727075887475901,0.5070066494514571,-0.17688282983028514,-0.17280474740688012,0.2870056829975181
-0.3086490708824267,-0.14039738692824114,-0.29393463011086257,0.4070557004603983,-0.3480158115141013,0.14191412422581962,-0.19307521529461366,-0.67302178578814,-0.3001234493599089,-0.08309140801909161
0.5414726078896703,-0.6143502695724863,0.30630633149326775,0.0942170910908738,0.5738354337744818,0.02337240273725133,0.22784302373460796,0.09509089495750542,-0.4309606027695365,-0.2873412293327797
-0.17715397432863905,-0.23940667136080906,0.573374334305911,0.06053736198910484,0.4200261491747274,0.08704925161907537,0.0895932895734026,-0.068696055466603,-0.0747984591296164,0.3442877377628594
-0.11732927779721845,0.7445449970710533,-0.1446368492855939,0.735339094883992,0.5525938007380576,-0.12873946672826453,0.3812519576370395,-0.3662318199528528,-0.16646822571243053,-0.006677332829343878
0.01740698158585953,0.40842203381360065,0.013543421973541081,0.5061954254633804,0.6024054377873297,0.4246683001558311,-0.3344363856605855,0.1588045418881511,-0.3274412096196381,-0.21362278760210476
-0.14524654242644663,-0.11639558021473398,1.0455301033342765,0.37029555240033535,0.3823889335587877,0.7684281034823128,0.4795987451571687,0.1354656566500797,0.0405371903204291,0.012782347773350754
-0.052393855572874154,-0.10303943832250856,0.43456103392582296,0.4881792297986862,0.383135771772963,0.5339370855812148,0.7327516702034427,0.03809054749116417,-0.21500963878724016,-0.23761982970170462
0.08074441029268557,0.2752429052128658,-0.1511820626014789,0.5418292107412449,0.8480885063458649,-0.04027189515661905,1.0783944648720287,0.5651069129897539,0.8780831739628719,0.6700133473379141
0.37514294294025163,0.6394251489070657,-0.0350230598086988,0.49306708564393575,0.23957453070890927,0.4061657898523142,0.8915076180973491,0.3456425368539564,0.24331901226646446,-0.45119856875548003
0.5261578315084056,-0.21961023804775692,-0.014781936734883816,-0.3232550462149073,0.4246107678708374,0.1910760075049438,0.01029355041905275,0.8746874085340923,0.18929688350162016,-0.3622902883941706
-0.27842029557114356,-0.15077432069338081,-0.2617641392519333,-0.9175707464298037,-0.5398474866673131,0.5716562647051092,0.22222584740162968,-0.6059686911637953,-0.2994009344231362,-0.2206335618413436
-0.5387842925641828,0.5267025384503616,-0.17586964984211534,0.1313187850391575,-0.5349012835329441,-0.49735061908866884,0.11079326758874272,0.2921834529059391,0.08512271598802,0.13287453000957375
0.09519763716222439,0.679511172931865,0.008622002790252214,0.05182871532597323,-0.27562292969475627,-0.748006463875958,-0.5764370267223362,0.030144196544761154,0.12113417772231028,-0.22196112029899215
-0.6620323176573144,0.27469816284247944,0.13709771298687476,-0.6937190733358157,-0.4423372214533098,-0.16050316645966695,-1.0632791781314743,-0.3921104218940107,-0.3581317903994181,0.3443254452201644
-0.3184930610952361,-0.10025629298795143,0.958153195720671,-0.9211639503551419,-0.34782179100979554,-0.3396630861196193,-0.8833607005640483,-0.7995376612459383,-0.11005807491492924,0.45409076545701604
0.04829915013753059,0.025746145979510256,0.14678034131757167,-0.5363606162091763,-0.6453603963744721,-0.23357017075767533,-0.2692467005858229,-1.1993691559626276,-0.490259302665109,-0.06201225243108509
0.11205084237421456,0.07224559658633474,-1.1208619571022527,0.16850714017182863,-0.7097256085887412,-0.5775601528956178,-0.4128835836051643,-0.6380540180471358,-0.8159995314749248,-0.17363158044091417
0.22699797519597675,0.14200165623543548,-0.6083688195781116,-0.5172315272592779,-0.3489963710411464,-0.795484181304994,-0.4993179504325261,0.18249498368638312,-0.663075736461791,-0.3374054084378596
-0.6730049983046925,-0.6952774600602402,-0.07370501530562293,-0.851119492342978,-0.36014767748030874,-0.6305518648415567,-0.7589913850350724,0.19038067882304033,-0.05537991589480973,0.28244675012484427
-0.010490527761658656,-0.8081298929994662,-0.08920416004026638,-0.4958739135778083,-0.35834791609340855,-0.6594195445677598,-0.3567973719309907,-0.7726263561375649,0.23552171109489073,0.11458924568238364
-0.19325814348586437,-0.35925878468671707,-1.1468226445315532,0.19862196642217608,-1.115393711281194,0.011329385199444125,-0.1725454337853678,0.24783444650948397,-0.4426008400421484,0.04110136342891988
-0.14189477526156033,-0.011034156876069874,-0.35222236345787217,-0.44472556311618344,-0.06277945785026488,-0.022708139615453482,0.526900084571311,0.22482808764646983,-0.2124274684826965,-0.060255353237242695
-0.11819049139337531,-0.4308003286269758,-0.024547278021574734,-0.8965186866841177,0.8120939580805724,0.2962468074433992,-0.2215734383148453,0.6899537515398266,-0.12653417354036717,0.2438871980326861
0.25430213844415184,0.07813870928433936,0.03507362520823512,0.2962556099524992,-0.28974070186123224,0.16774655615327178,0.6070862846600574,-0.0900618804215616,0.08007810174235541,0.28453114956943015
0.35577674442618357,0.7022785841974712,-0.07785893000435139,0.7930881404950265,0.4497877192466156,0.6977254063790894,-0.44123529972607195,-0.6410770267076138,-0.47617934351540575,-0.07618171874534584
0.021342172888360753,0.31337388535280253,0.7752668916262024,0.7739517003760923,0.5611046985034652,0.23285777951174153,0.044935219183280875,0.7224903026112542,-0.006641992588677426,-0.018818035019565176
-0.2314074118400399,0.06721510542254061,0.9407335961070211,0.3385372676242741,0.841026153468846,0.12107960074413383,0.054221988182596215,0.7467218346656306,-0.45122565679005133,-0.22843744163671081
0.39576056460434494,0.7853689112103095,0.960203562278888,0.6113650249586796,0.6683172684644321,0.505824497290994,0.23943887202313605,0.3074523486334302,-0.3419238019486417,0.22401591318091427
-0.2741959662048025,0.6316604868997414,0.46159390523948857,0.8932196183245985,-0.03487271460559205,0.577849894457319,0.29456695384768483,0.19266520816259614,0.6385338677982688,-0.02985909914645303
0.6966702999137881,0.18889975249375593,0.5720239132064592,0.24495239488196627,0.687889084414753,0.9857207592074784,0.8625904784968526,-0.11419521995008006,0.7318690810669047,-0.1585244496661901
-0.17469107961034294,0.2040468203775383,0.5362201333704741,0.20815480457461732,1.208805309428892,0.47702558331151534,0.7834150374454788,1.0412976809520282,-0.11464031268567093,0.4324145773984701
0.10100381350756894,0.23371789012869587,-0.29111018687242013,0.33001158494083604,0.202364813127657,0.1923408469533634,0.4324511369006813,0.5871970058862453,0.04548423319016951,-0.5238818893345515
0.11749753747976698,-0.03016924758962805,-0.26178677472617473,0.31927654267907934,-0.035269751281492734,0.5198460313039053,0.689276208879162,0.23601271636649807,0.12768894724037996,0.16873647296444913
-0.3518142013545198,-0.2058213083353081,0.07267827830471321,-0.544328697825847,-0.13048017595945213,0.4558925288882554,0.23108472489806095,-0.1987394373272035,0.29120540481815116,0.16658501225178263
0.3377353702814104,0.20670037493696797,0.4587802829416918,-0.13542524364489122,0.4574988181173305,-0.3065463657089063,-0.6752463099891987,-0.22194254053624235,0.14371827341150523,-0.4397777502811081
-0.07596207838996945,0.3006147061741481,0.12025295202146277,-0.2717653332351886,-0.043205129264232714,-0.3134202731596585,-0.7735430107146857,0.020203556461099198,-0.3879794153875577,-0.20068459409494577
-0.008893419117750363,0.22436682232217206,-0.5305105789315274,0.602194416360156,-0.7558786207695877,-0.6110511813424577,-0.35913942620681716,-0.6116183826613729,-0.6993350353731506,0.2687029626059411
0.09213051516883485,-0.6225373614249384,0.562843808235584,0.412314618095666,-1.2003196438644625,-0.494419142267695,-0.06339343243021028,-1.0451199114572385,-0.061166536367820615,-0.11030303016563356
-0.5386264650014088,-0.4420655175533039,0.37275600016639243,-0.8754377690231209,-0.5318255035163394,-0.6499096072880842,-0.7340662449832199,-0.9491695230888537,-0.3164521620116503,-0.10425371941541826
-0.741288629892169,0.025954701917244832,-0.48175815978828274,-0.6661365926962444,-0.32923540377248145,-1.0087951660736103,-0.8012167043220383,0.036388491987840776,-0.011991007511762852,0.035632165006096214
-0.26032489452630536,0.25830530123221385,-0.6563916625435053,-0.18511824121662712,-0.366217628945078,-0.5163908331753808,-0.4613373551215164,-0.6571477664648174,0.030703404653855487,0.34364093197391643
-0.2178401791629769,-0.30414136701145944,-0.8448122180947357,-0.5708019859835628,-0.8996768145830032,-0.4222235006835735,-0.21050578660878566,-0.6056275095438086,0.3895334605240617,-0.010701650830410185
-0.05336334729339721,-0.9097419785322715,-0.5807211286502865,-0.681815944395807,-0.953513450603261,-0.06736876426497707,-0.11718612260759463,0.06863745298749838,-0.3809094523787636,0.09164983712410919
0.3199756929563221,-0.5432603585076523,-0.4711307920741327,-0.8810681505123156,-0.22077183161658212,-0.059105343597241455,-0.6554345933336658,0.6604594832162194,-0.3508806746092752,-0.06928704041142683
-0.2801047858633112,0.1893479371535714,-0.3136079853159195,-0.49275925702838075,-0.0662618315134747,-0.4908664942258131,0.0746774094600964,0.09664016659156485,-0.16558575096552036,0.4579619692334157
-0.10845053393723168,0.7230815309136653,-0.9186920637402757,-0.680493164031021,0.4091232950232218,-0.09566983729048092,-0.03873015297894111,-0.3039011286986059,0.23466482902074684,-0.0758656636121256
-0.16303002023947813,0.10220325290611572,0.5502227394425869,0.11933887489529205,-0.012384938663892231,0.009406599815310113,-0.23455778336377092,0.1979593299306814,0.12290789180629053,0.019138608327306756
0.14900444229501297,-0.4978393680656781,1.1656059857314363,-0.22464699847369715,0.5601819762930391,0.6460737428324026,-0.10486996953102401,0.3575367372265842,-0.31348048726047006,0.18780598396256806
-0.03636092921551516,0.02512205685355179,0.2650734239064702,0.5752704055596739,0.5589383894153857,-0.30068181820711426,0.0804762512641602,0.3639300253664311,0.5716776949068353,-0.5477074353219065
-0.14664595013313003,1.2265334070603537,0.4919566914961712,0.7054753210117433,0.2818925850280112,-0.636055387134198,0.23413917880402135,0.07975188651563167,-0.005837070232581343,-0.24663270098214388
-0.2764724347955136,0.6070606555006933,0.7468982031303232,0.19050885414512114,0.6113615388625933,0.987030113483748,-0.058955316205302866,-0.5565970012998865,0.40749741545603946,0.1331072819683665
0.33868129512308576,0.14626638738506323,0.5881619522016123,0.6469880879520404,0.5562502472584593,0.937413385776819,-0.1962910203868698,0.48576451580127195,-0.1937302258554267,-0.24176324051988335
-0.052043116185267545,0.4682823040667513,-0.6527285020100655,-0.03385947324223515,0.22853432547470215,0.7266036554811695,0.3467747171143068,0.08638309427259944,-0.06278353517126542,0.12161978673923866
0.0741700845897734,0.4481961535106561,-0.2793527944304453,0.4386133992912553,0.25820183135254526,0.36333931472349185,0.5671490710684053,0.22311018293501703,0.08402945302669182,-0.05471290036681273
0.10165503592518536,0.1171017652813161,-0.22561687411421114,-0.03582162809759592,1.0411812406349488,0.674967179734502,0.43801765619444577,0.3381585420234118,0.2717450387001396,-0.16715419910782045
-0.0370318540439627,-0.47542913106288376,-0.0793924130896276,-0.2799830940579547,0.2962160428187664,0.8008655594160565,0.11298038357048514,0.6385906961376634,0.3988506347199067,-0.003989904130515061
0.2972706133358814,-0.3481905243859995,0.10112006221640665,-0.3865734238344254,-0.5231499546813612,0.3615848510555444,-0.4133216115078843,0.16257052467856747,0.11529244944990658,0.024050081607551222
0.6079539186348523,-0.5443921983987554,-0.4677285059206243,0.18833023183832223,-0.22116858681587032,-0.7458136940228588,0.4733696324328682,-0.3190392027739767,0.4819434245639742,0.18624133627766862
-0.1394690715195851,-0.014931449827778193,-0.34520414807158595,-0.3060486177104746,-0.39245470144894806,-0.5271144026198653,-0.6195633642706557,-0.3660217800409725,0.17078293349705637,0.2367506093641224
-0.05963446852872454,0.40293005028499285,0.4581243112576753,-0.39992227640655353,-0.6083768096224472,0.05782891374739085,-0.620917921430483,-0.5367171874590778,-0.4190179156941036,-0.3591155996515241
0.14219195193292086,-0.013578205463595894,0.6829082521464038,-0.2540658476312437,-0.7786570846942027,0.4308310184679165,-1.2910313640345992,-0.8040730441484191,-0.41097129976309127,0.03990875160740915
-0.44395264729659223,0.23976354154603408,-0.4496557425070461,0.13899873622252196,-0.19597055214449838,-0.9444796885428033,-0.21794014684355173,-0.6215687566820246,-0.1747903665028306,0.025328179104844393
-0.2614207019062108,0.21967916913786115,-0.3829072074230726,-0.1760089189264306,-0.6207447691798298,-1.0990155503181458,-0.14108132276946908,-0.5591804534255912,-0.4273015020402608,-0.0768922590063666
0.558762594893205,-0.584944670451464,-0.14191511683193522,-0.15174977318863644,-0.3267026977808239,-0.6856697095369456,-0.5553006375190792,0.2845900844245625,-0.28685399788726695,0.07820811557310878
0.19483886117196966,-0.23754238428169902,0.1555709157756036,-0.5233050316256123,-0.8522151723218045,-0.11720957475025293,-0.43509683685938877,-0.000483710080828436,-0.11493403278661074,-0.06537557232634982
0.03972204100805616,-0.2726823820166556,-0.22199373553087348,-0.5870424742344639,-0.6261858638574819,0.22944993842426187,-0.02860318318709118,-0.33145682242004365,0.30409181731993595,0.23584021818495193
-0.032704768797555885,0.02594094090175593,-1.2540313861248797,-0.7267194435092634,0.41633513154515256,-0.9479092516819421,1.1620071588562446,0.4895717728929355,0.7463634853090104,0.5650913711618645
0.21726165142822804,-0.489945694089997,-0.2628265103307955,-0.12856507687854546,-0.0006662301167561363,0.017066499299355765,0.19943403861265407,0.8618811400150153,-0.5314020813715921,-0.21054547980308713
-0.08298414523441185,-0.30686736581245,0.1336749109126067,0.10579290864427218,-0.21693139124050592,0.36179348792455807,0.14900552159623004,0.47164219270186414,-0.38983738413447616,0.4562707712813125
-0.401052907137168,-0.2650910005815906,0.020036504270163735,0.2646337912467542,0.7274942568352845,0.6580852325066824,0.5955423355745152,-0.12379309265619555,0.14813125895356732,-0.25568055284906954
-0.15243070979672857,0.44910643683995055,0.3113800566796804,0.5582482817056484,0.36227390394763237,0.19098035358412474,0.45103159891191247,-0.3306896786572028,0.487935277878476,-0.011360552576109595
0.09029497297593415,0.4627531098912996,0.06438869560331256,0.8059077921021621,0.7354642522239667,0.6284658880711598,-0.2809661938798196,0.06916570338939998,0.10857258136796813,0.4388804596038785
0.2364837853647051,0.5836842852510965,1.4283679250848922,0.6155870501912186,0.414595227676109,0.5222697757964648,-0.30259946959405337,0.6212000029478337,-0.37225295534598124,-0.056719550653881526
0.19011901826800146,-0.5332875612691321,0.6195951265681894,1.0100189480704516,0.31223423888560625,0.40921671099518847,0.697609927605789,0.22963013116608144,-0.09139595059535177,-0.2320869508905591
0.3178026580306617,0.1165107676855246,0.37813079166155106,0.9635537048705529,0.03377256787884281,0.3348972903025202,0.8623790340166431,0.0764049866611621,0.7667043855962392,0.6040869183699891
-0.21359419424844808,0.1758577014014644,0.08421073051228663,0.6770551837568846,1.0998514760896205,0.9593386264120436,0.745539149616813,0.5188402469827059,0.30473078482508287,-0.34611565826865515
-0.2660058977252914,0.6591267060638744,0.0021543547882556732,-0.5148923047676549,0.7400962240631758,0.6881645546125112,0.704293133531727,1.1087646819381753,-0.527729006988029,0.022339957064881125
-0.5556007686328256,-0.5183989803457585,0.22331739906040485,0.382640904684563,0.6627236647191641,0.08107990250847175,0.8558363075823581,0.7027755982524659,0.24246101315870025,0.19523291755544656
0.12713851021691935,-0.4330854213983587,-0.08576047164057177,0.4391086867936842,0.08892264240190048,0.38115892540708635,0.6308692883073816,-0.24944239046557293,0.3092791272987439,0.037255925494856505
-0.2546452413403613,-0.25357674479198666,-0.037692968861155335,0.2950372485564338,0.08144778405059233,-0.32991240539658817,0.22374899624816436,0.026265674231443645,0.3597193385773968,-0.2793395266057903
-0.14375794535063474,-0.24527542633324412,-0.1806026866187253,-0.311756938706428,-0.16079684888960927,-0.24197461285198232,-0.6342215712856647,0.33072396025371875,-0.5656208018206583,-0.014339760341836094
-0.09636624739117322,0.13308314418602832,0.026182102670140105,-0.5941690856176577,-0.07976391539030987,-0.5792050726139928,-1.1175476438917906,-0.43664073422769584,-0.2956067198848351,0.11570687875884561
0.026263368463781443,0.10360527327035764,0.11354733043985105,0.07133711187656824,-0.800606372952771,-0.15548976934749797,-0.34131189757115005,-1.0674795473818093,-0.0325060249001123,0.349618187741319
0.32672731762215323,-0.288059265468884,-0.0868215839945503,0.07140689758367763,-0.5803801975857272,-0.1543236567196588,0.2161991906389452,-0.7508545882103161,-0.7732101044941975,0.19266846375493293
0.36299682922620896,0.09313988573916443,0.46982305908610034,-0.19994078357876388,-0.6437119960008285,-0.5570056927104532,-1.1537378689400115,-0.4470560436713863,-1.138497893006661,0.014881024319621143
0.02989846910536375,-0.05784252895496135,0.2793196200330103,-0.4566545693189241,0.13258584899882533,-0.7588439054271197,-0.6827353391334305,-0.3239746588816257,-0.5238800436959462,-0.10047850108871056
-0.045602730741493167,-0.5099177029620494,-0.32620003977414613,-0.1852820463386067,-0.22788979874092158,-0.2930265033001064,-0.6826056381008666,-0.2732274603282102,0.22220980454289085,0.016835429492409387
0.45185705844670043,-0.23169121316583297,-0.300629729212764,0.21732980043452504,-0.37358927288779625,0.014659282419536568,-0.47149944050837755,-0.8751082404676428,0.07220161701369684,0.22684893180956053
-0.8274042211815112,-0.5143406747759637,-0.08675360230570275,-0.11682454237477902,-0.5252284396344862,-0.021577894448025964,0.2134663580751505,0.8172094982553819,-0.3672434919920828,0.5187377778039288
0.14846455652049903,-0.21075110150483037,-0.0775929554785856,-0.1770265154823466,0.026446665253443108,-0.15302619958235048,0.25436666890150433,0.40810254704362103,-0.11074305566857029,-0.08338997392651519
0.004869023343770732,0.08215510191266932,-0.3434928917788331,-0.18340484940740692,0.14403070639426002,-0.00978545103497569,0.182953474851075,0.17757988423888063,0.4058191961574257,0.13172213582631243
0.019199790345177246,0.5931423395645736,-0.5782982044704317,-0.21476344424921895,0.3548928138188779,0.6246144017299156,0.495486256926312,0.36834626388349145,1.1909740941528058,-0.4619587236311641
0.657877973560859,-0.19410499235575326,0.41018129052552044,0.7871585729268864,-0.7017373079607623,0.9346282649493238,-0.13066608403018626,0.2305641111085612,0.353203281731015,0.5023261591132215
-0.025873704505833397,0.17778140141409002,0.6165014598554206,0.6822352576438063,0.5238200785942224,0.32803819566060577,-0.22544639286391713,0.7287981474257803,-0.31386224662325096,0.03352865041436337
0.0033383833219105584,0.35799641241990054,0.6676479828530586,1.3110642925933318,1.1256542097625704,0.09410079671341409,0.6910275992361694,0.4086364745062587,-0.4375872386127545,0.4511381348815138
-0.10517398114282224,0.47643900033027614,0.17391567324835547,1.0774350187093409,0.7178756066726464,0.27613650542024504,0.3787388269243508,-0.7545581466263971,0.18577478704628964,0.004311825447991992
0.0569351564960188,-0.007517721134181254,0.6585231486982103,0.8176274999437493,0.4735431459146826,1.1346512898554202,0.09417249603767039,0.08994372132576418,0.2271927667260887,0.38991583338807234
-0.1188779926030518,-0.6909411417759607,0.5121653065744768,0.22465419666127917,0.30657032680963625,0.0790365004693096,0.3158576036394825,-0.20708903303112197,0.15374541491072366,0.2383988021745614
-0.14925810182095245,0.614537824894001,-0.5502959574107009,-0.45678102168517054,-0.055334345608186286,0.3765490983265497,0.10922103445540066,0.1670306252443607,0.10388002921663654,-0.20829652474825025
0.01060748006230233,0.3921289262593092,-0.5204034034484449,0.5402186817882217,0.5486378141584761,0.07103015382755065,0.819421290078332,0.17395358792264998,0.2071278856973309,-0.4363139833840626
-0.06373117124169317,0.009746716847190404,-0.25225536405303906,-0.1807605650107702,0.06266923252185641,0.6505212756896803,0.41089212652464835,0.19252456686113678,0.14495149678827218,-0.26453142975417254
0.35707291802268165,-0.3028051026831534,0.7757955871359143,-0.8642858856289901,-0.027674980023529472,0.6694518613491056,-0.1987675770071879,0.014984622480424564,0.03227845551520181,-0.34225807652467416
-0.18270671749576814,-0.16572934911024412,-0.42113649874186554,-0.6448985505134187,-0.7318186331557852,-0.27820821488590125,-0.13368433562921753,0.1915852856787985,-0.05810974368546513,-0.01374007871655577
-0.19830618830330263,-0.04553760171376528,-0.9167639766610829,0.25271806341174297,-0.21823984933861176,-0.4499754302919407,0.07206741026930967,-0.058776127286786675,0.22912269500066784,-0.4620340614834276
0.4002646111823124,-0.219902606912955,-0.3197635833351664,0.5086871139231365,-0.42780548930561113,-0.7496544298775043,-0.4654879590915466,-0.43242086539683516,-0.28086131350475985,0.1987793086892951
0.0707262868837363,-0.20833190355926223,0.33010785012697225,-0.4463905281417819,-0.7134390754836855,-0.4703334879072347,-1.1609309003147337,-0.9756370009614688,-0.3247613059962197,0.06275768658637511
-0.20759868447938695,-0.5671988568439685,0.11262190755738533,-0.42443884331571835,-0.1738730334651421,-0.2006837890621888,-0.7822834954789002,-1.0665214330376465,-0.10112220668148547,-0.0469570894636268
0.013314441813414284,0.380920131771989,-0.9755910257001277,-0.019311438127251612,0.0565454348335202,-1.1286436497892534,-0.7321183614886668,-0.5167833480922255,-0.5018227925300195,0.009410382105984988
-0.21684935856474435,-0.20817960449058232,-0.7092514482574693,-0.20268637477288612,-0.59093727864736,-0.48437908321314016,-0.424678403893568,-1.0271608302461266,-0.5985951679944745,0.18529483970503846
0.35508966081341176,0.052342152837366984,-0.13485683376364985,-0.1780406142362314,-0.4584326105918197,-0.5711449055791739,-0.5455253438363588,0.12881419058303503,0.3103826205301444,0.23339292799545755
-0.17208465307501164,-0.3015290233592242,0.20005601710471588,-1.0842002615427262,-0.8153871094238139,-0.744940192907773,-0.5360916090846752,0.25638245472245474,-0.21471778831486985,-0.2568467247220486
-0.15986555603117547,-0.19969375564078445,-0.5564483842837112,-0.03195202527097557,-0.32293445956332656,0.09320939808171066,0.09649278075658821,0.11756346722601041,0.2959455582717615,-0.4057653802698308
-0.32618933385942794,0.5797596341081965,-1.072413191224393,0.023110432758245425,-0.333841838776491,-0.12817602333759687,-0.24070553220755203,-0.04987022930854812,0.05220057927499208,-0.27090179566005484
0.04363890478668168,-0.2192409263964646,-0.4595105739344901,-0.9152782829033078,0.11580755580774892,-0.08595769913625477,0.6825521551181819,-0.06197384331692879,0.26652959489841777,0.5073478988546992
0.5215456744007749,-0.4224396379963995,0.276791992094738,-0.48925959686251835,0.25156176037128175,0.302069647387491,0.6098018823199669,0.5785327426563676,0.18034509581191346,0.1606359040492119
0.281476991269524,-0.34342106921132676,-0.07601411855614792,0.5811257503980487,0.08460974810566824,0.7081157784631837,0.5965051410404126,0.28253519847758196,0.6320406965256787,0.33167721966106917
0.04461547309777939,0.34119622461540666,0.07034197221846389,0.9159060776564365,0.16211737799908926,-0.021411551270446805,-0.037461944458853855,-0.7486496871898827,0.13300908140938042,-0.5201993699324584
0.05444615355069001,0.8307594442062529,-0.05133167198246236,0.532588293695037,0.5017625189530507,-0.7512494633659412,0.44484854631797277,-0.18745636523506118,-0.45943923535292897,-0.36272864215268413
0.09710278969278144,-0.07715403111286467,1.09031932752681,0.6824099951064727,0.6814558560190249,0.3181785483746231,-0.18464151632881343,0.6703159213700398,-0.20787367453502995,-0.26694965259982895
0.49589693018828296,0.20103889790015925,0.2820405355811769,0.9262064044653229,0.0772401677325202,0.2892261255077401,0.3079480289267004,-0.32291688334226665,-0.4221665493189623,0.1660006986756326
-0.09022227597818938,-0.25852068777678283,-0.271094198020381,0.9394515179534855,-0.00031438465575452795,0.29093642994685687,0.5629469970808686,-0.10988319644821216,0.3119469785702481,-0.4199801629887493
0.24031923392479884,-0.38835295968970623,-0.22247575262396044,-0.22400888336614785,0.07728668960304175,0.14941174145303962,-0.033024474391460445,0.27071620778755345,-0.09122956028028587,0.05883956647301063
-0.8761721967304799,-0.1982793979272584,0.23242860892862968,-0.6280313875913905,0.162272367390221,0.00017816440411148882,0.3155210818065467,0.8642250183595261,0.24606337131699776,0.31455718615874007
-0.2340374362931083,-0.729747408517784,0.009202656455675806,-0.22483906801727552,-0.636356742487808,0.3811413940031223,0.24701273473375665,0.3000710059760215,0.6491872847723341,-0.10247430185636373
0.20676670970423286,-0.01613764275955401,-0.4517845770999766,0.14136529854876317,-0.692655867242564,0.2140076993123225,0.4409707229020364,-0.4661619651597486,0.5278742216357529,0.5184529559677287
0.27305063506598404,0.5147214567101197,-0.5085066175740705,0.03390386339210638,0.017445850604261515,-0.7162045752706647,0.029562038643035915,0.05097491935723752,0.1700864705356261,-0.17483134119444205
-0.05605644767573086,0.06596588834900938,-0.4086706463549366,-1.106044255478331,0.15798181832190372,-0.010318700056249797,-0.2988869635948219,0.1356442540377313,-0.2901815957072614,0.04272111132718173
0.4071372268857907,0.3504577910601538,-0.38401545415363514,-0.44244571871984695,-0.4364184679562051,0.2575665836729719,-0.38036093777739044,-0.3650156873301201,-0.24143543156272987,0.7760522633964603
-0.25330280461106613,-0.30702780983795436,-0.6161589379699149,-0.01010565140722633,-1.0759680208857374,-0.16330401626633392,0.024737370616097265,-1.2026153738173218,0.6189048350594082,-0.07996339758325852
-0.07617324901040215,-0.2482963471579825,0.05618739378259453,0.6513427310124409,0.24483532941248065,-0.3195018531372406,0.0068459161488285125,-0.706787552143247,0.22731407332907533,0.11033301520028181
-0.2796099823924902,-0.16918557382817545,0.20908470602128892,-0.13107365120513106,0.26960004635738044,-0.8573324637086256,-0.6252869629453994,-0.45471099835295703,-0.8416958907855154,0.03125647142348595
-0.1730332751635146,-0.6435614712101373,-0.6608503185521543,0.044935251395739506,-0.2985779714933697,-0.6273352048968922,-0.650287950754837,0.6307481545456932,-0.2944506413273158,-0.43288088196075686
0.4105481811759155,0.47409274041805405,-0.18640730028767802,-0.5702752316235888,-0.8965115393346481,-0.16755459014181143,0.25752136998731523,-0.6184333857894435,0.5938077420095504,0.22015625444166054
0.036645557040302645,0.34450385114098026,0.02185054733088926,-0.24331818067840613,-0.17298907329156615,-0.11207049240982268,0.639154834816656,-0.014146889807873125,0.7359485412159926,-0.5807525983822217
-0.3552116439270098,-0.034611787585809906,-0.28697910156923656,-0.22125519991427964,0.20985389889969897,-0.021755025074901582,0.5518085243910968,0.200458645352744,0.10252606871244387,0.22768305850700027
0.297000143447808,-0.032017489032897806,0.07701421311811957,-0.535026278137152,0.5416151100992137,-0.14224550639433578,0.21223354546004072,0.426285400199264,-0.10249056824058785,0.011674361663846026
-0.0008302789466187666,-0.12663173114535967,0.10440847880492066,0.3078143617523559,0.2944236365361853,0.6845344686805148,0.7941216992656501,-0.09560426147416601,0.15788325153125327,-0.20389290962769974
-0.20210025776570284,-0.34143032949139707,0.09303984184679456,0.2341637763505231,0.3818708012561757,0.5577562241001858,0.8345295764487388,-0.12934357036024768,0.2436008082503694,-0.0781826297252326
0.5177250721401053,-0.07129748001163996,0.22083710381019472,0.23813605436307603,0.8547722701608891,0.6296416099046175,0.2750378614719146,0.36682028480612866,0.33948591367709724,0.40001832878786664
-0.1255886133935633,0.29046949165065916,0.5024504978755946,0.4021803331753828,0.7794681510654259,0.7920023575401525,0.4374531562229078,0.36198259343360656,-0.29851309955520733,0.17469611675633223
-0.1777001839424866,0.6114235294520156,0.992728645086915,0.8219191465271272,0.5008466165521713,0.3729764503584644,0.24291644200206658,0.6951071259122765,-0.18062173203885373,-0.3148892945616785
-0.4331048186667961,0.1700717877866609,0.6796333477400548,1.4230690041406715,0.1765293601927042,0.5301760696220311,0.42813458172654184,-0.23696283660917017,0.2735912982256252,-0.205443632098726
0.09126900913987698,-0.028006692161909458,0.5318361560975051,0.7018607315552817,0.9652166854796363,0.21106083118989338,0.3142729247305326,-0.4511834012722443,0.5145587188697703,0.11354910977926749
-0.1884119859828912,0.40701272227778373,-0.024675038593428955,-0.3988185308836051,0.9274855183045975,0.7702487134873138,-0.1331492064738332,0.6577793750666802,-0.028700782281529946,-0.13198932568039903
-0.09293011611857666,0.42090019488030866,-0.0793792828093032,-0.0727023433916276,0.4005906698572555,0.359620419879522,0.11336505659038448,0.7180612935278122,-0.7270900092342574,0.09059398741121805
-0.11444869900491131,-0.38161955377119716,-0.04525127143109425,-0.2987815823491418,-0.4957754691371531,0.18456557323010803,1.012793388479871,-0.03392983427336968,0.472412923543681,-0.011819001041638737
0.08676995152663704,-0.5497333259707169,-0.3655148806024763,-0.4351911674339169,-0.5093326490868522,-0.04750973019582759,0.721911491160448,-0.3823989426311373,0.351420154959359,-0.08377934009737019
-0.028858226483636455,-0.4775220313736893,-0.18833470503435765,-0.4701085413504691,-0.4400903835393871,0.26848721215046456,0.08531709802880114,0.1593249234362648,-0.2544798821687509,0.1240844866485905
-0.15868916329196,0.06680992885176701,-0.6245377343869596,-0.2685201188103943,-0.4995413910164739,-0.981078443848195,-0.3424727033783015,0.19542075280663307,-0.2901060067452866,-0.3362167444266959
-0.7587746275908954,0.253815494768885,-0.7961578564769501,-0.32531968396631705,0.010524346116237315,-0.5648140725842652,-0.4259369125537512,0.20182747106872762,-0.095235505046602,-0.1153916066920717
-0.045556021348128785,-0.023094692344242787,-0.30660573932877233,-0.8326799607955565,-0.7176742660708396,-0.6075086582767861,-0.40438747446408063,-0.34125593228253903,-0.15055444676591545,0.4254069120421219
-0.04163357434970668,0.13188381896891144,-0.033480810609485434,0.10443761358035913,-0.018705907066741245,0.29891120314384667,-0.5368137505698125,-0.49207147530527406,-0.164240542343913,-0.07790310496338007
-0.20244573758153178,-0.2468894059407824,-0.1752477168421095,-0.6070670358930574,-0.6688573473387487,-0.2772859248954363,-1.354523776002254,-0.11098429837702362,-0.318697925545128,-0.012707049294374915
-0.17412000988005324,0.10662146417917315,-0.46342995131894493,-0.0458717920790829,0.5284281998368757,-1.1041574718674865,-1.1723509730429513,-0.7087442833405905,0.5386820315428978,-0.14640283891625475
0.2783330807370723,-0.3997091168811765,-1.0476214774465233,-0.2608496325512727,0.0369837538629324,-0.15342090851794699,0.047880605028978174,-0.10389819437725639,0.43527214260920766,0.3153674663629135
0.010173120197998438,-0.3007625493240587,0.09658887196628654,-0.3956086622884162,-0.7504071395119776,-0.33382012320528787,-0.43893472752530094,-0.3352011160000687,0.12761562554343217,0.5458226431520738
0.5021199864680791,-0.5473203883257097,0.2553648319295603,-0.701231966310101,-0.6973953158797533,-0.003874363071977499,-0.23206371760213051,-0.015034896200319614,-0.3421197432333736,0.13224252907141532
0.2711164875244385,0.5977955726625942,-0.21929516987161693,-0.371509744214973,-0.10433982633973615,0.07991070580661216,-0.1186049141009356,0.06365517694132376,0.03900930168149297,-0.0007042721246660868
0.27479030708473556,0.5722697161989556,-0.33120357655220384,0.3641516786903841,0.1262579863931013,-0.03780599625320862,0.4101024609496997,0.593790051979798,0.4263504648505254,-0.13794245885404866
-0.6721459772178351,0.3563658625908967,0.3077594449638964,-0.12889317608668813,0.08732953664231938,0.9030600600983786,0.07183285440334988,0.6366139445898162,0.20002765167885472,-0.2933467591884899
0.18212158546693188,-0.8541644595431375,0.4515880724094159,0.4014075879421913,0.17024553778395396,1.070187801144669,0.3017941344472475,0.6605801306753056,0.19817848064044102,0.023840253539078385
-0.22384406678469726,-0.23878767538018636,0.4641769420981386,0.25914619727723226,0.5643902466386326,0.4253102641696139,0.5510576521353474,0.12699299113677434,0.0653804036152742,0.1292005901795023
0.08869708433828356,0.12200120906902612,0.18165848885188873,0.6425102330070919,0.6011063386732889,-0.26967472448354907,0.4448733425849625,0.06652203635128415,-0.21093038526512978,0.24381135384388067
-0.20517484511785847,0.5797931931323108,0.22479567115618931,0.7125109722731062,0.5897649865084041,0.6828916490569938,-0.0636227201849292,-0.3913219810307265,-0.031198422892523323,-0.15505774507400918
0.2120860667261276,0.18690601825572706,0.6523847736567292,0.5629832797005481,0.009892601320168837,1.0142787466106322,-0.33220052794962085,0.34701567872920386,-0.2725248567123978,-0.0076087118122043764
0.7287112358410779,0.5797634952625114,0.6731471503710735,0.5974025662664959,0.503049727488403,0.3163664036688161,-0.7400968937981155,-0.20091477117096335,0.4435441653343366,0.10820757001150655
-0.14150806907170016,0.26973154367895097,0.1348983380292278,1.1529837436032024,0.45166630637233374,-0.5235060877640484,0.46571889744284867,-0.6729591205982721,0.12309839699098285,0.009200820056205601
0.10802999821446707,0.44199118273058835,-1.2234658072310483,0.12969279724485175,0.10102546581291799,-0.20308507672882264,0.551619413718167,0.45259990848941417,-0.6396730684413406,-0.06276376657715972
0.33963282357990243,-0.05300518705464598,-0.38464432145460004,-0.21446565342671006,0.32346391112991907,0.5163810448536431,-0.18642367358876316,0.2195977421177841,-0.10320721594824371,0.23436854510069782
0.014496643724198685,-0.13055943932308978,0.20479657327168668,-0.3312120975441252,-0.6166256534876448,-0.4376787700935311,0.15109249510065578,-0.20282063522311672,0.7731036284144579,-0.4141359553058733
-0.15919458767337358,0.30349180202899806,0.2162460365691749,-0.3444342793330319,-0.6254762878817255,-0.578304051945435,0.39775790508231007,-0.46059716004006657,0.22936340890119408,0.4615549724464135
0.019421095185547008,0.2759299517686636,-0.6065802520155944,0.1507544848442191,0.1094538457014888,-0.6637455987792817,0.10910548360939268,0.09051851530733601,0.16083815814174057,0.21360889912534028
0.3793741772168334,-0.10872002634579835,-0.3379936938238036,-0.07246944275745093,-0.7879691387969172,-0.35450342205615715,-0.5347525598462652,0.3516246727262337,-0.6836523735556448,-0.059111820204153585
-0.1553711242463192,-0.2418009208107994,-0.273888375735512,-0.29066295994384966,-0.7607513831382529,-0.9241032093407158,-0.39567179009275893,-0.8964955426560925,-0.04072439363099578,0.23621750556340565
-0.06730446870981777,-0.2637053024144429,-0.2820861450638611,-0.2558036135142203,-0.5400593564099638,-0.08322865476541808,0.24065062581210495,-1.37470751281594,-0.16240733402575333,0.24161648729762164
0.15858656555544695,0.5679076513630363,-0.328866794480571,-0.0046799161777953055,-0.32122480807174786,-0.691792369179238,-0.3398630019502233,-1.1821341793949482,-0.41647143867332787,0.1494455891547583
-0.23098359660103387,-0.17370897148334463,0.1929980310449143,-0.6455744392438656,-0.4026736203293604,-0.2637110771684057,-0.8016340097741126,-0.4090031934096693,-1.258343588202841,0.5115585476861084
-0.16198278894230278,-0.13520470508178178,0.39794958286248616,-0.10770167595956426,-0.03882179678601487,-0.2844089283593256,-0.19942317549370056,-0.4501230868602857,-0.36643623799346836,0.19497358709253962
0.20641144774031644,0.11871002653884549,-0.2546179912862567,-0.03141723466921832,0.0014964252827666114,-0.33261776440297225,0.7928554885396267,-0.4120170718800221,0.7705749579533567,0.2762372563744063
0.2541620613523465,-0.11989222475922962,-0.6126121833388742,0.4640517467570365,-0.32033555991253776,-0.03260254249007613,-0.3285939050007128,-0.017641725824713073,0.5870149050533897,0.3489716671346851
-0.0875904699471108,-0.1150892987388866,-0.29257306960585605,-0.22826045672873135,0.4746805284758271,0.24936347587410934,0.34261084203613756,1.1726649691655846,0.08808046442412165,0.4501804864783916
-0.22961070332587008,0.02988687979470847,0.5765723483261607,-0.136021230067318,0.8372807702463045,0.2594361399103048,0.730159665391343,0.8638548401119289,-0.13676317363037993,0.29585394668927567
-0.13960055793496454,0.011417939095599322,0.3087989464733951,0.3941841606200782,0.6156187606621913,0.6118771205322575,0.8975623741610632,0.0008787568486992858,0.2761315364900513,0.40270881025968813
-0.13755964253240213,0.468323604983628,-0.025774547374700252,0.6415176312028065,0.09806334662793134,0.15775774393653197,0.8008708453168348,-0.15388222622768508,0.6256702704721125,-0.41282923346015266
0.09994483759451783,0.78150419891169,0.25235686061386703,1.2821238234743022,0.5574132219904786,0.20126607384660194,-0.006434965829891837,0.4047222096174588,0.3770553676831282,0.00010588033366721404
-0.3891109367856137,0.09959559855603911,0.9126783643709011,0.14151593838769738,0.9094769930597841,-0.18023802414166326,0.13719854271047377,0.37429081163191724,-0.010340949237889308,-0.050395740305885284
0.3855432676499025,0.5693894104814852,0.2926189177367472,1.1625727255428768,1.1058245746641737,0.2699140237463431,0.5627723222901603,0.4795209516576901,-0.03970094603229622,0.4083378112590625
-0.06264707027029298,-0.14729896246568963,0.21698630334914615,1.0897603215016087,-0.48372603363890204,0.5335593662022042,0.3381415553214977,-0.47410151610532364,0.2958483447206988,0.015245650046113156
-0.3266596098679279,0.1847006601863706,0.6497619816261165,0.5093188050476886,0.32364893050731913,0.44074835810625296,0.2771408968767622,-0.3660756071641873,-0.28477634409259756,-0.028895983933892803
0.26252639207454087,-0.25217266513621617,0.7442812034351194,0.08069026260543029,0.6152001245984571,0.47846700710410073,-0.27154737340725704,0.4649034154724101,-0.1301095150391823,-0.011409457387676503
-0.06798858344678396,-0.46526448312892976,0.2812672834260934,0.20395666817308744,0.6080428371028279,-0.23390593548268163,0.12620685823923,0.11036718428334644,0.22897493831354349,0.09733545950600196
-0.22590246025702085,-0.2049118266620758,-0.9931071913294668,0.029173731819988558,-0.2755398979750835,-0.006718064484448796,0.6681837745756986,-0.26277328843450865,0.9161151694054996,0.1602879664003638
0.13965809505737556,-0.0676748708318402,0.05606825862454373,0.002191461069968592,-1.0439716339399625,0.050853776443051626,0.4032638852470505,0.291459045619461,0.44918977810685795,0.4084166778488655
0.25693057446460055,0.01828378774647077,0.0033585109532424384,-0.9413045695309767,-0.7736691988126436,-1.03668641539825,0.021016672038943585,0.2858166451699078,0.4777435701278119,0.1416329066047913
0.6125049681119166,0.17196933699431952,-0.32195849603973814,-0.4654723262378146,-0.26380002032555155,-0.4702243767086724,-0.2987994059876285,-0.4264098117362132,-0.18808826997486203,-0.5266188727690616
0.32964106435501345,0.8405194265506724,-0.7697697203005757,-0.3004474292326846,-0.705680680718681,-1.4843181350993304,-0.6902901927562622,-0.2144806557052918,0.007659461717970412,0.1261806183367405
0.3563612416644443,-0.4969848401378888,-0.24671596139767407,-0.3093768846200926,-0.8067897055866159,-0.6604601200675424,-0.9174708041137726,-1.116365742239129,-0.09969549597937175,0.13565696491683418
-0.04021252082663621,-0.3834562938014485,0.3920233079583785,-0.2042085818534902,-0.35707407198153285,-0.5826763067622932,-1.3004094393643468,-0.5209626862235912,-0.6292033400873378,-0.05603533828338086
-0.24264735900997988,0.34207387787511556,-0.06100551000474126,-0.5590824323721222,0.06594997766593433,-0.5888914186576653,-0.8548692468989949,-0.4088721159745529,-0.43854692204743206,-0.2412702621075839
-0.22591872089437523,-0.013718696447803491,-0.5466317803251955,-0.0618510899362123,-0.497956836085201,-0.5803494314222462,-0.5625820559280681,-0.19756545505901402,-0.18734296564112993,-0.07892125408313234
-0.07076659636997693,0.23206897780812802,-0.5928469077211578,-0.17883197375476198,-1.0465493478370516,-0.2382794735259675,-0.529702521217467,-0.08686944999280566,-0.20542781439613678,-0.263256523728177
0.12299835999368096,-0.6102175893013633,0.2660162485776586,-0.21097207538906274,-0.5339830659257484,0.04243507938384271,-0.2276110894503728,0.6605297083059524,0.19444238102234132,0.018064494424634727
0.1460966503778364,-0.1496760274127168,0.5636035667413637,-0.029236800975777855,0.010045012346404675,0.45887040353356157,0.3780330998628231,0.9270737276467054,0.03897773746405239,0.11305596399861768
0.3196599867272864,-0.6981910925255044,-0.5418832978491239,0.1035777300768147,0.26934955863204574,-0.33647201663161624,0.481475065848492,0.29705218723577026,0.13027595919062582,0.01714397620991204
0.050542016224749894,0.23222891773442145,-0.4298836335664861,0.3300899097692007,-0.17434190938446636,0.8979283876765636,0.3348884247201439,0.022775012815528323,0.86126341773733,-0.12505571082507475
-0.12670176737402938,0.4429644272641586,0.14987001418439516,0.07607259614214779,0.41909540953716357,1.2043385558407005,0.7469920723217462,0.49964679668566847,0.364192722165254,-0.03990605538638132
0.24321753296365922,-0.04420898878120422,0.3299885179536042,0.3998079337172454,-0.09302238125809892,0.6371536351514404,0.19297215124424977,0.27494843804068775,-0.1844953584645487,0.5174249091525529
-0.026360425612078495,-0.008361929426488335,0.040195632925889346,0.4384521971144122,0.7129259996433055,0.587691474343015,0.7170839028716749,0.2429543247082471,-0.28861021319918484,0.31974348554971427
-0.011330113034434578,0.8485818615403304,0.25536337663916536,1.4475244315465132,0.34360554532544174,0.22007565519615813,0.2991096350764357,0.4109187820134512,-0.27979848894756926,0.3001146914325346
0.6525263708341658,0.5951316051624476,0.5107077383751442,0.3814176525395442,0.47824840551911635,0.4557174372184637,-0.37008113369657253,-0.2898669161035707,0.36700554892084947,0.229215004896454
-0.4177118509569927,-0.04659103266476122,0.43177961803859544,-0.12172956975896883,0.8690637143670148,0.08011030293144689,-0.6858214898534291,-0.22073526445017927,0.15849051413630502,-0.42765177841921753
-0.2348773868827951,-0.025795346376674355,-0.08827642776465533,0.6919117070319157,0.53363539559303,0.35288037606962025,0.09093374361670757,0.16831997242171304,0.14457012895375776,-0.6072997481634315
0.5824055266930611,0.16360198237382867,-0.41145276855736007,1.2199939733864036,-0.02786503883148008,-0.055222314248952575,0.543850419047606,0.7390899425986538,-0.5452287921728988,0.09684540825446034
0.43131747637479934,-0.8656555761406154,-0.12955198305503107,-0.4173273987092677,-0.2790544951943636,-0.28698099308040004,0.48036625553935586,-0.387317258731428,0.052522121862450644,-0.10029735842360123
-0.20703958261406483,-0.937046053454425,0.12940025236652905,-0.7239828119325432,0.4870010469376137,-0.3058678480806253,0.084064115809375,-0.057844088713709246,0.16568137016467338,-0.11295091446447729
0.0335233270522029,-0.6308610210153069,-0.5877315849721123,-0.8813119263812332,-0.48357903132409047,-0.4663903131328222,-0.5557247447569459,0.14442827653777024,0.019068830689826677,0.1536785876090439
0.3867981559182022,-0.0019717159120901107,-0.7002089541650586,-0.3182411805861448,-0.6340375224459721,-0.8213553403301206,-0.20418758772683665,-0.40264095845968895,0.05799226684870007,0.1276100935559439
0.38639976543795695,-0.29266210509574425,-0.3563853178587351,-0.27604193746944794,-0.4037190401610709,-0.6969895297126489,-0.10709364945897727,-0.1794769926684206,-0.02203803472338653,0.1376822211355951
0.1941350727911331,-0.5420921345636953,0.4759094077523594,-0.543709377173807,-0.6363308642497991,-0.743917851474404,-0.5179637411467527,-0.1687803425064623,-0.5503710117524754,0.23524812720133997
0.06154247426957897,-0.5015766965449326,0.2864984420179959,-0.43468764869898596,-0.7907196503244844,-0.30370915971436596,-0.8799382097886572,-0.4488306590264386,-0.2266957407614616,0.22734613343262994
0.42804613484540355,0.11515848430136497,-0.19951103244573873,-0.3630863667656543,-1.0615070354248997,-0.934624331518503,-0.7717175224324785,-0.5986009533963139,0.17414655885913088,0.18271703818257523
0.03674669816662994,0.8278226403270728,-0.7292027006011628,-0.1525977837774835,0.38645165980617346,-0.572084649016267,-0.39512454001093233,-0.7516415078994105,-0.2695684469728749,-0.008690136748896451
0.17668227267139353,-0.28244541705789633,0.0883127238446069,-0.036286552414719425,0.15334683714040703,-0.46767767902543933,-1.141413387682426,-0.014458923888857042,-0.3485361021256554,0.05066532128149507
0.6718368981402898,-0.3390309684944824,0.4076489533575606,-0.7138481273617144,-0.6812277118333985,-0.1929438430239827,-0.5213640322796275,0.46355009331232816,0.07663719350916512,0.16276040301956196
0.07757611688593356,0.1858778746012757,-0.18499333284244285,0.9398490294039895,-0.575944565334675,0.24335970492516304,0.17539374027483234,0.04287090763910373,0.3369751455507492,0.20818455288654375
-0.13612118288492348,0.21818134524298596,-0.2794418078621378,-0.018905612765919663,0.041556560277487685,0.4501264010630186,0.2547098406033309,0.183022210248014,0.23571999239486013,0.1382313253950682
-0.35594146321108305,0.08511764995348729,-0.14500105709820918,-0.4854792565243973,0.4108329621557343,0.020931917855257165,0.5632884276425606,0.5683905751551281,0.331581037890723,0.027329095223200955
-0.28132022622630704,-0.5173710355404464,-0.19036978195215085,0.052531882455947844,0.6916644853333231,0.7918283685884641,0.248723270694969,0.7191012612695872,-0.3174326930889906,0.23930797474103246
0.051647195745282676,-0.5844510327789675,-0.16065877579750298,0.3733218468576508,0.6834890983816374,0.4359180568298127,0.9493840433186389,0.3114960851246406,0.5353756805266117,-0.08858460250013615
0.12896603734698425,0.7864200108903703,0.3034803006584578,0.98666519248447,0.38478758159635124,0.9999638772563237,0.9101343799897812,-0.1524268375248414,0.3939817898636499,0.000553546912857817
-0.3001617678403942,0.5644750124320294,0.6183193195871848,0.36731801728974434,1.0548694135720504,1.0319457873225097,0.39147265782204005,0.4074159108516623,0.29147465346580637,-0.46592259738456204
0.14700221791388726,0.3259227878241949,1.027218317218701,-0.06172561846992741,0.935490742316424,1.4538293289142263,0.24473672186160098,0.8544627155710308,-0.051705743363935824,0.4017829092551462
-0.4010392588478355,0.48344669067184276,0.5084252144483978,0.9501173713277479,0.04489960034469656,-0.03718999542318169,0.5889456061993752,0.5433956319947579,-0.17014934283434885,-0.11651059603200886
0.11642430787441732,0.39949376369555384,0.5332270983240824,1.0012585671306107,0.5860860613660345,-0.0313167812969094,0.7880695543770788,-0.2873503965058963,-0.32380538502582584,0.1592742783722885
0.008993318772323318,0.4303580781755059,-0.05936722442400694,0.2177859118024771,0.5098347178296825,0.2798429635616507,0.06611168557382432,-0.1962048481251792,0.36080787514152324,-0.12820569139090882
-0.43310510788601825,0.1569196792165785,0.47799594097220327,-0.07968420946942006,0.8413159450675044,0.46140085049439006,0.029096327115633758,0.43911474362504016,-0.5723378805661666,0.33520883930839823
0.21111826453153693,0.39024830784001174,-0.38706049048857893,-0.325681599806277,0.1943766337897977,0.7813091081848342,-0.08643629129062001,0.017239082067590034,0.2785243724539178,-0.6868074308656916
-0.2517596452083247,-0.6203333170871503,-0.15138405039897265,-0.08329589070305238,-0.019750672670182934,-0.02030430089991378,0.5012592025782977,-0.34600790820421373,-0.20461928198576873,-0.16290992138233237
0.1604885869295348,-0.12451086936944361,-0.40893932180151377,-0.03272187499812512,-0.28068796115117134,-0.6050089746440004,-0.10122414547025999,-0.5964621114772283,-0.004328991685249639,0.45783728651242633
0.13056639770015366,-0.591736251152686,0.021909940286755303,-0.7601325551775214,-0.5976255135147885,-0.0972205033303315,-0.3129261600088993,0.4374492554393417,-0.293325555391282,-0.20610898536170733
0.13934445667386858,-0.16829280388557774,-0.46012662526456105,-0.5622897660608046,-0.24585440226993333,-0.2775876756424393,-1.2072722343724829,0.3380246198061598,-0.3998151527413427,-0.22108411185975554
-0.07995373090771961,0.1815570906379044,-0.4785975280789162,-0.16438423984897502,-0.4397664856549608,-0.5846813303169441,-0.6029667881117657,-0.8586266335403031,0.08108520810425512,0.010953724915490726
-0.1411159319703187,-0.237046308208432,-0.16266745445636688,-0.2560936267446464,-0.7350258126336376,-0.3865122749225157,-0.4694033734867441,-1.2705091243560682,-0.14995690750321838,0.32061190854414534
-0.1704294441253848,-0.6615152535114254,-0.21216877527687755,-0.4448744480935513,-0.28099591287545933,0.10333739041013407,-1.0995911958347815,-0.182874290827028,-0.5445568476729453,0.08761582082256467
0.090090034032526,0.015807729213920513,0.2490855823152154,-0.2956459391080274,0.2251128314413346,-0.9623925824629671,-0.8020700188909412,-0.05772758557655102,-0.875314925080713,-0.16382026236199915
0.11230052775665299,0.7775303741585824,-0.23934643455613527,0.20095550206065152,-0.34770263050525857,0.11657919799283284,-0.7233927892466037,-0.3280265744639902,-0.19806106688517838,0.4103968583572211
-0.1961387064084002,0.6051359901818856,-0.015069103694639582,0.29730048994364766,-0.29121723966259333,0.0010623284694866453,0.9630622984306692,-0.4405451640373197,0.41400021313474356,-0.42784643913660925
-0.8485820812073086,0.06155063560102256,-0.1989329673432774,-0.8150003259754471,0.20257079873451628,0.2873070001280559,0.572213419319601,0.328870028958143,0.15643366143894355,0.4958261288373905
