0.0,-0.0682159408104869,-0.2427955112980998,-0.18461099987234128,0.1598162954947184,0.3242952656478838,-0.12240833580387232,-0.2939482768075556,0.06426424542928956,0.14563542101673954,0.026646065931385885,0.09677188597689484,-0.16560052092102118,-0.26427711211883,0.3434073182762528,0.056210401276003935,-0.2894061510619984,-0.02973114517202476,0.3717765120661613,-0.08719274267992799,-0.45255422854432553,0.0
0.0,-0.8228559865679723,0.6983277299729376,-0.26870150015659466,-0.05332442455444965,0.180914416180052,-0.7262551594078218,1.3840599796628956,-1.1643874178334486,0.47252517217104967,-0.1218510739551203,0.07348776402754456,-0.4370560951053494,0.9182770745012179,-0.5658289382097863,-0.6234107026594661,1.2126734076678614,-0.6080800761542535,0.13702287160807217,-0.7836271533416402,1.0243247302750185,0.0
0.0,-0.29516107149925624,0.3338821759536937,0.34532599976167927,-0.2923892304524211,-0.5297885763153406,0.05339534306624963,0.541565934421183,-0.02141806055302231,-0.29952698763399915,0.11565165215546526,-0.273742749478207,0.19531863383706147,0.567366145864716,-0.6408795695259263,-0.4261896651781525,0.7892199886531219,0.3050085452351538,-0.9330652699192126,-0.2338278949702767,1.1352654152945763,0.0
0.0,0.7323176274628511,-0.4209810661641743,0.5282013311728343,-0.260767536334265,-0.7319895834974177,0.8364119637591735,-0.8286718793094789,1.2188723761216702,-0.778473322724801,-0.07515530809225553,-0.15249051358873703,0.8282115934853352,-0.7661841247850364,0.11191818306957618,0.31491625088141917,-0.5293481655452718,0.6595574214599697,-0.8213950742861296,0.6147079348998176,-0.17718315291495415,0.0
0.0,0.7268749757650512,-0.020705322547692234,-0.29229433176585473,-0.01594895051142879,0.07757165475847173,-0.009348156318621998,-0.34505169519044265,0.2550034217313946,0.3435779186461203,-0.6068117528790713,0.44951588097109985,0.0033895053947093218,-0.6005335809889543,0.4603076784914095,0.611159759725063,-0.9171863471981186,-0.2872177742721242,0.6691731180128241,0.5370742956825487,-1.0608433689824939,0.0
0.0,-0.07942665887349527,0.6491630568713224,-0.7353602094015269,0.10712735452604669,0.9066162872735185,-1.086667349438595,0.6740555476605845,-0.9087506459016087,0.7093381335705801,-0.05421822745013268,0.3037974995480387,-0.859784860364398,0.3327453447607922,0.3544126130194473,-0.15307066847859313,0.023533875362166428,-0.9113030623845918,1.5489805652284707,-0.6137160213411011,-0.41244274127962033,0.0
0.0,-0.5171932582845278,0.09585688102338932,0.08245486578014603,0.20127397797387708,0.05674999446111751,-0.03315855116124893,-0.030878735612446025,-0.4855082635185039,-0.0005848806871641826,1.1006668518934064,-0.7748322957730205,-0.429898162665428,0.7421023024826704,-0.13498536123331706,-0.4742716135933411,0.3404363408269026,-0.1438864533378608,0.137062599309407,-0.26383099467713145,0.3895287675490499,0.0
0.0,-0.3148726577705946,-0.6230817861189574,0.8356473074572524,0.14360228155380975,-0.6876553801567076,1.0616446598406715,-1.0332750962374366,0.4745463902480688,-0.4899976078721559,0.48382154194939503,-0.431232676299833,0.40842201233765363,0.026645400736471335,-0.31323171649069836,-0.16990235756428207,0.03348523567203397,1.4070607357004206,-1.8018230483800148,0.3985060004861617,0.6405206623125066,0.0
0.0,-0.032569461331297254,-0.5585299875442141,0.531446697335868,-0.0016707857675109048,-0.05102059150513538,-0.019981706586179263,0.004492025292606485,0.23467571936537926,0.008822057288575363,-0.923387745120472,0.6219753449089337,0.7112802906714781,-0.7904575680957882,-0.1993881592035642,0.17613664658352912,0.23062555950793015,0.18555737935917835,-0.6983478527206534,0.2905737236040748,0.31349283994942245,0.0
0.0,-0.002531697585339156,0.42552304057207985,-0.662912678154017,0.09547516402746097,0.6887027165084043,-1.0061108412323658,1.059805843646917,-0.3739509607434993,0.17254465460604232,-1.0611833375612731,0.9603401046808464,-0.03528637664581798,-0.3177670282137017,-0.17576309980588817,0.3734137305109466,0.39557924467328515,-1.2086367050457063,1.2187763603504687,-0.4343286229739967,-0.23863163537773271,0.0
0.0,0.2250214895758461,0.6569996342145566,-0.9221416936234662,0.085039690791257,0.12393274162514331,-0.03746764853975768,0.3009498596523966,0.13283760719835583,-0.5894344440566077,0.3701885395160618,-0.15634944197037692,-0.32553993699673484,0.35220405890944045,0.06667163965649103,0.24931663330509654,-0.3867202694892639,-0.5596450428877365,1.156757285841221,-0.16886134073410763,-0.7086439562911522,0.0
0.0,0.5257082064594267,-0.3214535404186734,0.350029580928718,-0.4081698709891907,-0.438696988735934,1.2178314819428215,-0.8614358321437202,0.2727153360468956,-0.36820452123212044,1.2834335574670803,-1.3397724178195733,-0.17917715133555753,0.4813868207554067,0.588392861678696,-0.40598832081057834,-0.7203486533908763,0.9336495951845305,-0.5947726605589869,0.5064759082937871,-0.4473163590759242,0.0
0.0,0.07227353684565756,-0.38317627939451704,0.7893719679054224,-0.5045748212605958,-0.26489847945412237,0.45563616647486493,-0.17678526506863448,-0.38696026236851555,0.962640023919189,-0.4112169830967447,-0.2590970673392494,-0.24292094215987636,0.328198772810068,0.4064710532225894,-0.5644526304495425,-0.13939144201425352,1.0225496378608054,-1.0564863313090689,0.061601977645296215,0.5830737533137055,0.0
0.0,-0.6421501354942216,0.32819321394874634,-0.12614881306041426,0.3055847159051247,0.2760145747268339,-1.001724612748135,0.6162793058663882,-0.29181635745287565,0.8563354288537816,-1.0947109779225006,0.6586566258921793,-0.026417628035241773,-0.14933785007512207,-0.3361102545288215,0.06857096392649022,0.9129611056419205,-0.8854546636874158,0.2881996933384293,-0.5724674596358867,0.9258226964972174,0.0
0.0,-0.4678904858640786,0.354062436178259,-0.531780706877872,0.7720363418674179,0.1296431548834866,-0.9738712486343845,0.20687697109846243,0.8974877419101099,-1.005295346612575,0.15549314111248003,0.3733253665914035,0.552151567920746,-0.712202639651499,-0.6273286877360406,0.7730813624114111,0.4914110174820701,-1.0497473892010545,0.5348740986571033,-0.1201701721570958,-0.012215971627312762,0.0
0.0,0.42643167011038197,-0.531524646772968,0.14114156585967738,0.1955432377096079,-0.27391904459117095,0.363416986993824,-0.4863691909377368,0.5972436768982476,-0.9781084466598468,0.8732467738644215,-0.0573212108024118,0.20200389699273066,-0.3894170891468064,-0.34834361696669314,0.7212155210833404,-0.668195177193389,0.45363739209660187,-0.3145198832537179,0.8474526982455721,-1.04517441004449,0.0
0.0,0.5445453480968893,-0.5294411413487048,0.5621995488894076,-0.6885300788875734,-0.06589514982894593,0.9544811109340225,-0.2646626118425334,-0.965312582944508,0.5067822100832984,0.3198600253582059,0.12590483968780639,-0.5573578543660901,0.27381884988048577,0.5858477871214146,-0.7942131228641292,-0.36866515298093505,0.949965636533007,-0.27359016893617794,0.05104573423758546,-0.3946186491360373,0.0
0.0,-0.2112244224574332,0.654386909495433,-0.33105904726451996,-0.5054454365620652,0.3000194644944055,0.24134277332053541,0.3779181001154935,-1.3144337215375124,1.25741358688814,-0.46186973420475763,0.03475265474214941,-0.4099513226937484,0.6164161906314808,0.5811273842236546,-1.2593633996749336,0.22930544716735696,0.1379869835147597,0.6935317373225315,-1.0712586744643176,0.6337843976223787,0.0
0.0,-0.38793808274749586,0.7798299339611421,-0.7321677187704089,0.16298078622349635,0.29163584923652974,-0.4224300879500767,-0.04629918737137396,0.3480951689727795,-0.023948564552295964,-0.01116256325802103,-0.4455651816850677,0.42872136881965206,0.37406559965374214,-0.5499448486649163,0.16689115936760832,0.20193455622603293,-0.4579686156396537,0.27035429835465,-0.28221138688075736,0.5065278528598028,0.0
0.0,0.24403765644982256,-0.5404548856223463,0.17296662015032274,0.5134440711343706,-0.26593840059114715,-0.44508482725216775,-0.29743160344262337,1.8646000024608542,-1.496002620400687,0.14851420012611444,-0.2524648307340435,0.8504787243086886,-0.4507421318690999,-0.5603913118952736,1.1733423120050703,-0.32165432628528334,-0.3323605359524601,-0.6169383188521204,1.0970233699848,-0.4281957845036056,0.0
0.0,0.3496363026149288,-0.9560060220071865,0.7850516091719822,0.17493797588271656,-0.47036075699595886,-0.23960526219349862,0.2322087281154526,0.22197938635135955,0.0928524130292521,-0.6039575716551858,0.6325642597243274,-0.10007352745079176,-0.4824994546073491,0.23964247217924045,0.42802661863591007,0.02923443805347095,-0.24555646536209427,-0.6206005041469199,0.8259692895853883,-0.2559371824899437,0.0
0.0,-0.4597180376744958,0.12055028568523225,0.2945693183152316,-0.22937871646319205,-0.13314200516751315,0.10139220696630646,0.7129841635086466,-1.3380254302398422,1.0540050365292124,-0.4255108799836584,0.5638049329077295,-0.8515048024358142,0.032878150912179084,0.8887913963645431,-0.7500635068817321,0.3690485785166767,-0.1502791867406058,0.3584708198622962,-0.7718452797718238,0.5845481435960461,0.0
0.0,-0.6028428693040785,1.078991186234755,-0.7505919067742132,-0.24577691100450239,0.2500580408872219,0.654906776003374,-0.4134553471360931,-0.654404647820645,0.23053527720191758,1.17088832894111,-0.9655023862934742,-0.3121047789693046,0.5221399150421799,0.11251852260616274,-0.3566757430287479,-0.10718284529733414,0.44448374945248476,0.589983635195976,-1.1736740646724222,0.373404460810895,0.0
0.0,0.3693292906619924,0.11668674960333918,-0.4285339474614052,-0.22511862070967253,0.5695790555118665,0.32534304425079147,-0.9191071054528064,0.6314980274978141,-0.6329648416460117,0.8639657520019816,-0.7343045864907943,0.2941776079323455,0.39142468823105325,-0.7071751345011154,0.41033715909643664,-0.4030819467784047,0.756397349880545,-0.37761294444241317,0.4024650401548668,-0.8128380055754785,0.0
0.0,1.0789904229970266,-1.0658892930463701,0.2515232577117403,0.08637276400231797,0.3251330921373209,-0.5637467485332742,0.036581041770462105,0.6087212430933442,-0.19963801647389295,-0.8496667707007313,0.699737962499305,0.5108426068599443,-0.5333422830765071,-0.30711092631162107,0.19953301334095866,0.29546744472585823,-0.17621018345380227,-0.20126681282663303,0.8753478343857327,-0.9636665626528258,0.0
0.0,-0.06676860663856102,-0.2547209100732886,0.23167449054912392,0.6450141429725108,-0.6277804097016139,-0.5000656755611034,0.9244065719744369,-0.30023871275455966,0.4664999888046332,-1.3684424033429419,1.1561864708035996,0.11410379995970917,-0.6423365915050727,0.23777314663220644,-0.2337254023863292,0.7097730698688931,-0.8275332166852418,0.4698434112480305,-0.33288134988843193,0.5551463476051212,0.0
0.0,-1.1189492276222137,0.7062729459754784,0.1366257649144333,0.17891139528747876,-0.6705925343690674,0.09557278066257904,0.49802262352547116,-0.15575151348533914,-0.3182902582216844,0.11625664046491731,0.06253801079080927,-0.12029769867322894,0.16737903673294247,0.12731934706786643,0.003461158493821055,-0.2578482225525122,0.059393780346971244,0.11501547020515515,-0.5382328140886704,1.2285928464729206,0.0
0.0,-0.6784208016565855,0.6269957255506525,0.313128450100069,-0.731578260117305,0.12312024773323066,0.6312547680197521,-0.6290261938873998,0.2584846938072583,-0.6147566223337454,1.6633250823766772,-1.4917060377831515,-0.09735206519791104,0.7306468826802444,-0.06959234503466351,0.20741800115370151,-0.8397725538606643,0.7447133254646876,-0.6183459806988761,0.41306482194064553,0.18652514182800667,0.0
0.0,0.8133255062406484,-0.3915459611485018,0.026053569688967926,-0.48620238779294683,0.7119891586636209,0.14410093203099048,-0.579972726467453,-0.18008428206719407,0.5015181381168088,0.11110519653105795,-0.329485598868699,-0.3023499082339342,0.4237916160276497,0.30719875185832046,-0.31507659816708705,-0.0663158530587985,-0.06690175530120562,-0.0752165555673695,0.8736467981077126,-0.916443872682756,0.0
0.0,1.2915216889484828,-0.646539956448655,-0.6220446954263164,0.4857813454964961,0.4066109648487035,-0.4751264650617542,0.13843277501919807,-0.45195356635973505,1.2058025517854765,-1.4009423346634193,0.9131151673526914,-0.1905726985896984,-0.3417838504992005,0.3408331574701257,-0.2844086926178003,0.647955726335359,-0.8934534676098127,0.924229549298515,-0.3433852179970819,-0.38989865371286336,0.0
0.0,-0.05960933547031981,0.31524287603567824,-0.6808871950444589,0.9416272469875978,-0.47184789371953556,-0.21757128016721397,0.23543581801297164,0.3700497745522924,-0.5124379120480408,-0.26763047671232376,0.49135830256061697,0.52967507779396,-0.7322409040581611,-0.25324155608859755,0.47423858638648453,-0.004041722529314222,0.06418050336735028,0.30949685521750614,-0.7929985630223766,0.33248080455523127,0.0
0.0,-1.1477102534170025,0.374353108196312,0.5945353527455634,-0.26685351512773875,-0.3600749355099659,0.1401592172128585,0.15057020994079537,0.7192990074512321,-1.4310196497576995,0.9730607971961406,-0.41538090543986733,0.4064587334285429,-0.03162021811085189,-0.7070563823578987,0.5780409051975963,-0.31827935753168035,1.228864819148394,-1.2168891447637544,-0.052553340167061334,0.3164324923931487,0.0
0.0,-0.8209987953376373,-0.048798008273153025,1.324012850743583,-1.123442276612113,0.031217036065839362,0.2682728154110028,0.29619554482951926,-0.5291000859641228,-0.05041576765527142,0.5340355589633724,-0.1933692322240193,-0.3459001787272342,0.4945169450867818,-0.16167135774680408,-0.3664938970905705,0.5743990181736128,-0.012847538414763264,-0.4896264256906844,0.30073619422344333,-0.12185887816686196,0.0
0.0,0.46577834688651304,-0.33664342510200046,-0.11425257647860895,0.12083224985719065,0.025068097942098827,0.24467233516337578,-0.04596694422437464,-0.8008871335093939,1.4013061356581078,-0.8734507858853043,0.35476038449821135,-0.5487547135289673,0.1880345703692267,0.7491206506930409,-0.8134292752098005,0.66668254884765,-1.0154850850093606,0.7391108024931177,0.011564141362305977,-0.2970285569265474,0.0
0.0,1.0588640194228032,-0.019181867983715004,-1.3346290995369445,0.8934901398325844,0.1625039687852533,-0.11459042811641842,-0.5523923544552599,0.19503011892307437,0.5643921900839364,-0.29031288609459166,-0.19858696351532604,0.11411669540184834,-0.19738328305625027,0.4004980324285038,0.5415213963820756,-1.012398108592627,-0.2352327845422437,0.7289755346741558,-0.09820988390815463,-0.1006118708981341,0.0
0.0,0.4137322556125939,0.19567651400696395,-0.8627787963933761,0.4244876707457457,0.5010018470347284,-0.5188873459346127,-0.378994877788298,1.1719492110386398,-1.0817325444043386,0.7528388297274523,-0.6224500146866503,0.4584351961475783,-0.12791978936019005,-0.18884521800460066,0.852079909841953,-1.2409272271009624,0.5474302076027348,-0.24217390486982715,0.22761498795413918,0.1896517200273341,0.0
0.0,-0.6006705329220552,-0.04767242779437292,1.0027027494347511,-0.8453421094071218,0.14123914289229483,-0.19218400751901654,0.4350131924401344,0.05154249469850495,-0.46878075648460493,0.12792040618969464,0.2570192633229607,-0.06276006945628393,0.2718811341666372,-0.23706528873044136,-0.5547580745041188,0.5305559033703644,0.18952147046855947,-0.624550854250203,0.26894948471704155,0.36788884169097597,0.0
0.0,-0.9471567502503861,-0.04182527200239301,1.3010764897953968,-0.6380429099551106,-0.7425221932849567,0.48604085570285505,0.8423147897151222,-1.1751224587747882,0.6958714553778527,-0.7113349313174768,0.8485801121416378,-0.27552398364273534,0.17093651921119588,-0.11231915653277988,-0.9749157266667515,1.423076010414829,-0.6047338568450142,-0.0884095097910162,-0.06458503609609548,0.23521321513841906,0.0
0.0,-0.22498845298449335,0.1519798770708341,-0.24128557939740114,0.7222887702683478,-0.9762036747993278,0.7633643440018838,-0.21982288155543703,-0.22814871512612697,0.22517015199354565,-0.08365616398245655,0.06083257272230822,0.4072254834656114,-0.357330670024146,-0.2710934536840699,-0.04190753229756257,0.18416754162162324,0.09720646827510772,0.28983710201148966,-0.3180275244825446,-0.18242917586514612,0.0
0.0,0.8324562346164146,-0.0185288017981445,-1.0319665995338185,0.43553218863966703,0.6843432367489278,-0.4242855083234565,-0.6050828593398033,0.9025059342383795,-0.6884383774919858,0.8524320524138705,-0.7006368510319799,0.3901121685419922,-0.3547748865113083,-0.28542720067646127,1.146529834713952,-1.3463958279732122,0.7482856305474976,0.19944948941910634,-0.13457516435599123,-0.5444824392326553,0.0
0.0,0.9200062100850871,-0.30376632761419886,-0.536786491180285,-0.2287820172749032,1.5763824600938565,-1.1869824305884082,-0.2096278643545588,0.4364626706400443,0.04213542659683094,0.1131356682502255,0.026209820147464303,-0.5576146740852671,0.07738862256480367,0.3110952220966887,0.14489993593322817,-0.4581269882526276,0.2006091069354675,0.15685831103491207,0.04784062923475486,-0.3793128831971736,0.0
0.0,-0.21334262063999831,0.01365368333911985,0.3914303015431006,-0.3880268989907937,-0.10931122009207155,0.3119754477693974,0.11762610557962597,-0.5754990009198498,1.0275447310416381,-0.7691277432489435,0.4596656659318969,-0.8022950457855584,0.2714335041900936,0.7547363500250535,-1.0373954993512131,1.1524653060731336,-0.8648469944386372,0.041798697254989484,0.045113211599703745,0.257857158809412,0.0
0.0,-1.0539037340179527,0.2930860268385643,0.7052786642591639,0.1649984410488805,-1.450543719692399,1.0650342218763402,0.20475282335406703,-0.498937479142929,0.13565404162489125,0.06906293075540353,-0.4113692510209584,0.1386261637210035,0.20236018723821453,-0.11653527832395325,-0.11169696398918752,0.5296912634249282,-0.2830792044784854,-0.4565134818595347,0.11654723560349714,0.6385078349285399,0.0
0.0,-0.5857147176106942,0.18820604355694642,0.3814014824540533,0.1083192111066309,-0.8756206856068164,0.42010715797189446,0.33482903943527015,0.5122105396890144,-1.1471380187142033,0.573072599606998,-0.6623407142416436,0.8352342217146301,-0.1442090985782372,-0.6902192322390951,1.154132022433235,-0.9789177289641219,0.613313337993344,-0.5711698986017414,0.16112066330464989,0.32491918413869003,0.0
0.0,0.6703953449882458,-0.27693451670674013,-0.2402085675429944,-0.2569500790533416,1.097513929005109,-1.1008229266680192,0.4690331995775313,0.41405671486093876,-0.5600080047906547,-0.3434238720868105,0.3648781970484884,0.2717288501145888,-0.23119683841048613,-0.09988862411283693,0.2984268742292032,-0.40812323984761895,0.0625043128706097,0.35933176670459277,-0.0731155487627459,-0.2837113178903043,0.0
0.0,1.0302529953993054,-0.225760761676359,-0.8041971943357709,0.007320700724445198,1.1729173068439436,-0.6668687440513783,-0.17690617981607712,-0.20478430991239965,0.7586137156358307,-1.0254058230789342,1.0178693369041925,-0.6263222022886029,0.05117401713665991,0.7514144034972229,-1.154006167180026,0.6873376099149578,-0.5523767973304254,0.8686439609071164,-0.21869245806437365,-0.5875011647435633,0.0
0.0,0.06588029310608877,0.2471005609221175,-0.557025584777969,0.44947462186301285,-0.4333684761151693,1.2608339938385442,-1.1714364097078078,-0.30193221827717703,0.4752532054617772,0.2653797619351506,-0.23215503527897088,-0.20265160162458326,0.3282098321644877,0.0830409635005254,-0.5911553046427304,0.2919530292646381,0.1515816357471367,0.014289166761412847,0.060287201400691166,-0.3294304117231765,0.0
0.0,-0.8481590768137172,0.12302960770677307,0.6678753869949658,-0.050162988023289334,-0.7148757309799888,0.6319002510822748,-0.15155806571297153,-0.4330530791920586,-0.18140679458866668,1.4748779545643451,-1.3094760959415888,0.42251863852194044,0.17335102965029503,-0.7186543188380117,0.7581175488533192,-0.6426917101389871,0.8807191640917056,-0.7777684589788845,0.07078591610282987,0.3339956647289266,0.0
0.0,-0.7298976946999931,-0.14213327626598282,1.164466060789214,-0.577326861894824,0.12466762007047275,-0.8992494587291068,0.910643622799359,-0.22662655675024787,-0.30041700743541694,0.1547376319643236,0.2525983397072496,0.09101480606441865,-0.37333588396120043,-0.2895922291986975,0.6598127108294065,-0.12407285646780462,-0.11973676681881038,-0.14901990285414873,-0.1614921449019563,0.6404770415821727,0.0
0.0,0.19528791486529046,-0.13156204614221761,-0.05767074990141808,0.33869880534242486,0.12603423064994862,-1.059241735761705,0.4600754859076173,0.6114973187925402,-0.054758498263025736,-1.1140511014977446,1.4084622089225856,-0.5275724175458106,-0.5345946692318668,0.536897266914377,-0.3600005990521721,0.8931726843498925,-1.1106922408775064,0.41326947805529207,-0.01477275448860733,0.13458890039638693,0.0
0.0,0.8237077001983492,0.17487082931729608,-1.09098702730551,0.731097089327027,-0.4229016394107373,0.18905403965452058,-0.5310581634350684,0.8316809165130957,0.0434885512765268,-0.7828504193274914,0.3493532039530869,0.024414824405045676,-0.1278286436936628,0.43408721286691787,-0.3495585889422726,0.05203561200612891,-0.1632677378309136,0.0735852974515386,0.44680523498678554,-0.5359674081142639,0.0
0.0,0.5755480878783863,0.12126651606431707,-0.44066826763904593,-0.33709398413461883,-0.016960081208034678,0.8988359428056897,-0.7086790385961677,-0.04306322103366629,0.11577619301241136,0.8934739972187306,-1.4905530222070096,0.45197077977176836,0.6901229644710466,-0.48365078785532745,0.35419363518642216,-0.9473360689652772,0.9062259933388289,-0.2846520076461902,0.1311761540483706,-0.3348505959235926,0.0
0.0,-0.2954525525364248,-0.0004579931252101453,0.7320857043743337,-1.2892519927413626,0.5259796672867161,0.18309335172825195,0.5686037125562572,-1.1657225555744655,0.37713494652666313,0.7336935735210453,-1.0907339679560393,0.1996320816174713,0.677080480234414,-0.28137409775432765,-0.099243634480115,-0.4082037970718711,0.5083845377506696,0.23518766997308305,-0.6190384403607173,0.2687487221470539,0.0
0.0,-0.8329348656544913,0.06350681528297784,0.2399883447117997,-0.21858397880401242,0.18269690662065943,-0.20215206187371867,0.5705794530876833,-0.5094361168435458,0.1125057226413632,-0.5529109356141799,1.022495060589554,-0.5605238148559183,-0.1457085643906867,0.5517497163008849,-0.7191549100453095,0.7955298854571243,-0.6087781624163089,0.3717010711895481,-0.3902499346742314,0.2809194521537954,0.0
0.0,-0.32082560771152635,-0.2246446119768319,-0.4335288635944256,1.3334142398214819,-0.7547506014431364,-0.012364107168456973,-0.3592562003988994,1.1536490300040227,-0.9228254837323057,-0.6007616523511146,1.393432796202818,-0.2557529081080648,-0.807096874264729,0.24944918202264244,0.08722593681631377,0.5496457747921031,-0.502395502571789,-0.33591867335437925,0.5509609256317133,-0.22270033526443722,0.0
0.0,0.4658427690791706,-0.6709888282372223,-0.24376161641324112,0.7896222320142842,-0.022693024975122607,-0.32196012711277133,-0.36887445084614984,0.707354892496188,-0.49386920345222574,0.0013005644993163128,-0.055961242577527257,0.7113463968752252,-0.5804006819571524,-0.5091231643636186,1.1560561080702323,-0.6575640994684572,0.34452854179164427,-0.6708237812341826,0.5979415924855489,-0.20039240108973425,0.0
0.0,0.26920771465767346,-0.18482367703606123,0.32507652216083377,-0.7190815893707968,0.8717102968109833,-0.4408113055198962,0.20060318620676085,-0.803715202870409,0.7075386234300249,0.6129032054570088,-1.2468462146032047,0.3654234798488203,0.5077391552667764,-0.6433360305371821,0.4124036638125578,-0.2479134680591741,0.11433893554024083,0.1735899882988952,-0.4022087269777964,0.3409330333941761,0.0
0.0,-0.2610520267928883,0.7929891292509037,0.11631771288798105,-0.9402533039989345,0.20128471662235697,0.5112833496645468,-0.039533601560366935,-1.0085645828876493,1.0273062105423099,0.11053185423669587,-0.5244876802879794,-0.4987529515448954,0.723273685874133,0.5931418484921218,-1.2546061655426195,0.5669675106441843,-0.25995586153768135,0.7320832567041105,-0.768141608209993,0.28586714404187763,0.0
0.0,-0.1168112835431677,0.7860965678549827,-0.3510055087560696,0.17203236394186783,-0.8221544161261423,0.81553680538872,-0.4794037382608356,0.23574009383773892,-0.08432718305270684,-0.2138378092695362,0.7013884128512247,-0.9371030298432125,0.2835010181614194,0.801791927324591,-0.9602780838094669,0.1393858315308755,0.24500496970811275,-0.08904140975934915,0.31685074522872714,-0.45598285894812135,0.0
0.0,0.5511097963222525,-0.3755051981710325,0.13367109593646856,0.5210677604370643,-0.611102151871812,-0.30769275397435014,0.1609312095782443,1.2239343881491276,-1.335998212727721,-0.029643791924527246,0.4427810487544741,0.27285427134813073,-0.5576373304745176,-0.2397978245659486,0.9627465128521164,-0.8513089668504069,0.49299142598658524,-0.48003229042407286,0.7245521276585847,-0.5471984517984019,0.0
0.0,0.4481321795337919,-0.6891740993303715,0.477771916699829,-0.05233737731537776,0.6056352261817896,-1.3190826157683837,0.932657508654985,-0.03653072192399637,-0.2597596844778155,-0.1992713796896153,-0.12081300388666737,1.160770565271442,-0.8333018404346414,-0.696454740048163,1.0819105125758586,-0.16592264207823154,-0.4201611012495068,0.2120156671342475,-0.18185557645018863,0.39348966900556537,0.0
0.0,-0.5523297451206349,0.18559595573379045,-0.0010887867305972255,-0.016113323462634648,0.2905458050524056,-0.17986756286063885,0.22153832307641017,-0.7419900388280268,0.8769321662834956,-0.37369678534163864,-0.15612036411205132,0.11976919006294284,0.2520330949428391,-0.4898818543529514,-0.16506315091467333,1.0796188964845495,-0.8902051207355062,0.38809264964995827,-0.5550272356109592,0.751234816482229,0.0
0.0,-0.8019227986313028,0.5790052024689285,-0.4251222249680414,0.18293281292000552,-0.33311619889822913,1.6508963768819012,-1.5198015614959135,-0.1758511980988916,0.4846887925195944,0.316746334153137,-0.10382052893878928,-0.8649432353238433,0.6548303554886393,0.5246436505504648,-1.1250603300065118,0.4390784301691127,0.493232850520456,-0.5742366142239715,0.1790439252361212,0.016030437241682346,0.0
0.0,0.14174936514648576,-0.26017449920610114,-0.019182536153434803,-0.12542612959477373,0.21171975792979278,0.36697308210585505,-0.43785494977596806,0.12244071285614866,-0.33996965683292085,0.7655958682335111,-0.1992835875113969,-0.7188009667635967,0.27784152646475735,0.6357135619088117,-0.34720608100040573,-0.7281111904137884,1.0582878154256605,-0.5433890110926746,0.5143940864258121,-0.6845934080295285,0.0
0.0,0.822844314907147,-0.8174972668277357,0.20278731510519896,-0.20452638634630324,0.7481442722086424,-1.2071172687793463,1.1144855495154342,-0.091780175122717,-0.4592961275891331,0.06121301479232501,-0.014787926705690669,0.3166734561290009,-0.4660609523489825,-0.02176194859670346,0.9340058858088024,-1.058242009491018,-0.01372199245825556,0.9239642541631041,-0.4290587032421655,-0.3355694931541611,0.0
0.0,0.07092276558297318,0.14653843258635477,-0.25952553492259967,0.37140367760797877,-0.3371119985902345,-0.5585848971498976,0.8748449665413475,0.15875934377034615,0.013141098304433094,-0.8974744553507561,0.2831737864433942,0.8183539246242747,-0.6215959776069531,-0.3903410879263731,0.433878716079274,0.522984023892424,-1.1579262602991387,0.9673523135564005,-0.5063028010327315,0.17292178444065387,0.0
0.0,-0.6044433147283512,0.7779500893465532,-0.200199285437778,0.2326512939773009,-0.9902483568618684,0.7541380853223414,-0.4357501914177934,0.6088513189459104,0.10214620690054863,-0.7532335190347919,0.2834006337637012,0.12306494740048035,0.28745427674195034,-0.46138803151548047,-0.3483841745450022,1.0178744304328606,-0.399468873040365,-0.6702556918053129,0.47603986393988895,0.2709939258099347,0.0
0.0,-0.2741588903198492,0.1944165208721751,0.6538182521883658,-0.8285712403970961,-0.20866702547746024,0.8499715964558998,-0.7267578890608137,0.20814998877936816,-0.020606357973693486,0.508648725578478,-0.3655493880016649,-0.37583513645754957,0.5911626134959265,0.04397492474109204,-0.5950249885201829,0.03458955874415162,1.2508210003564737,-1.6781051543862777,0.6668686901600032,0.2730038169166448,0.0
0.0,0.5190853949248385,-0.46119745481392016,0.3090012628206519,-0.5590973325429426,0.8362256800298926,-0.6139709865160298,0.3698216812497728,-0.6786403400649907,0.19434134429616368,1.0028299611403295,-0.5751567508169805,-0.3743622262277232,0.08074407779648445,0.48453515429645144,-0.04958852411591566,-0.6855020164315406,0.3336435577808483,0.19871399469851925,-0.3205344787555942,0.2648056625741205,0.0
0.0,0.4980934881802701,-0.17728835182385652,-0.7273124360340822,0.6912866187465351,0.4448576006107456,-0.7978935430037863,0.38628410807266966,-0.5945744817423808,0.3826406947916897,0.07263246972053664,0.32804455996525267,-0.16489396798420153,-0.46725761397492815,0.33045355617534755,0.5145072997823246,-0.5495407093607,-0.7848606420194677,1.7771087715701483,-1.015508498543693,-0.19498720698598296,0.0
0.0,-0.21990620320950938,0.21536695770312642,-0.736862978149938,1.157020044352277,-0.6420273337240571,0.3955411954612415,-0.6883160581773051,0.4512286399744306,-0.036782409490492524,-0.4774698546270055,0.6660756515539056,0.21162870941207781,-0.45280445899958893,-0.13387464955421624,0.26427678879292227,0.21637934107719237,-0.8537534351057727,0.5461587192215408,0.5575962286703504,-0.9346791222859877,0.0
0.0,-0.5889697022273541,-0.10772157944742577,0.6184243022398078,-0.3420271014075665,-0.09986346904700724,0.45014093597158095,-0.6126857741506085,0.7365424603553904,-0.5066182878299634,-0.23446223049810497,0.19094947399736079,0.4075380634715392,0.23496681418315465,-0.5963797934785261,-0.20837448582822574,0.36208282684076165,0.6370446220771075,-1.350517397592738,0.9203986755172442,-0.2950412581084786,0.0
0.0,-0.3120750107300045,-0.2812294421272355,1.2305244555957606,-1.262258227563316,0.49230793403760353,-0.343234608232754,0.7475174330192509,-0.44176831243274517,-0.11685859280521362,0.14040561388879144,-0.37822290375690687,0.3246513552190492,0.5147539915092294,-0.31528874759531267,-0.5569993803708075,0.29963872417930776,0.927225324945475,-1.2011396770650622,-0.21628767297562773,1.100750467870894,0.0
0.0,0.19122039119315173,0.23404970133449549,-0.44816446435319535,0.16488714743622257,-0.11712784052345426,-0.16344919610141045,0.9032318573924857,-0.78758124778085,0.22022424651891248,0.12660899723853333,-0.35163566066010715,0.009815309962799376,0.14744252184869744,0.3521391645889437,-0.30847996873714073,0.09423114230342422,-0.3983982381400487,0.9305588561015219,-1.302904671540558,1.0550295875993039,0.0
0.0,0.5805581241741762,0.44733707513955523,-1.3028128425908159,0.9831246754751983,-0.6573560236798608,0.5511972046793798,-0.4871534261206718,0.3771157140033655,0.004795916465083853,-0.1293328287750704,0.17240941076568786,-0.422047091819724,-0.13920420274074738,0.4536358602556432,0.6420551913535447,-0.64714938967732,-0.6498188625932445,0.9379418537101276,-0.032069666935084784,-0.6503572474816596,0.0
0.0,0.5373250664540522,-0.3153851419464546,-0.08405203218380933,-0.0738301499565531,0.2923889831611078,0.1601292629411562,-0.7806784647942853,0.7980653712839992,-0.11926932883999948,-0.14620034847255167,0.21454281136198403,-0.3832817681297569,-0.2479205013729495,0.3257089975059789,0.6412597899604394,-0.547278682147321,-0.16839994927452454,-0.23771907653250554,1.6723507622371312,-1.8427352818418263,0.0
0.0,-0.29371375645857134,-0.3423002204449623,1.104049823274541,-1.0712641961405567,0.9254858682463648,-0.7144208322864396,0.15975571749793785,-0.024867309005778708,0.24297938843823538,0.07303055912141032,-0.28860890585951415,0.07910038315504458,-0.13301012474768967,0.05793246552930182,-0.20212142534959307,0.432986803011739,0.261606427340857,-0.6280162449448046,0.07736523672097279,0.1399808115844174,0.0
0.0,-0.9230689238340839,0.221352453476315,0.3274368139572852,0.18496077344941844,-0.3450287174035719,-0.17338530125980534,0.6733920303010583,-0.697984339238803,0.3179732055569548,0.18064818109096148,-0.3669237894327221,0.23614964262735474,0.2315220296803519,-0.47238448302441904,-0.44489009072889585,0.8180710053023921,0.2834442423954987,-0.015630210089959712,-1.368247185657811,1.646339879983167,0.0
0.0,-0.4097600743339977,0.3759508671086619,-0.541866210709317,1.2374144784431933,-1.2365557723063192,0.6033526320389655,-0.06232015823495342,-0.06251087482351156,-0.17384463152359125,0.03906436020351068,0.19217777776779874,0.060477218934695424,0.17948849881423867,-0.5582880467963894,-0.16204339029854736,0.346851133303273,0.33874823872177134,0.06967046166419452,-0.9612461127999368,0.967749012422347,0.0
0.0,0.7356413586104996,-0.3943330071075797,-0.14230332489631378,-0.04755838888514864,0.2501898651589381,0.19934073696010418,-0.45875334346289603,0.5392432679855979,-0.5187672932345422,-0.11282898355398133,0.5813378576861171,-0.01649793596372159,-0.3564268566334646,-0.0008721853726063368,0.25896974418338253,-0.43853789206966676,0.19166655595672144,-0.193440559596329,1.3309915009221103,-1.4890592867775656,0.0
0.0,0.8452266848876199,-0.4092799218021231,0.28715499015893375,-1.0276894133048857,1.3789795516801697,-0.6702834824320718,0.01806973935668279,0.01610433552924521,-0.03971961193745531,-0.11526520849535528,0.2462256131253664,0.051891731541803286,-0.4313924628877417,0.4828294546822551,0.19459958292275842,-0.5869807676496547,-0.33994565915235514,0.4000511021538261,1.2463446334349333,-1.5599824519023104,0.0
0.0,-0.1614602061325879,0.6342334352772837,-0.3591898306232932,-0.3438637533782871,0.30771473989574594,0.06354070342422583,0.19481858587240275,-0.5395715244935444,0.4115344584562619,0.1308642678041972,-0.4163172364675992,-0.030530171984441794,0.2179752024057093,0.3262190837764956,-0.21036604752656315,-0.09154780779661835,-0.6082273419694506,1.061441506377271,-0.9938973913031223,0.8881830848429726,0.0
0.0,-0.6747516116725482,0.6001559027149561,-0.37190736632680405,0.9049268134171777,-1.2896585488175394,0.7861923870812402,-0.11480569083052575,-0.19375098565264337,0.22241003608775656,0.2193938035422165,-0.5440150435989258,-0.1469083162804552,0.7850750949223313,-0.2646198098405482,-0.225130309683563,0.09654775361798501,0.15520665003004722,-0.2150141452668791,-0.7705092745856279,1.684614767661607,0.0
0.0,-0.18488698042058194,-0.4567194448124344,0.6649894556878899,0.23023157224626098,-0.6938505510999663,0.11900431117093273,0.017592670845244823,0.4729446489466221,-0.2541512550486257,-0.13941858946155355,0.0003685732993047781,-0.019135931644570225,0.25392878409144626,-0.20469306703742976,-0.05460807289104228,0.14168029233080043,0.8582674425982885,-1.5735738863702513,0.46114631274915996,0.35442013379018045,0.0
0.0,0.3604299330963194,-0.860131933778483,0.8822423019275469,-0.690439883801569,0.9619231959010102,-1.091453426041821,0.34525545402773317,0.47874225192342296,-0.25665943184648193,-0.42319365891369864,0.4386311532656847,0.2986372185035986,-0.7003797159521725,0.1574275230984434,0.16391081888331993,0.41164156109392536,-0.39158115047059516,-0.47489526434205886,1.1281363075679525,-1.259002170110711,0.0
0.0,0.025740422607874926,0.27315500945375243,-0.5799473724309976,0.06096050847591923,0.5805991365057327,-0.44069306320580154,0.09875300012787201,-0.055661021777165136,0.09448590469042531,-0.16010986685977277,0.3432335562991648,0.1015573526148213,-0.5977813737058113,0.10301319061597247,0.4820543817471513,0.05546575739503539,-0.9425682757299088,1.446482059730494,-0.6711631728535405,-0.8091786482614661,0.0
0.0,-0.17634611231820987,0.9261308426693242,-1.2848481222331294,0.6823171776311896,-0.5823848374758613,1.09713108158024,-0.6101534624505766,-0.4059828822343706,0.1990970720674115,0.5392533914259655,-0.2279206218626136,-0.33532373678679633,0.27668467442735856,-0.11566451561713442,0.29842273106923767,-0.5480787815813425,0.13243797816352423,1.0429111547524244,-1.2698171385650667,0.03360566701004469,0.0
0.0,0.24752855927390582,-0.33430140936905406,0.2560144272195109,-0.21277182632653804,-0.2784419722000215,0.7471167322709188,-0.18383591250529685,-0.5087798638712968,0.16049372678228718,0.5991169882519126,-0.4104942763945205,-0.33478078120208443,0.6213094461707611,0.06453956709527342,-0.5791146382721494,-0.23889457573542555,1.4739336763222055,-1.437599229330867,0.12914073638693233,0.31692776565078445,0.0
0.0,0.24439839105910138,-0.8114777927766084,1.2193633574720568,-1.0032410768279414,0.5703591992057337,-0.6277054689705889,0.5016315308582937,-0.03535376840059367,-0.016300178026413127,-0.1855895305394723,0.05790208429254485,0.12506180157683475,0.1179148922194985,0.18580767631618236,-0.7893005321827292,0.6301102309726159,0.12783583237113924,-1.0365513362746406,0.6714178779251238,0.3013228235127817,0.0
0.0,-0.45639947833524247,0.18181919214109382,-0.06378124614711085,0.31379851467098097,0.06606775333514713,-0.7816133484471559,0.2966537684945235,0.7677907409760949,-0.3264900353329942,-0.6825915221295704,0.3605967192909038,0.5932350821371235,-0.43214727918870754,-0.2574767657580348,0.25333888957897144,0.6348052143790844,-1.4188825936883225,0.4148051332125232,0.34686100278934284,0.2523823989765494,0.0
0.0,-0.5037414397418701,0.8256660761454446,-1.0086706356751558,1.19961479746139,-0.8529324978190883,0.05062533145593448,-0.15609302038625497,0.589969540961633,-0.15274921348628157,-0.43336081048629205,0.2750915583070492,0.2843205464054063,-0.2356307847743436,-0.4220322174464521,1.257221393508564,-0.9571102484679664,-0.7580035667321616,1.067798521090469,-0.17490767430052026,0.08364006400874438,0.0
0.0,0.37801067402795724,-0.25262469840079627,0.10794931065431634,-0.16920027936775914,-0.058926404434203335,0.4322803871521426,-0.2288606885658243,-0.35680773532658183,0.24338634174488857,0.4224807347364335,-0.23908463972185523,-0.3292395684628729,0.1667147951704964,0.3360016583646607,-0.0297601591497658,-0.8544154144836931,0.32460979002387585,0.3729925460765046,0.09811274989174089,-0.23671027880146323,0.0
0.0,0.7415050029348982,-0.7791240443824717,0.9833987447661753,-1.2895512971504213,0.7491468761791588,0.15120347447712584,0.041517309751214176,-0.861130137601263,0.35255744521810756,0.8155819111186562,-0.46138916137868136,-0.5661886152584223,0.35958653257668005,0.8705399477695558,-1.4532080747339975,0.0645048421526559,1.2039324880906834,-0.8250162312122093,0.2996392976620644,-0.2118351892699995,0.0
0.0,-0.14950204557509406,0.4459252386772484,-0.3856157857859547,-0.162736896042072,0.3761041159826331,0.05525812945416972,-0.10591736006942752,-0.26735845588558266,0.14224407689273033,0.126583771356945,0.0710267936423617,-0.22978552666181368,0.3132866090764663,-0.33060231340371365,-0.6084124614915205,0.7730550075685795,0.30377510081809883,-0.24498977905710986,-0.3148095345947407,0.17711933989367726,0.0
0.0,-0.6138597160137521,0.8704608658001245,-1.0471309423024726,1.1364037148969033,-0.6311098416874992,0.022599686181510193,-0.20097677217236737,0.7221223855019384,-0.3875821134790152,-0.519573188677559,0.3856837019383403,0.6443829266856462,-0.47184359535599596,-0.9620210923198458,0.6133028846254861,0.7677330068018334,-0.7755521422078018,0.6213116244689604,-0.6381040282833156,0.19294195823065124,0.0
0.0,-0.0009428494208132722,-0.4815067433013724,0.32353867660481284,0.42915206189600263,-0.2841481862463423,-0.3901805838353977,0.23882121293948394,0.5807950221812158,-0.34958664256819544,-0.5913934539715068,0.35433025007007474,0.651316733005215,-0.8090736427465899,-0.6285873741440943,1.4279940838860208,-0.4592002048331034,-0.18781506200471104,0.03535456918571811,0.1912675648017503,-0.30741924960219935,0.0
0.0,0.4312512840510227,-1.0651821647616826,1.3522052640402191,-0.9092617565082156,0.390488465071067,-0.3974367394654466,0.5494908741585433,-0.36715280829003316,0.12363067622520704,-0.0006745926056368839,-0.033924793899299234,-0.3557141446803166,-0.1491594815168062,0.3726156494247657,0.3018814394079857,-0.3924408735882171,0.4171250742348777,-0.5789646075300082,0.6232704233666301,-0.3858630291680696,0.0
0.0,-0.2145071434058675,0.25245496446649307,-0.040484571721880025,-0.20309552134426584,0.001290911042587262,0.5216304481589472,-0.18441452111501377,-0.47813778605739793,0.23495119127919517,0.7187645801626174,-0.6637588880562585,-0.8145518657957469,0.4182555709785534,1.5131973442320545,-1.5347055405566077,0.36566606536676943,0.05294764433310528,-0.06038260387793331,-0.09637231988584767,0.31525013100133203,0.0
0.0,-0.4122824236869259,1.3674722895385698,-1.4961831492537212,0.580885505496625,-0.24013765583831556,0.7572375799893838,-0.6962846661912818,-0.03370414991045606,0.2097516184473515,0.26304606477860754,-0.482426464866397,-0.6584631520025986,1.0117809976848968,0.09304346905594521,-0.4314529317482028,0.08518476121631907,-0.22561295559533126,0.5349134881192554,-0.584589363520735,0.5778268357934417,0.0
0.0,0.4574854622144709,-0.24338582508321718,-0.15019904239548837,0.02290880271059339,0.43925087734398793,-0.4212694078453305,0.03249167754261763,0.24432290297885342,0.03088841996071787,-0.5954443646298313,0.008216431992600873,0.2680314031374293,0.444959640084217,-0.9409152134727061,1.1217373945852867,-0.7087383445258559,-0.0006365327439586364,0.12960413081075126,0.13745256319884608,-0.08852333951346641,0.0
0.0,0.7654668782818477,-1.237125983969382,1.1287435240095773,-0.5497797013514647,0.40390113054087035,-0.7712634486709171,0.5625611464440988,0.25653891698648307,-0.39529578683622724,-0.6590738901284255,0.2592130102210554,1.4921997669938603,-1.3541701705706792,-0.2470922103044068,0.6042559771804998,-0.07041197539418435,-0.016172645576719876,-0.33580942786383094,0.7456604333259613,-0.6098444695954077,0.0
0.0,-0.5360664480921431,-0.003726559346009928,0.3950167011672285,0.3690784135262827,-0.7800169480226214,0.16529791334385438,0.2687728582980356,-0.0024532240799698245,-0.5012770832758017,-0.19495478093052426,0.6968495331777399,0.21635415002467287,-0.6723490365409232,0.3619561797671926,-0.6356709446186358,0.8368058159753315,-0.21258227167868565,-0.12272840986256812,0.012100364176668255,-0.006988338475809037,0.0
0.0,-1.0754441731575435,1.1678634845336577,-0.7378946884916386,0.5711368149433931,-0.7148473589296428,0.707825255317887,-0.34398571968926256,-0.3410791241971442,-0.15858992018463167,0.5812865573385813,0.43689781945872525,-1.152454884045632,0.854605332756526,-0.03267681924604594,-0.7362316633054937,0.4399414070798901,0.22320197534949746,0.19359337250799483,-0.775974864016281,0.5387284474031235,0.0
0.0,0.05916320987574273,0.23612371294545198,-0.1026387263084485,-0.5328985516958609,0.7439330120822808,-0.11389586927940919,-0.3566156417083258,-0.47228287884435555,0.3635442587963248,1.0317185569912621,-0.8365115962977667,-0.5453672702500005,0.8919488646216097,-0.370219167472617,0.19682041585021245,-0.5952681701011936,0.6341787119235207,-0.011283896757834007,-0.35771371896995297,0.14799591640164803,0.0
0.0,1.4010066310840201,-1.2016548597053063,0.47191019082895774,-0.7115063404807056,1.0518149786554896,-0.6652750823883053,-0.24416110973838526,-0.17992961319077608,0.902635021351246,-0.15840198088454532,-0.6457444939272745,0.5663030500105906,-0.4844706377367251,0.2614077215781025,0.5317707878177717,-0.7307766583948455,0.09741402096571425,-0.041693623061426176,0.5895634416462658,-0.6405553826397904,0.0
0.0,0.3659378013994914,-0.0869094151621082,-0.40309619802014446,0.6099441968595138,-0.5648880544261905,0.020899411732118726,-0.25590297771862297,0.6151070310996937,0.2465373140693894,-0.8966898911550463,0.3143300001273289,0.6385255683683684,-0.9761911025340172,0.5785454900472595,-0.05150741394976345,0.4153462584435028,-0.9237755609300903,0.23855453697973833,0.48660999850934383,-0.3823805258397358,0.0
0.0,-1.052609327363757,0.9662201164697874,-0.6022354597252465,0.8167538473511304,-1.1869996182245524,0.18219852336434236,0.2594118258903657,0.8909508915843563,-0.9908986148809457,-0.3106511789280172,0.8314560857339974,-0.4716501111810172,0.23345233408912258,-0.15640485054120756,-0.0650556951459849,0.5372273251490434,-0.6286078937934722,0.10972909888442348,-0.21345210534069556,0.567695695156371,0.0
0.0,-0.8413390633045337,0.16643584275916068,0.8585971159874048,-0.9505224912766964,-0.022933646976723877,-0.1579069065259084,1.0899697593043112,-0.4768407013438395,-0.5796273554282259,0.41994642259956577,0.047653191801181605,-0.4105879658776902,0.9249664488702152,-0.7308489541305117,0.1623867061977979,-0.29421184129190364,0.7658485778600389,-0.6066352589464615,-0.33547102676299734,0.7351290680026485,0.0
0.0,0.545962754905301,-0.856749735974553,0.7835308035686438,-0.9985980720960169,0.5610074534767397,0.07319749917866893,0.3340588897566348,-0.8198839615090724,0.30206073593191357,0.5401114271907212,-0.8164021417755305,0.48767530736304165,-0.05440968745080917,0.15605429717835853,-0.2620157174750891,-0.3304030109234527,0.7652420426636184,-0.38523716548798936,-0.07511393700310569,-0.05293862651067977,0.0
0.0,0.8243812759995343,-0.2875732154415729,-0.9452942289187976,0.45601213850466027,0.25132597095113546,0.7787812468015136,-1.2571632847425251,0.0026942843190863666,0.7707077936872582,-0.3324826736887348,-0.23619237008889812,0.5248910639447878,-0.6317960947364123,0.6429908735532426,-0.48210709636889737,0.1972607953160248,-0.3925995288770587,0.6224678644948922,0.12609491119323893,-0.8502617909087098,0.0
0.0,-0.05333845641280395,0.6830754510010214,-1.4916353141672247,1.0771019709329672,0.16550873394877827,-0.10931925837153991,-0.8156161121141565,0.5333648064038198,0.1792793970882884,-0.45779385545370654,0.7182886160622669,-0.5534102300818066,0.06275275667319799,-0.12462720990271146,0.26777766283120075,0.1426485517376255,-0.7187753893535426,0.7335956182811805,0.02814203923531232,-0.6338103364289723,0.0
0.0,-0.5273647701150473,-0.06568421065140674,0.18981919684183726,0.25637056558521,0.3751855010299976,-1.0265562532755597,0.5220514573570378,0.2772294005463138,-0.5963363192002655,0.3277059410277068,0.3510846890896933,-0.5681776149451555,0.3746513746140713,-0.5762919942401087,0.6763677796547966,-0.3322896297541443,0.1500204361374399,-0.26011355649357315,-0.05059708774401864,0.3288169285402376,0.0
0.0,-0.40265881019466054,-0.6169484340457527,1.9608962816226136,-1.0476131892993703,-0.3087849948077064,-0.31675084135129955,1.059473029549159,-0.49050293298320935,-0.3632669931633759,0.6682006780536912,-0.5811915272228277,0.4167839436058874,-0.30757630071701864,0.07287726811149096,-0.07632971587897334,0.01728681885754015,0.659034719710119,-0.9739208649269891,-0.03484275867065428,0.9001604488311725,0.0
0.0,-0.10822728297845645,-0.13188224704466245,0.7545908943810302,0.0359947034832249,-1.1241527613193942,0.8645580174760382,-0.06448825250890389,-0.2329943502246127,0.3655396385414035,-0.26784419561344197,-0.2555461169117639,0.48217448580330924,-0.40115098711248015,0.5040712620649676,-0.7023333910318603,0.5773732998873093,-0.17776748189627292,-0.2294635321156801,-0.007953148659967674,0.4189926529528863,0.0
0.0,0.23139558345719982,1.1520700196279725,-1.4953764741075726,0.6197630708380739,-0.38922686955932645,0.8008450076187544,-0.8195825109879205,0.3935076006524339,0.45274451934577337,-0.8381308755947887,0.40129274236949264,-0.3121298197090038,0.43568451607821806,-0.21079407335152375,-0.026219952104273997,0.10529837711444089,-0.5356447566010631,0.6350283563838596,0.13484682298336406,-0.5655988788188514,0.0
0.0,0.8563616584319607,0.3293496420197358,-1.051383922941334,-0.17670006304619792,1.5249851069548022,-1.0442866577445682,-0.022146594645389945,0.4371703397763429,-0.2954704219397231,0.005359249286595659,0.09681337587450797,-0.3567856668239123,0.5247134830385165,-0.4533962091384634,0.6640869218724329,-0.8082148573071399,-0.017918771955919212,0.6540831539972849,0.15052502560040812,-0.8112203840704812,0.0
0.0,0.7826811665391347,-0.9070353383708009,0.6196678411899628,-0.6922798543628819,1.0552801375370524,-0.7195524678954872,0.5218290107849745,-0.2544910457597253,-0.388943855060152,0.7242921245229872,-0.5445061596150588,0.2834079100147098,-0.36150483157532465,0.38766277912170827,-0.08878650533955679,-0.43481520110413613,0.4846326099019264,-0.050967038297676306,-0.11155146646650606,-0.036768761530267195,0.0
0.0,-0.7254277904959383,-0.3212477452594336,0.7836336237379249,0.34866885930750996,-1.1340773627980307,1.0676383053543512,-0.04113792434252742,-0.572455381887042,0.12732815822429305,0.14076004806835385,-0.022616538766331743,0.1950258286640834,-0.5205092217526802,0.564327439524021,-0.7035420612191632,0.5387064782995223,0.2606784571624984,-0.5404475512516306,-0.23080007292851662,0.6995958994331585,0.0
0.0,-1.490997172749207,0.34393399030051197,0.2080325126098343,0.9302161654265195,-1.4552929056475492,1.081594103102195,-0.3304102980076796,-0.15347935207227761,0.3241322095321046,-0.5389332249871369,0.6657078426394234,-0.4209525139817724,0.27318548707463397,-0.49752315630050736,-0.02005041067188272,0.8069033870544001,-0.3814967598399411,-0.3437380044925147,-0.05838678734840446,0.535474936714538,0.0
0.0,-0.47219860439570205,0.32423976670026716,-0.07368984950437714,-0.24479636408052496,0.8752229357612629,-0.8820103271585065,0.23018605897262348,0.4429235383971501,-0.23678546436273012,-0.1430086391300232,0.12494073337806248,-0.049113352161566676,0.31662611139815894,-0.8335558138124723,0.8084481538421172,-0.15017513836132904,-0.2673566517652658,0.01629045574265129,0.28812167776705083,-0.2927149312513619,0.0
0.0,1.2063229610370882,-0.4786938295185812,-0.25205285232744573,-0.5642254492437032,1.6637999486669908,-1.456881241850323,0.2863812907812256,0.49305327554714923,-0.33950127967815863,0.40142937377448407,-0.653518792963226,0.5472778092708986,-0.46880538571493036,0.23906196159346654,0.36256643746609607,-0.6395943529935502,0.06535979515203286,0.36145214186333924,0.17703442353690732,-0.6352690053729745,0.0
0.0,1.2909701335630945,-0.21768337478577549,-0.642630516644915,0.13915137656131948,-0.35098649717938857,0.6996798730654555,-0.3588156032023581,-0.053346379188938094,0.40943392068788054,-0.039958510329531044,-0.23451471938939783,-0.013443563132995245,-0.2705313587573024,1.1218918572772254,-0.8996059474134932,-0.16450748244384164,0.1938120188774489,0.41350644209974846,-0.31947461695809587,-0.14788766734117084,0.0
0.0,-0.07259713809981003,0.6452396363621483,-0.30649257734275837,0.4075171148314507,-1.3541236144738331,1.3983269302984225,-0.364363512776152,-0.4771166621549689,0.597892399427537,-0.32834174748089184,0.4580242606963429,-0.787023317546093,0.6843207773239547,-0.005255119303845764,-0.4659619876905959,0.135928805914936,0.22612104137235287,-0.10866036254413404,-0.2538950046115344,0.34290806716567895,0.0
0.0,-1.0386149890633816,0.45078894252134794,0.9613871033163828,-0.7837374938565188,-0.48220635488455643,0.20613196046350957,0.587473287847169,-0.27223523382753356,-0.24585551975560826,0.26879869425468955,0.03850007435673674,-0.12778328837249228,0.5980070511909407,-0.9616766453619868,0.45929292038324715,0.18474523325662437,-0.021814939308954114,-0.4775793744958389,0.1742779310501627,0.3233510150910784,0.0
0.0,-0.7455847117786498,-0.06081920048259609,0.7673069199192969,-0.620050619108328,0.9237296165225635,-1.330083291786088,0.6435190917998217,0.5002877284567376,-0.836279164236096,0.42558922924682635,-0.2984769782224169,1.0802947281787105,-0.9261895200224097,-0.2661376619508283,0.5404555174163613,0.2128788260447776,-0.3998322013446959,-0.22963390510499895,0.3525767407354202,-0.006096856665441901,0.0
0.0,0.4932427019861429,-0.6576525327337548,-0.39262792261392687,0.878076080820742,0.31469029837340873,-0.8292817146214542,-0.12952642443151063,0.4870626977961864,-0.0005896522613639261,-0.359434208513452,0.38320071904670105,0.3174493779258648,-0.7557366305698563,0.48485553841515894,-0.04102397624080258,0.036894082360723,-0.26879116174701423,0.23831821775729128,0.012338763620975685,-0.14483430728419083,0.0
0.0,0.8102149425911882,-0.45480286961456196,-0.9545146520649018,1.3038215975628469,-0.6768694343169299,0.9343060749618509,-1.146552454649159,-0.04885986810564233,0.8745449120853368,-0.6084182429155596,0.6670846297270843,-0.9339143087190152,0.5347510725356361,0.38976747262498856,-0.38217054832240155,-0.2978042023757777,0.2694928087640227,0.3399482922173065,-0.3346734738639607,-0.10167699266140227,0.0
0.0,-0.10354978506386651,0.27190625994341644,-0.4463747056856261,-0.14373775039774583,0.25863655273082864,0.6178305895862826,-0.38339212521441035,-0.6454257002331711,0.42163041342351926,0.6827293703935192,-0.6563637360528363,-0.4652296807507956,1.0123381473197155,-0.19831405205570196,-0.18206085427939955,-0.3398458575930063,0.5241346653055567,-0.03044378029043178,-0.13959622953776155,-0.10986619519515127,0.0
0.0,-0.7047294172001629,0.33152595218831904,1.004965156406743,-1.6929124135873335,0.9395590341288125,-0.46429255142507203,0.8702320813625806,-0.6651348000875386,-0.3427688544111009,0.9632424131759995,-0.9833763570468441,0.5095752740567774,0.05452396276393889,-0.0767791450584177,-0.024371473199308883,0.1475741702616446,-0.004085704784541518,-0.1533763271133409,0.1486851386113731,-0.06748883502539096,0.0
0.0,-0.3533172602883231,0.1946842762580942,0.42698892242559205,-0.5649170295710768,-0.065384974075791,-0.11475845264554445,0.475266457770876,0.5727833458167256,-0.8078362333948426,-0.39435879877059465,0.40164019142158225,0.7097115290255632,-0.8519552949263351,0.125670843151425,0.18326793828846183,0.5019989635662768,-0.5766921330016471,-0.026794296987375454,0.1417495599033541,0.13563502030053537,0.0
0.0,0.5144993923885426,-0.14658365021491082,-0.6580350395486055,1.5752012942690763,-1.6128207732222049,0.43801101824135447,-0.13751030180353777,0.8565294154427668,-0.08804036891803982,-1.3596878765801854,1.324909146044929,-0.3138296530839203,-0.29982567184227626,-0.08582759132628522,0.4763968838193765,0.012952718945568405,-0.17352810337175834,-0.07955740302572262,0.021392785280066832,0.2535294500645048,0.0
0.0,0.7266490204932434,-0.38928818853930397,-0.4225898029687638,0.6268606443550957,-0.26048771856197106,-0.10652602774359733,-0.016053820614649585,0.033703597387849345,0.44315551096661165,-0.6455308302232435,0.38645741207209355,-0.3374495573602616,0.37967943529267956,-0.15405120652748494,0.20025498971169597,-0.29260150514898897,0.3836763694651631,-0.12324072041298469,-0.03995351041904799,0.07654265326626074,0.0
0.0,-0.1057778783948733,0.025830524108248584,0.4681802280048954,-1.1045494755195366,1.5327173480294127,-0.8713957325023601,0.08852860255630414,-0.5156603447269671,0.1344742213920951,1.6505995948349703,-1.8374829044801546,0.23295445131549491,0.4026027612219252,0.26541159237314776,-0.5357978460146068,0.019348619294812755,0.2788345560693263,0.17003678190443433,-0.0721998248873614,-0.21529104341228408,0.0
0.0,-0.7565122927054312,0.4866453471242871,0.3056890141914572,-0.8746188907000323,0.6923673774546792,0.37372687010166805,-0.6073291820550744,-0.42412298305674,0.2203929717829205,0.9142890208338598,-0.8522381357748097,0.01079914933260952,0.20033556132756325,0.30184096460554966,-0.4821293483942763,0.18568787336870604,-0.04253133745192739,0.36137142303920444,-0.031956460706677306,-0.28666216380187864,0.0
0.0,-0.3536326947456521,0.25070769793657677,-0.37084627719961316,0.9254849900373403,-1.095316629066068,1.0058981225503274,-0.6013649281925175,-0.09394461338383708,0.36412051777152205,-0.8918985863719828,1.4372276729147104,-0.6763552644989301,-0.1114763298488798,-0.13708215604222826,0.35377612705095407,-0.09606882968787203,-0.05006140071660149,0.09042113980376934,0.08547936682128365,-0.019475897591728054,0.0
0.0,0.6120469445079775,-0.6606320797327883,-0.09167618263600455,1.014718066436252,-0.8615802297133429,-0.20644486973460188,0.5335322568212519,0.3073815600747902,-0.46174842101534214,-0.8285632265526893,1.2277735612159115,0.22662110709784852,-0.7277829360053322,-0.28796224262108716,0.6471625781925145,-0.1256977280193069,0.00895685592943805,-0.2504017019731047,0.1300503801939354,0.32335757002055676,0.0
0.0,0.5138244004270295,-0.5328402161347692,0.4625582357108598,-0.5641076590143407,0.9313090044917353,-1.3026078598012285,0.9722869141818836,0.36368977783666184,-0.9945264939987045,0.1427278241410832,-0.22647415775160054,0.9884077459115224,-0.46106720070797813,-0.22358754399024003,0.04509091882115366,0.3344566012781859,-0.12268397599039421,-0.2350816832507017,0.07624098545827823,0.33496985977069677,0.0
0.0,-0.39580834291588046,0.6655941578595532,-0.004590349922055738,-0.8043153129256037,0.5651627716590085,-0.1679530663563925,0.10652151856775181,-0.07370072556063444,-0.08553507227858832,0.7470100630666702,-1.1817104527205637,0.2486924408771573,0.7473811225045212,-0.06054252323847331,-0.6058253239337794,0.3314651437827739,-0.05131210264450527,0.03679665370510735,-0.012081811792501656,-0.012113917721057937,0.0
0.0,-0.5219331688606936,0.910221230495576,-0.5810615412907004,0.08830354362946023,-0.6380200454792009,1.6074293529848633,-1.2471992757528947,-0.30050788892326163,1.1521937008322196,-0.30858533015603845,-0.3478631936452887,-0.6550407161416811,0.9720583914579335,0.2985664296932244,-0.4512795031935051,-0.3387151120843803,0.23562100999355137,0.25298125057343357,-0.08233642419541806,-0.33369902379436023,0.0
0.0,0.3610228094869766,-0.43922576781248657,0.055738195740700124,0.3620066095579814,-0.600111435994819,0.5624217622840995,-0.30552917432809223,-0.3002827138378504,0.8275555518958324,-0.5123156227916447,0.5140551829158236,-0.9037591433626121,0.1937111161344066,0.5026983746038757,0.338157056416556,-0.7976151158517414,0.20947471488259456,0.23624510057542447,-0.09087280589527928,-0.30870450637425584,0.0
0.0,0.6771986948609668,-1.052569976258079,0.48374340115401715,-0.05438971568229949,0.7403927341270213,-1.4078453227585759,0.8381997646050328,0.31056071629058224,-0.8370338090706855,0.486223637479089,0.03409651967804473,0.36709569912376877,-1.0149126478880464,0.3506104975031514,0.487668771920537,0.01847547831296811,-0.33663705930858623,-0.015350908453961141,-0.0264639270392254,0.015237326954237091,0.0
0.0,-0.4074208051739258,0.06737088958802799,-0.03114766081851241,0.16259498431477173,0.4416992362623468,-1.1300189481612466,0.6969004206692206,0.6173492499690644,-1.166036795299073,0.5326799098928829,-0.06431295536672425,0.777732927701372,-0.9146868112491242,-0.27274706086309086,0.24530015165739485,0.9281409948383056,-0.5421736377120675,-0.4294950234237509,0.046450255577631216,0.30639599518707833,0.0
0.0,-0.8877980039074175,0.8580275046041648,-0.4788588174769004,0.39625155759054653,-0.7786728926460353,0.8745589447367523,-0.44464335298590757,-0.11642994126874398,0.4187263378598367,-0.49854044639114664,0.5253890749249543,-0.30449717271634785,0.7187056579159131,-1.0712642414583355,0.09033282592846326,0.48254319041728644,0.2686370841572362,-0.6178715988777366,-0.00293407905802885,0.26837624134256305,0.0
0.0,-0.022819653786178243,0.09815510643784638,0.26776699305305074,-0.44089021205627527,-0.4691660180309292,1.4798077732954507,-0.8928208515436296,-0.5798019346361456,1.1689666836275574,-0.6455986914684599,0.1600564259924915,-0.338873020192413,0.6687318746399675,-0.19513801796321142,-0.4359581516103039,-0.2125370709864337,0.550056686567727,0.08618711237487711,-0.23408397767780884,-0.08360951535734715,0.0
0.0,0.9884948598177202,-0.7605796653897304,0.48596858463760073,-0.7955890468348611,0.6755666493217257,-0.3479753830292565,0.3228761727128646,-0.4175301837305359,0.07372220749304567,0.7613875538029374,-0.884083880076749,0.35879741235315904,-0.35422582498570737,1.105628926751973,-0.7762629061919512,-0.6232450705914051,0.19352108833298592,0.8162441387105045,-0.1962495627668457,-0.47367671733660377,0.0
0.0,0.45488241874923563,0.08193511065246621,-0.6017248255744734,0.21318244481153137,0.7758691108870877,-1.259326852601688,0.5965659989103166,0.5568880027782064,-0.9948894981919965,0.7088336289157713,-0.3158062528553876,0.11827517652810465,-0.2862159249492619,0.4001105103652439,0.19763183673111304,-0.7281878674032289,-0.18829487369975856,0.5543209090936433,0.2929777947530656,-0.41690371696126927,0.0
0.0,-0.5184336319675285,0.6941740106515918,-0.8026921388365117,1.1248600691830963,-0.7849400274404194,-0.10520355147418352,0.03384688662503527,0.6327521589550694,-0.30992832249190305,-0.6187482392987972,0.9723229128912333,-0.5943842437916822,0.3832890520432484,-0.7030624681125294,0.5985279570290313,0.08811114306016651,-0.5761743365216664,-0.13001211044872468,0.423728302236945,0.33073216963315677,0.0
0.0,-0.617211689770521,-0.0899722702329421,0.7263014144362615,-0.07135031628327064,-0.7262298896606537,0.8235336573292948,-0.4429123655980706,-0.15225904361940926,0.8545299652587387,-1.07630249786235,0.5290759187760729,0.10269834757278475,-0.01953360668947862,-0.5587013088279777,0.09183369376158901,0.8138097607647752,-0.32995409274278,-0.7772851327935736,0.2247714602259459,0.8832311960062885,0.0
0.0,-0.007845618673883597,-0.659537262215171,1.3953292511730027,-1.2116269815822827,0.36202658962439904,0.28701294989810877,-0.026524191761941172,-0.5484364377278699,0.2796052290723063,0.5047542531901571,-0.8994698499043565,0.8458970798190495,-0.6340766849537013,0.2275021395126236,-0.3746139062183711,0.40695414361464627,0.4199295324486882,-0.7407743291739367,-0.08639663723644005,0.49340283350569414,0.0
0.0,0.2924803587208519,0.019134160691975835,-0.4652942694947799,0.027131165996270464,0.7437409601441446,-0.5258287598811956,0.2845800927268622,-0.19536291496202904,-0.5059313494553492,1.1344326507129294,-0.7720768986247186,-0.09349920762651569,0.02231845226100849,0.3202939697523362,-0.17716640081880766,-0.33458902177298894,0.39126986367087824,0.48078858114961714,-0.5476835497571814,-0.4055220360508869,0.0
0.0,0.26426421984770426,0.7952647329006293,-1.6545569379586496,1.08755163858209,-0.07241553765077388,-0.14797223302595836,-0.10725335726682021,0.31146872540589415,-0.3962664451768211,-0.14389510571705003,0.9510078223687952,-1.2728342477299743,0.6257659461616167,-0.04786228658714181,0.2695750095571912,-0.6353538006875393,0.0649915104930085,1.0282695227522738,-0.3003532391414123,-1.116386541485906,0.0
0.0,0.3065380247588282,-0.24662295001411863,-0.2326603574173617,0.48168917495438773,-0.307979429250233,0.33184026249120135,-0.30877761152619126,0.1728042677602719,0.38044495757622293,-0.99146533946062,0.6275909144108355,-0.27636786318556267,0.07650180783197945,0.06008556317122537,0.05032352549408837,-0.04382417134797153,-0.1363626109263388,0.18297836100870304,0.29920247575234893,-0.8402987450840099,0.0
0.0,-0.14216626707980615,-0.6980999948654156,1.6797912502459222,-1.2778611669672433,0.17531051893117186,0.11082137197697392,0.1218936967601133,-0.1385056613147581,0.23944200805708174,-0.2589665153509555,-0.6944360038328985,1.308737370718177,-0.8043395271907113,0.14335495470765813,-0.19278317137074713,0.594000919038536,-0.130229654177697,-0.6970508281225973,0.10961510711028134,0.5438792562773033,0.0
0.0,-0.746923032791062,0.10387489298344445,0.6927293142913793,-0.43181210057455655,-0.05672415272627941,-0.10152161385650675,0.4045581673911862,-0.1052573001969776,-0.3715963902433803,0.6132508473071784,-1.0066263115713427,0.7301511658145855,0.053488549189330534,-0.37640501328494747,0.10740056658700534,0.37730245489919034,-0.008007967156676728,-0.8048835094151192,-0.14377168469794308,1.3988759645633988,0.0
0.0,-0.4018379239126748,0.9706655288444845,-1.2552779663622804,1.1097318433238483,-0.5453720188425466,-0.049883342862269094,0.10444482975787499,0.08966648793925677,-0.31807289496446445,0.053053936179570126,0.5099570067922762,-0.9613725665004453,0.8805283742357692,-0.39753966050560263,0.32005999575740157,-0.2652499099147234,-0.11308428826786043,-0.1314881142440796,-0.07675889169310243,0.6388215229309772,0.0
0.0,0.8551435459788267,-0.23520812764640356,-0.744627267664882,0.5185027401496786,0.20672798609525456,-0.13763561474646882,-0.30671194391718776,0.05619984935468946,0.18177493373884393,-0.43100762234836115,1.0760663829255348,-1.144763618961158,0.16361307261520583,0.6681879388526443,-0.18464159103569228,-0.48052003235486646,-0.24729697126988906,0.5762899060974468,0.4140952156223809,-0.9081411860673387,0.0
0.0,1.0297505647740692,-1.0516596939783232,0.7446722166117082,-0.8782103130659047,0.7982615237485634,-0.10568289704326331,-0.4162061604622276,-0.10202888200404327,0.2905163537525243,0.12541774871488603,-0.4224446058077497,0.7557580164942621,-0.950888516022812,0.8613635149849337,-0.37385231604451563,-0.3494542995719707,-0.12353794245825345,0.810495856096709,0.24333067972452468,-1.1787984074146702,0.0
0.0,-0.5991238487835258,0.2775129921192123,0.49752922373609776,-0.6384260314903586,0.05685867326824632,0.23442913344906946,-0.1302257518329216,-0.22451061868787034,0.09401286564232283,0.5482590776040094,-0.9462565783310141,1.0117067173392016,-0.2925602076342556,-0.5001142058773915,0.11510207563771997,-0.08286646901303202,0.3576049754468547,0.16234414298435387,-0.4342040844162517,-0.035154239125555986,0.0
0.0,-1.2706716856384477,1.1149471710025791,-0.6096685371984009,0.7514896064692321,-0.9906515193599436,0.2035938609866558,0.3030765363067979,-0.10853483384046725,-0.07558632653322651,-0.11284416060428003,0.3185690307438489,-0.3946099368087149,1.12571597148151,-1.4443126252899638,0.12394710667751581,0.47576535433962736,0.587355345062317,-0.8014237637735889,-0.41918953775563134,0.8805485708199418,0.0
0.0,-0.037372021979732904,-0.09275078650171471,-0.01396696092400098,0.385738885432896,-0.4185045997690219,-0.3008364940799849,0.39488995051213527,0.28073952782427936,-0.275756011817487,-0.46518056669922675,1.0452094860148586,-0.7703816060529451,0.09614487482888562,-0.07415957696825805,-0.3265087624591655,0.8957233838883294,-0.1618728016682526,-0.6265571082023939,-0.05337501396138782,0.6940057416050557,0.0
0.0,1.3615562660949942,-1.4069492844131868,0.6707278094898295,-0.6270676917559935,0.6782350117363525,-0.5685285146967548,0.06942960166648256,0.3708380089774377,-0.21001940322076026,-0.008144138625102309,-0.05322844161777239,0.45511021364346044,-1.1677802830811426,1.0390425930510645,-0.16478585793174444,0.04619007567974663,-0.4844543136559592,0.08177880516030987,0.4621950778656383,-0.3585089672928524,0.0
0.0,0.26412109859382477,0.11588059421537435,-0.3565309954583473,-0.2655184230813425,0.3871973110338707,0.24681198312895358,-0.453212864058152,-0.03213752870216716,0.28536758050920574,0.44097995558778214,-0.9126223476875013,0.40553537814934654,-0.6259597828653016,0.6168820636346081,0.9185843337180768,-1.2821908916276192,-0.20824807906521559,0.640095017531361,0.359090762867211,-0.7861805729698832,0.0
0.0,-0.926049704187628,1.3411472872616135,-1.1209546277585738,0.3494740741091143,-0.30988083530529553,0.7210056289289332,-0.35325309061317745,-0.4423100218582109,0.6153252892887493,-0.013559453813080439,-0.292465225799882,-0.6310273638208677,1.0047839911828658,-0.4017302531575002,0.3652618280092582,-0.587679042248957,-0.060855814353594065,0.6360908260639516,-0.3032758008212516,-0.10065922849757004,0.0
0.0,-0.5048251890926801,-0.006090170951331735,0.3393548996844959,-0.034511555592978506,-0.20143999589844486,0.027136128326399063,0.3539940645427515,-0.26566051275159425,0.034758831028707166,-0.25490436649316,0.35553385906197443,-0.7957631830073547,1.2614624721978385,-0.3748383907737224,-0.8881081143747184,0.6976886805777427,0.2098677282585853,-0.33799835853038857,-0.26650802079481467,0.5288848843243548,0.0
0.0,0.635546976847302,-1.2978932683198339,1.1772400498156244,-0.37509644502038975,0.17190905654207703,-0.593609292145035,0.4632088933443871,0.5125345714758001,-0.8972561579018079,-0.05413411459445379,0.07443990164679841,0.6611501977895425,-0.5319135064065232,0.34699385779927916,-0.9724439819535788,0.9148930146652738,0.4478920381085138,-0.9620766501695456,0.08955461904357871,0.4392005009665135,0.0
0.0,0.2792035791625276,-0.44724322807215167,0.12133024675688728,0.45105675222724156,-0.13393170711716074,-0.2566423875814194,0.0465739192213913,0.368027714805599,-0.5010719234112561,-0.16940013365190482,0.020080424222857707,1.3684185193850362,-1.3654696727027182,-0.1252765954622696,0.3865470881506415,0.04460647477544208,0.05878735865027853,-0.14128179610746036,0.14348425141239302,-0.1331878116983312,0.0
0.0,-0.5119811690009057,1.2623200712423803,-1.2272982646398944,0.6326604627514131,-0.16268198020611363,0.40292313803430235,-0.43036396512016717,-0.38649702177802137,0.5064900060462671,-0.3315736383707814,0.4975340793619516,-0.4027226233049805,0.20988388608296835,-0.7880666352573692,1.4440197883938002,-0.8984325713287018,-0.34032441094025856,0.8696739372524588,-0.13568814092596335,-0.49274273354048853,0.0
0.0,-0.197447273550875,0.6158607018617874,-0.17393241802136558,-0.4465034880648546,0.4791282088331045,0.26893388526171363,-0.3793042464345453,-0.63089701568997,0.5415863386689896,0.4144114629772081,0.07101515527025128,-1.13653014767104,0.7010139546315219,-0.0531751565144148,0.10008518868802029,-0.10153930248713457,-0.3947007099960289,0.6666319791771175,-0.05048868886147342,-0.34056058221966107,0.0
0.0,0.6898916954720457,-0.8488459681280548,1.1683087775519085,-0.9793126267062222,0.4787758051283904,-0.17326502349524325,-0.04267023410724474,-0.19744473736673643,0.0024007990380469756,1.007879676033093,-0.8930229559868131,-0.3628818020188292,0.08172597924688238,1.4034982720897948,-1.560877353517275,0.4994790266141821,0.24973777790353452,-0.48613624579662146,0.23032029915944735,0.20409927892895266,0.0
0.0,0.39202858559995457,-0.48865337790977176,0.22826125165557165,0.5865585770607116,-0.648699576633,-0.17116996226163061,0.12316127088576498,0.5398614245492109,-0.2637277945509616,-0.14289196305713234,-0.30826774066133883,0.4397605445876978,-0.2764222824910931,0.30776269170703696,-0.347414811178179,0.0590095876875836,0.6637467115896281,-0.8825496321752901,0.12046723591924399,0.6196070672370564,0.0
0.0,-0.5678438744338298,0.7638301227660695,-0.8432330525461904,1.122505994878575,-0.8192067224414761,-0.22902060605360558,0.3070167003758702,0.6164624605313426,0.028843164424689878,-1.2317080636801416,0.48650371794950936,0.5584438010322543,0.048888973004712497,-1.1713250706639253,1.2225963433736102,-0.429339641258546,-0.1712324693500925,0.14971724268171668,-0.20865310244025714,0.3518406363211724,0.0
0.0,-0.5539984349013047,0.46924220201573785,-0.11614311617963412,-0.3864176085243428,0.42279850013321246,-0.28420923091686223,0.38332872088921105,0.0726111648373009,-0.056153076262930424,-0.7473654279794588,0.5981518341479256,0.23524033251456133,0.021524886652244758,-0.9086613547376462,0.8104872028039511,0.18820444856493693,-0.8597845605501644,0.7690919683857647,-0.0951803116813714,-0.40846028385566086,0.0
0.0,0.35878772608383225,-0.6646298910089083,0.842377652836457,-1.2206506581309624,0.6774405077207721,0.41264578402296,-0.10471019046947075,-0.38136952636864174,-0.34229331755979525,0.7446840842652201,-0.19895352640928535,-0.08112378831451059,-0.3164844935863525,0.7984393100094223,-0.8601339679462535,0.4567401997417375,-0.14369329347510484,0.11634531674970881,0.34562213129692254,-0.7343810079029877,0.0
0.0,0.5405410795733462,-0.5409725523509806,-0.12781225390857343,-0.12623453324511325,0.08553803965976423,0.938589859864778,-0.491668968107167,-0.5602543550287069,-0.12911462004580007,1.2879032634982441,-0.5831033410879896,-0.5111563675215347,0.007307547677029017,1.1464458817641725,-1.0994409906877227,-0.1703046840679075,1.067356539414232,-0.6789567032472535,0.0034539519374048853,-0.04010110413546383,0.0
0.0,-0.21798801100144857,0.5034952058636728,-1.1372738684698125,1.0275012493922269,-0.37160010122745246,0.09961495421689912,-0.024439798252964176,-0.4076555213560219,0.5107629166166472,-0.07286771242681761,0.24662020040640356,-0.6160246558820895,0.6071732732956652,-0.5016572088964212,0.5857711128972833,-0.6975289987403944,0.5763856244783297,-0.04065957597184251,-0.6152175452703685,0.6491175209909837,0.0
0.0,-0.4734289927331505,0.1972339424918458,-0.35337643069909513,0.5884823041009974,0.20545705533894673,-0.9398557503743976,0.19866980984145888,0.37878974135670695,0.5010755829880525,-0.9711804703023692,0.3192383615873614,0.3928236335043211,0.008354041667122232,-0.8601759576221492,0.8609526555140744,0.1804540418985131,-0.8983875754906173,0.523012969716334,-0.29149787445055436,0.34115647546349537,0.0
0.0,-0.08387436654495993,-0.5877593049985609,1.2814802618437677,-0.7931586522201509,0.29734754735002566,-0.7199901667694872,0.026940710037109933,1.1403454368143044,-0.5589605476448284,-0.3223678238147858,-0.12644990237356057,1.1262404235882344,-0.9180469276802444,0.06270462590530372,-0.0534318821219081,0.8714093473002598,-1.0586832524538239,-0.022142737343892865,0.8185956358419287,-0.5579127992169554,0.0
0.0,0.11446038880377003,-0.3010532656828627,0.8869738435147809,-0.41853696791696743,-0.6300528876274968,0.3277792342243345,-0.005924408633835025,0.3138282444772868,-0.38887169297816854,0.3620655845218347,-0.14922592130411444,-0.04085507644379098,-0.03204651091011256,0.5879690981584411,-0.5928885782871626,-0.11370817640151039,0.5358348862302162,-0.6882509266347117,0.6638069961971215,-0.3429954269528245,0.0
0.0,0.058462990615214885,0.9500153179283863,-1.0262111913406624,0.5642102990892014,-0.8840778517708947,0.7541877489831119,0.30042155328635994,-0.9994882366928454,0.40289134748032907,0.3975911854794235,0.21365305953398717,-1.092104510371292,0.9645905740473635,0.040453964230979016,-0.13750504504083802,-0.8443407791960017,0.9595950042422086,-0.006636255773600688,-0.7077565418863283,0.5666503139306376,0.0
0.0,0.37850991683177715,0.599990987761474,-0.9179571431332403,-0.05869680916319302,0.33886109230041095,0.18217898030172286,0.0894068518951712,-0.8288174311085846,0.5263313131263693,0.23995339542577773,-0.05321906992905948,-0.4522160928145968,0.5329800678603975,-0.13931541420447718,0.0876666755518956,-0.3896206934576009,0.03377987589664745,0.8979072079307312,-1.0532280380025068,0.46114385223236287,0.0
0.0,0.6217031030789198,-0.7415406275440426,0.5104422969206965,-0.7936433859296469,1.3349997429051546,-0.5796168493133265,-0.5065885337218518,0.44925337499929285,-0.13896278983963478,0.031563285614776296,-0.27782076702758435,1.0437615705036352,-0.9387695567207673,0.13663425797609252,-0.05577551056389603,0.7160646861032304,-0.81985999021434,0.12182614157841588,0.6226308938116611,-0.6917358489706872,0.0
0.0,-0.2746492526446661,-0.5478513883150813,0.529065729956118,0.037152931024480994,0.20690736298170972,-0.12197961950587982,-0.5537728778282828,1.0127252400239042,-0.5550928320979052,-0.35761294530134907,0.24860095085820738,0.7083802744218509,-0.6871768088520095,-0.175614889182689,0.23453974489377313,0.5211886551064868,-0.2497449822966752,-0.7389034876279439,1.153548432045475,-0.7551166179550041,0.0
0.0,-1.1023544910546208,0.16335674857946547,-0.10574170665872253,1.399762586262419,-1.348564297273794,0.20882646073140554,0.3667390007062178,-0.14993692126545533,0.0706305930161334,-0.4889922304225224,0.7192847097971492,-0.6879968941725847,0.6327217878481639,-0.5354178391655584,0.44867226236107366,-0.3115893258976199,0.5552766684164355,-0.48241367816357283,-0.2978841390571095,0.7135911555735954,0.0
0.0,-0.5833182531190159,0.24339928523690313,-0.027989342327378174,0.30266812073830734,-0.36409726577635676,-0.07718534610299564,0.9975241450156694,-0.9851976200023093,0.239237031198891,0.28263193674638437,-0.208626694175414,-0.5446788831094581,0.5581457753069076,0.262849046169031,-0.260732991033051,-0.2525666010241891,0.2525084828272435,0.6589436565092478,-1.3110325452458595,1.0689337425251713,0.0
0.0,0.6418474422436395,-0.24139353899351826,0.39997399664227373,-1.1047386611254808,0.8961990167212419,-0.04967826084358029,-0.15144575170980823,0.030994070573474423,-0.14440641279943436,0.7924293782460585,-1.0481618472667682,0.23351022214006137,-0.15430960782572417,0.9084860631596638,-0.681674200066347,0.08486474606028366,-0.1275995039462699,0.3568495623483894,-0.00019037999373361543,-0.32632242666824235,0.0
0.0,1.0224647174531223,0.04201021730948288,-0.3690720338366744,-0.7625113581674037,0.7605765125484035,0.4733229955097547,-1.0386252036704942,0.7680463371831577,-0.018959702625632624,-0.3208014233848027,-0.14328215032941033,0.30560877153197036,-0.2506826838732433,0.0651344266737464,0.2604735178734993,-0.042132743165914435,-0.16224502243071892,-0.3084875324942164,1.5002051646788288,-1.527064820284142,0.0
0.0,0.3722383988417532,0.6449665923907144,-0.9903560353169347,0.44540260268157805,-0.2686938807826171,0.2251889743899423,-0.14547817542387856,0.21651882735736405,0.38954994158228873,-1.0056098735207188,0.7939026515588342,-0.20811636302052777,0.1489616740477826,-0.7300234214369408,0.789175063610647,-0.09077431941465788,-0.15427302012588034,-0.05159632164659539,0.08473276437309549,0.045722021824358604,0.0
0.0,-0.3844092364246554,0.10133587600198017,0.0700282585949655,0.8223730857557565,-0.8955973143850289,-0.3378952534865823,1.117213200888043,-0.5804535409014041,-0.11370216943869693,-0.049405985199878155,0.3765631923688063,-0.025424157077189515,-0.0833322842077924,-0.3615860152505575,0.13376252451898835,0.2909347533031092,-0.006839214884479978,0.30679861788186125,-1.156430834740294,1.3865638147566672,0.0
0.0,-0.7299065439037926,-0.43890515425617954,1.3356768998382003,-0.3731990200810114,-0.14456785665240748,-0.5114870987715342,0.6740510467365514,-0.11615454080206736,-0.6546193509378444,1.0784499444051943,-0.6186581678119352,0.3187098240566753,-0.39582993999172866,0.4938491283502345,-0.7272811323643881,0.36707181877025497,0.4438864476506538,-0.340409656449311,-0.46219556674166296,0.7129972090565845,0.0
0.0,-0.4287146820472723,-0.4497601356692223,0.870192811911939,-0.3992198851809257,0.333061115061674,0.13123530693798263,-0.7859575197862021,0.4023843513233984,-0.12783938401539327,0.43597846035747745,-0.14123213081374808,-0.18970315841947066,0.1193421878030373,0.2336025564421248,-0.3940146108311337,-0.031352491951184475,0.338165419623862,-0.47942430366130845,1.0883532788572565,-1.1364501630320738,0.0
0.0,0.15577364413465866,0.24097578078633375,-0.8613760819518178,0.5067818699799618,0.29201237472508834,0.47934657410124426,-1.1983532855676902,0.09346770260235836,1.032050192179018,-0.907093614016145,0.5822281145631173,-0.4778881158620539,0.5156649564806637,-0.45834112917590386,0.5575063151902422,-0.496759871812811,-0.33170114388028304,0.5281886457287526,0.5515209773248669,-1.0616346646485229,0.0
0.0,0.6498983481994,0.4492094413922666,-1.4285002701030751,0.5976249645146607,0.3727417646931517,-0.28848696440732624,0.07784558738502093,-0.3901188322052605,0.5809165961885474,-0.3430566383126834,-0.008118787224432024,0.3142632645885678,-0.1413176771652812,-0.07075994084200031,0.3595293510806283,-0.25247882822993467,-0.592804044588657,1.0965082629512826,-0.9673126289490572,0.48465608097478763,0.0
0.0,0.6302860642939145,-0.37192158138918985,0.06932618784208752,-0.2704051402650233,0.16943286464612592,-0.35921993360908516,0.9401711901109517,-0.22368141078627543,-0.7987945803158099,0.8240325462911778,-0.6017076870651342,0.6542052908095131,-0.4997800507603809,0.5166271186430346,-0.4675400655782491,0.17930480218211445,0.13901583981184962,-0.3697487339413673,-0.40841204540823983,0.9982266253938261,0.0
0.0,-0.30014773411406026,-0.26519162028836785,1.3365451557735133,-1.0356488191694797,-0.4314124132951004,0.3444915336870313,0.44935015190113486,0.4096647555186719,-1.1055725569041523,0.40226534277500414,0.2038931391255016,-0.26621374019874505,0.3105739337904722,0.01338875240267233,-0.35854375605470196,0.23841947623527396,0.7459945653688536,-1.499378633065835,0.5984389422411269,0.20689858295721872,0.0
0.0,-0.9703576416211744,0.45526639541957914,0.29438032025014876,0.058928096685842944,-0.9212055313422989,0.7462382004532232,-0.20155647963504558,0.13323760578642524,0.35606681418978464,-0.8447869569388315,0.8056751076809715,-0.6179797799667205,0.6208639255070464,-0.5312093073047298,0.28879634029496254,0.19593318258058812,-0.34038014587857557,-0.3172970023478117,0.6565878435100475,-0.5812190151936318,0.0
0.0,-0.35200678902172017,0.5272165930808297,-0.7652139050715528,0.6125919409100151,-0.11258390345712654,-0.09697387862640978,-0.1560981919135087,-0.13575423980562218,1.043607852063314,-0.7429137906925658,-0.16131332084982608,0.4381393684366292,-0.3409679792802762,0.012332150871445848,0.4760110123464137,-0.14268507737837305,-0.8483167198772287,1.32468146183661,-0.6986481579059616,-0.3594852995966305,0.0
0.0,0.9843256402393797,-0.7082965094398731,-0.41711525978295877,0.13642657248098428,1.2880789281850757,-1.196661831592779,-0.06778020783097781,0.1235277063566994,0.054787590590332225,0.9121093892401081,-1.1805150539985874,0.6944902616142159,-0.6532948045042541,0.5872789074204678,-0.019405728570276323,-0.45316084273348956,-0.022104541348474442,0.8118272518793536,-0.6961952183990854,-0.10026716979981518,0.0
0.0,0.772355349047854,-0.7540911021494962,0.08885075938473225,-0.09469850541235429,0.48398319667082446,-0.09829397065196416,-0.40470083736292894,0.27416199832759836,-0.4164554420614182,0.7223844561161985,0.05270533668034644,-0.6958052121647873,0.3489596906256178,0.20898010329879133,-0.41447337210019647,-0.21693128073626694,1.1362913233777152,-1.1464788028039163,0.4177472443068424,-0.05768372135774953,0.0
0.0,-0.6985888622373253,0.4418156325100513,0.16212916336110994,0.027588399940889984,-0.781210487419395,0.988237195086253,-0.24399168277028999,-0.28917587237415376,0.01715814847559508,-0.3051485459415027,1.2316966696227372,-1.1596227811551716,0.744953229241557,-0.5207074731281963,-0.2790189536219389,0.5088873753402089,0.25431607435157216,-0.8624582818983392,0.4503211341505249,0.25191163701878494,0.0
0.0,-1.0709711297537423,0.7986586710225416,0.2570498026225755,-0.18815141678948802,-0.7541466980726035,0.4832282251790002,0.6423215429897573,-0.6815246742972144,0.17782482738842895,-0.455875824135398,0.17109281721765363,0.8651087406530095,-0.6130674596124043,-0.369970562111323,0.11066422827344534,0.7581280703273877,-1.0618849135206956,0.5693322130002285,-0.24189443644275868,0.48388950537202285,0.0
0.0,0.0306836706616174,0.047246567132597415,0.3230016859472365,-0.3940002918560209,0.23821910659035156,-0.521722417553044,0.5455423258010497,0.22697181551430973,-0.4475860371568359,0.07261455651826744,-0.6519480905314955,1.471292402438729,-0.9994306285347618,-0.08720722325769799,0.5895185117854812,-0.4465390002906433,-0.4523840680509553,0.8348580386767931,-0.2322344653624328,0.03925838012599039,0.0
