0.0,0.5102879329494125,0.678407137934805,0.520690908008561,0.3489218951023415,0.30995421921939026,0.4325414336515766,0.6486850277151394,0.6988059736452936,0.5765963284310646,0.5165047692102755,0.5331543162839576,0.4255540221062502,0.3783712627940907,0.48368143114166456,0.5000948494557172,0.48706215015133214,0.6259457847746578,0.6335722629073178,0.1969608797348848,0.0
0.0,-0.008096552124614792,0.3875439747578191,0.5682243816361398,0.3682751111228873,0.6505245295172528,0.3497180692599339,0.6150050232903204,0.42195211561439766,0.6512272182019889,0.7135215515299759,0.2669140945440697,0.5107870901843204,0.6192555172816946,0.3234243746994943,0.3948779815637834,0.8552227990512474,0.3599540067056001,0.19984078609505676,0.48172325533052507,0.0
0.0,-0.2859217114444223,-0.037931655325054645,0.4005999499155031,0.6413711072110597,0.6860602904197908,0.5627707565345716,0.34020795335126564,0.3737792987929159,0.6216423135351238,0.6533104908635698,0.3654025489857916,0.520467933008199,0.6421868379259376,0.36660551567004335,0.5190826175170712,0.6992322389917632,0.24666395204628733,0.01741691094941991,0.3545857602839923,0.0
0.0,-0.24859495730006698,-0.3284005949430647,0.10858935342370249,0.7770575386222905,0.6166008524388649,0.7285214537729365,0.20800960141977104,0.45537351204764515,0.4574060811324573,0.42778664830289037,0.7005336079058095,0.5096297969880003,0.4550015259597426,0.6393364230658811,0.6621504407444844,0.20075828984918925,0.24070310058098765,0.15599593203462836,-0.15185819803447215,0.0
0.0,-0.10328042696352722,-0.28264146218139097,-0.03217523172313223,0.39776285746913365,0.6589847652527231,0.5869183160551678,0.47096612046591935,0.41048164297585876,0.27573713450244486,0.37434435890388323,0.7736183053291483,0.5669714345522888,0.4116074997426166,0.8064299884438877,0.5624433309073483,-0.0507127017088362,0.1677292943280772,0.192673612685929,-0.41028772459875684,0.0
0.0,0.012790473864999423,0.02235169129149331,-0.042614490864939875,-0.09717381001485287,0.4875794965642425,0.4182579185355786,0.7588278348339131,0.3282976449917571,0.237044510060944,0.4995808768270687,0.49421236315159917,0.6492518767484382,0.6824500163405627,0.6038073241759572,0.29030521139173493,0.12205558731202673,-0.015503323630705543,-0.06949048863220235,-0.12117176331312045,0.0
0.0,0.12561802304879227,0.28661939982493884,-0.028295251906247723,-0.2072732840768742,-0.06400777072371143,0.4521969881332886,0.6307490707089018,0.41097943510968715,0.40993370546654034,0.48136714160287114,0.29783983903097655,0.6583719490472991,0.8866058330411101,0.26883228745543974,0.09425595280026794,0.31521934460491213,-0.1551380812285609,-0.31084603683331263,0.2613450627497487,0.0
0.0,0.24530129638166576,0.28956993513595597,0.05290018778004777,-0.108434112939639,-0.37363783629220243,0.2597798424395137,0.2704040798494439,0.6002533734362095,0.6265564931566888,0.3350054591315593,0.4161525684701528,0.5753697011784915,0.6494003817761712,0.13652928127621927,0.11808025563137094,0.1503292766852112,-0.13237498072377807,-0.11592763718682693,0.1570633185750847,0.0
0.0,0.23360369550608368,0.13253290806624532,0.16323502295273132,-0.035803476524359855,-0.1457147592210346,-0.3009360607078994,0.07962013865244638,0.5979919761603725,0.6709540278021295,0.38915621327333055,0.590280951007271,0.427578255525598,0.11592060511536387,0.2403628169242287,0.17812477009510555,-0.17652751455863236,0.05072560766931281,0.23915862176740438,-0.20073079997151194,0.0
0.0,0.025939451059949204,0.03495592403031654,0.1506184362047806,0.07920880565134455,0.0891615084953619,-0.5425600176792074,-0.018126434139575893,0.30030867137894207,0.5179721263701026,0.695430383474295,0.5647578227682379,0.20398113454141037,-0.1796980582469239,0.23272088135714153,0.09473846754274001,-0.1818134954128077,0.20504294511859,0.27001354225373597,-0.22634264468481682,0.0
0.0,-0.18894961805123114,-0.006355756434723869,0.035316040400487234,0.21834178059829842,0.03263831100314387,-0.15075873647561477,-0.22100747977998608,-0.07234595762296962,0.3298897352409657,0.8125141568935338,0.40891354091589,-0.015618225786997623,-0.032631134410442804,-0.089081782129545,-0.05655075927373411,0.18802887142781835,0.1627717768702755,0.01527974548749633,0.12638766949694016,0.0
0.0,-0.19413966035751784,-0.1170817130637089,-0.009731391157144057,0.1491399540522491,-0.021188325324379816,0.3114482679623971,-0.2933424717676624,-0.2703154469869361,0.17470832147256915,0.4107018263608295,0.22971499678844284,-0.02194982322228172,0.10999489189025151,-0.3596813124297537,-0.08065421020892577,0.3980016028995821,0.046775604969202265,-0.0941840062540897,0.3450378758251512,0.0
0.0,-0.04468696396320029,-0.2006350304563562,-0.03182248621727826,-0.09304906411543303,0.18733939188793208,0.29397489210359573,-0.056242752307173856,-0.1911841532984417,-0.11391174810671839,-0.2446217365132163,0.010236032043389414,0.167138525512002,-0.04026489078390556,-0.22125909946473726,0.02317380471774899,0.12750969820935312,0.0344861426811211,0.13130710239643584,0.121795586275064,0.0
0.0,0.052340206951811685,-0.1062214292870218,-0.16926998641770447,-0.13769768697002935,0.28561946257631504,0.028355108067182312,0.2803657003212666,0.014379930839502047,-0.5092545133710398,-0.6786377987652127,-0.2687190891523449,0.14438886931637493,-0.17117827585730533,0.15774468339729844,0.05179286850753414,-0.2572854262192365,0.11931137715792368,0.3032847291497228,-0.1728981441268572,0.0
0.0,0.03316463595286779,0.03956692181971958,-0.23741069029557937,0.04549384464148824,0.003250404073159033,0.02463206265735687,0.32530102522913035,0.09747716927702055,-0.7259790261262344,-0.7516076429191759,-0.5496389229806379,-0.28995063581250824,0.036511960051021974,0.2897135655683606,-0.022359277598410648,-0.25113023782196436,0.08140933853581246,0.12689487219939236,-0.13300770784837912,0.0
0.0,-0.008973327591646074,0.04498809433367594,0.0007435350264470937,0.055829977695014174,-0.24364650925260922,0.174487233891088,0.055951337022709956,-0.08266499491169016,-0.5725666990528938,-0.6649579455365041,-0.7837469861000084,-0.670011200434769,0.169983959465086,0.09572042733792636,-0.051457873631958,0.07968692260873064,-0.12819136293274172,-0.21173464560191332,0.11493311843416137,0.0
0.0,-0.017244463466630246,0.0012784736158148592,0.2850808676179024,-0.10967972837005965,-0.09277553778982671,0.020121450576335395,-0.2511634133472776,-0.4217347576251054,-0.23429325595160788,-0.5755874653299872,-0.8578517313791597,-0.5773431619888146,-0.2812702145169504,-0.16032419125611436,0.0666448567460369,0.23398481078734668,-0.272971056055326,-0.30843988393431165,0.10655602797563649,0.0
0.0,0.0034782745075293484,0.10115327929622343,0.20629142666415856,-0.06936564661333383,0.1190343848651495,-0.35002119683393784,-0.5058849653034052,-0.5602392133084824,-0.18439384823390453,-0.4555089930999391,-0.6040958123698829,-0.44806916935358604,-0.8496231171022315,-0.3594170603564278,0.12880268872673364,0.03519641581198962,-0.17886244752484756,-0.12839082744010838,-0.20773009091367775,0.0
0.0,0.08016438398035758,0.2003624474480941,-0.07117409647213947,0.20151074092888627,-0.0019683693554747757,-0.5796815894357077,-0.6831400036862775,-0.4520282947693194,-0.4973066861058775,-0.2815998630876267,-0.18445327665176273,-0.5918892835549548,-0.9073693350583272,-0.5508377879474501,-0.17752253445057242,-0.23560178352742628,0.050571759182742974,-0.001532648291137157,-0.35810474712365237,0.0
0.0,0.16945641301515418,0.09679046988943803,-0.057223391355008056,0.20340152994636027,-0.30881004147794244,-0.5754532855703379,-0.6585140307139364,-0.4882085547113963,-0.6646462287225612,-0.1910321494593751,-0.03298859126216183,-0.6879530875712067,-0.5699203035345797,-0.7249738768593562,-0.7392877380842724,-0.32211593993427406,0.07541518231802923,-0.02677048268394748,-0.10220238601872869,0.0
0.0,0.11446611207466836,-0.045199411753065064,0.17791613806706813,-0.20201982032150867,-0.5083398424070767,-0.46401134535805766,-0.48831708718776845,-0.6978756608781111,-0.45464788229240066,-0.30677956319320593,-0.2948888154255803,-0.4143682534967504,-0.3611391881040643,-0.8159676656549918,-1.0246173058789139,-0.42816188670795025,-0.20779155093260776,-0.04386805353743364,0.2568886716881614,0.0
0.0,-0.08704483742639688,0.01184641354667359,0.09730424514134155,-0.5822713990083449,-0.519662699111144,-0.38846022011273995,-0.4072974212258928,-0.6501806644158403,-0.2932890404943197,-0.5143615108286008,-0.6187513252532834,-0.0700692033840429,-0.4117117258924489,-0.773402162288617,-0.8135434042502869,-0.760881820601727,-0.5333981287790551,0.002972844657574182,0.2954124627140175,0.0
0.0,-0.18042677268924323,0.04859654730794456,-0.35639004607137803,-0.6041523510849919,-0.47695928397804604,-0.40534019043220804,-0.4350101665846145,-0.27207970703188694,-0.45350468016740125,-0.6558144126329825,-0.5563091859175248,-0.24007185541918885,-0.4883430936897872,-0.5598339585191442,-0.5253756432545524,-0.9803275973212137,-0.6541201450931559,-0.12426406292888802,-0.015525697140631144,0.0
0.0,-0.05325906067195659,-0.24789048732637944,-0.7323792260161666,-0.42160868462227585,-0.45963173073724856,-0.4773091891445441,-0.35907089649457247,-0.08201302576686857,-0.6328570740634241,-0.619120182828129,-0.3599625775353892,-0.7343613160232194,-0.48388971631121697,-0.2957943231101639,-0.4709373321446724,-0.764266550152667,-0.6253801851777379,-0.5245005809781746,-0.3939969395850281,0.0
0.0,-0.0030594098094473944,-0.6772570220740973,-0.6836509637021494,-0.42909845007906966,-0.43721362294716926,-0.4625726798749727,-0.20412279881765272,-0.32498216478195224,-0.5350641375966094,-0.4376773202981471,-0.4920313213987586,-0.8962114711116067,-0.5140481978624309,-0.24720595272476853,-0.4739949732729585,-0.3115323642744432,-0.6033734708148275,-0.9030029041258427,-0.599549751145469,0.0
0.0,-0.2681014889814383,-0.7793454745582034,-0.47187304038708205,-0.5898100633535911,-0.4245159905668865,-0.28863021556454016,-0.26409397995731204,-0.6154148952537795,-0.2779563520813167,-0.3402580265673506,-0.7915359369404459,-0.6202966715181234,-0.6108007301946176,-0.4796685236138957,-0.2815087164891312,-0.10117646541680898,-0.5823722827366102,-0.9211200295212354,-0.5794379706061996,0.0
0.0,-0.6277747248261277,-0.4544458229764085,-0.48174333456458135,-0.5992022408668831,-0.42444441595783966,-0.19018864880649386,-0.5143720601291939,-0.529913598269939,-0.2546465891437209,-0.4395529541333231,-0.7625288815746466,-0.421736745352713,-0.6399474005671099,-0.6628176454897285,-0.12192968803752863,-0.24650260380094985,-0.49095411439662645,-0.5326698509540676,-0.37015699977362543,0.0
0.0,-0.572252946299143,-0.23226570215823839,-0.5429163409210758,-0.4386250343629988,-0.3951077221671608,-0.3981013246795606,-0.6011056445330603,-0.27500847521991867,-0.4990737369833073,-0.6013802143847164,-0.373000224502786,-0.5292496882499516,-0.5591278427405362,-0.5033620273004978,-0.36245926449239213,-0.4684789170952169,-0.2870367239045535,-0.011559445651284804,-0.01871305675007781,0.0
0.0,-0.038571850078783054,-0.3524028133943877,-0.39358247397967955,-0.3038510171250858,-0.3979650213214167,-0.7021846093014456,-0.40050519713071786,-0.3211905633678393,-0.6865827449006469,-0.572116897023119,-0.1943639707735792,-0.5789246911165201,-0.4233801669558499,-0.28909369717383565,-0.7432580575676883,-0.5226667720159867,-0.02654845515008082,0.33962264284245663,0.34196310805326746,0.0
0.0,0.3582908114333459,-0.33780256735404784,-0.16852983206245833,-0.2764810901885508,-0.5009076105106458,-0.666291307240725,-0.33146693625571677,-0.6068335449453632,-0.6135444205607199,-0.385694850735135,-0.43330476715410904,-0.35299610060148806,-0.30162607788874,-0.3730843920097395,-0.7574013191458212,-0.3785140021548563,0.14179307820015985,0.4481275265024678,0.5086923643384227,0.0
0.0,0.2082313049038116,0.08773828384999562,-0.08526238438300386,-0.3179047840175147,-0.5590461444220025,-0.3488644612819596,-0.5983472433910937,-0.7521892180720171,-0.4042496097611168,-0.34924163354877763,-0.6041693964603875,-0.15042372293039669,-0.2580438587448683,-0.6010893722980047,-0.33602654832573375,-0.1191383252620426,0.16085944136320238,0.3782494319604325,0.37129833240476084,0.0
0.0,-0.12444131031150696,0.46328367057276687,-0.039439464910642444,-0.35335972683338124,-0.3717875099329565,-0.27219560413064026,-0.8170830681339556,-0.605092448122315,-0.37001824267624756,-0.4745920088619548,-0.3763917403543936,-0.2778289151983928,-0.33820086626323015,-0.48297939283184255,0.0695899463506576,0.17816236092989868,0.13220844263906384,0.16008921766951292,0.03547517609143111,0.0
0.0,-0.04236448873374621,0.22645839936686357,0.0761841421679898,-0.2225891608430538,-0.12225121022288234,-0.5139228597239086,-0.6423628558730533,-0.4317707178940112,-0.5329023461128678,-0.489189431961921,-0.14465866239142203,-0.5059473579031492,-0.4428554257425517,0.049008329722403744,0.20320986188923543,0.372861112630902,0.13655161957997725,-0.1413643210835553,-0.2521927898791226,0.0
0.0,0.22447160837086713,-0.25644556677950725,0.10572087899922639,0.11105427474199966,-0.11823101390558208,-0.6190028320117611,-0.2775899858675964,-0.42780487385265187,-0.6124073141676724,-0.33534808767044605,-0.29768863830143405,-0.5084551263575595,-0.2654537606184011,0.3738006943407249,0.31723657532250205,0.33550882772980967,0.11473590986112103,-0.3466842383681023,-0.31829399562814525,0.0
0.0,0.13081443111627675,-0.2968330426315331,-0.06505406697380141,0.29904567114710484,-0.2351366604627347,-0.2772481394773522,-0.18175222262871876,-0.44518390255782675,-0.4288474340438795,-0.31768768713036244,-0.583102731494703,-0.2408257194948417,0.17180999783267561,0.2626950155798791,0.4455310123033184,0.16097174201782916,-0.02016932440861841,-0.2914189719996888,-0.19081991230871298,0.0
0.0,-0.2449465492292707,0.016844444573085586,-0.16078672682495818,0.002176876356543931,-0.1153944961224378,0.14694124149559404,-0.2798344858865356,-0.3153228180407879,-0.1901141618762609,-0.4932578432376333,-0.5126449821395054,0.07774004156334943,0.41472106519061125,0.17607056318587483,0.31473987761441474,0.0251442481630678,-0.18714493534474108,-0.031186834287498327,0.0040271270075030625,0.0
0.0,-0.33597620474645457,0.0918796424594832,-0.07748701500824835,-0.4303975320306623,0.19011510978570642,0.21022277571831233,-0.18767619814042746,-0.0944488162995415,-0.17509691996015636,-0.5039597739881048,-0.05314035146315377,0.2261614967369472,0.3160991081522742,0.27591606061141244,-0.04393055384040793,-0.07254521026015319,-0.1431866227436488,0.16386488605337082,0.17307160015563255,0.0
0.0,0.0034813336784107404,-0.17688687826274627,-0.07785456911914575,-0.29451715626253233,0.12403374597634412,0.044161141213412844,0.15145684703953255,0.03476400867601636,-0.27397746176828464,-0.06450894086729327,0.31452663864242,0.24312807672501882,0.12730433656127968,0.2322271758747484,-0.2574886499226864,-0.17411454753477962,0.11731485401625051,0.18222346215079435,0.23147191187834146,0.0
0.0,0.25400124691473547,-0.30904355506660325,-0.2242885697564025,0.20367409499245154,-0.23436351276016798,-0.030822415593738193,0.35840563390149915,0.06923697165080775,-0.07097382168108626,0.4811631332633911,0.407641606719207,0.2265780367111194,0.047858463604499024,-0.10605138139704909,-0.17636508148010238,-0.1356620090309332,0.24301376102283626,0.17413854091157588,0.1334961795623788,0.0
0.0,0.07849632530995614,-0.1127343669609518,-0.15785839830954979,0.23456812426091328,-0.26262704673409804,0.009611991249062977,0.17538677736655,0.1878875464275137,0.544439829420968,0.6534539347973722,0.41937571926134126,0.2088196329246202,-0.01364735092706286,-0.3903737402395646,-0.024272246653978286,0.10419077454322494,0.10463541500696116,0.16594358096046966,-0.01552418702259849,0.0
0.0,-0.23929665896318536,0.16202720800348644,0.1618528978196208,-0.20383606771891394,0.10232405216612059,0.002631856361461132,-0.08810101478497412,0.5051413746281764,1.0083911917909014,0.6166667521095881,0.433823525984592,0.1821405187722915,-0.1340479987136245,-0.25735979552928434,-0.0038714198652785017,0.2647768535843771,-0.012858281531744148,0.027812414467235154,-0.061149040564330064,0.0
0.0,-0.18624832336729252,0.1943934120471935,0.30045936599447376,-0.2798531078188608,0.23603152449771508,0.008258109238460327,0.08753748085558186,0.7496092538060487,0.9428362528988725,0.6589072366245217,0.4155101138983518,0.1260477652593674,-0.14086679407836597,0.1038740212072229,0.01917536574110578,0.11852295974793538,0.026285316277033722,-0.1710787554686111,-0.025028453319051545,0.0
0.0,0.19937882516015684,0.04957227462907726,0.10230481568996955,0.2284614734341824,-0.04435431371467592,0.1871534991447776,0.6429639082862595,0.6825824363422915,0.5893584445169564,0.7059004627465221,0.37493459852227196,0.09450934526452665,0.13636463302097726,0.2900393850163321,0.134620013822837,-0.13646425980696175,0.011140403576389561,-0.18040328016763696,-0.05138793874293003,0.0
0.0,0.38858548351222294,0.007121829059934437,-0.04498133100055424,0.5292487392842778,-0.044420899480439514,0.5106977338453087,0.9449269209695925,0.5224850600672875,0.34160903240229534,0.5122051630438712,0.3568862020588738,0.2460156733257393,0.4801477285671361,0.29661499446185957,0.19334588558012242,-0.17068057822867125,-0.17599592429372599,-0.018881379235634974,-0.11523663787745134,0.0
0.0,0.1397412672911686,0.13675480416530789,0.1798388217476098,0.22093418987744118,0.5699907615703107,0.7609615477407508,0.7493023474988225,0.47044406787363446,0.2926968529196559,0.14327680434137574,0.36339251731079725,0.5884039928034336,0.5942018772976074,0.3273551135421739,0.127612806431816,-0.014148328854610015,-0.26377629176546885,0.0038858268850531213,-0.06405610369111718,0.0
0.0,-0.18945999339637493,0.28317348248090385,0.42410787607773875,0.11486653279406356,1.0684820117105451,0.8760757052391195,0.4013356531027542,0.46270283919581945,0.2738265899312902,-0.0070551965961755045,0.37750141979326113,0.7899593628167814,0.5522377212657734,0.38770858225821425,0.09270616939774927,0.09976103069203976,-0.06458941632232719,-0.15501013348123308,0.05266948512171123,0.0
0.0,-0.12466928284359441,0.22251062722030018,0.44546357178592744,0.776811568959673,0.843845420763083,0.8289756384665057,0.3199426061921694,0.325914421917862,0.2193092290091391,0.23509293510646162,0.41051584166596644,0.6037634429995575,0.5273961458868841,0.38907369740948256,0.21345086508791333,0.12929682685891253,0.1815265968128024,-0.1461517846001374,0.02281954558063668,0.0
0.0,0.22393950091676507,0.09906767097340388,0.5347193005403758,1.2892893788924298,0.5226497983163263,0.5379998472294691,0.4894137566952831,0.1411068220993088,0.23904166927843695,0.5765460685611138,0.45195571445081406,0.2552539496955015,0.45752169225792616,0.37181322658787275,0.38629975782813974,0.22910538321584475,0.23762766131375582,0.12615691346618524,-0.10800626515984216,0.0
0.0,0.3838761830087543,0.32471873546041913,0.8186942048665959,0.9541715702766522,0.5423613373319621,0.22567466674225048,0.5059603261323375,0.20047639022438946,0.4069613100171394,0.6457651914481987,0.45292031817829265,0.12480383912648399,0.23238825135262772,0.3981562033645025,0.46978788129822946,0.4141349442645339,0.22891568787885766,0.3395844378038356,-0.052417685890001245,0.0
0.0,0.2916274005994184,0.8690628546007593,0.8858325748247271,0.30719915647551505,0.6005070489440991,0.2374822394782138,0.22141122991297096,0.5319921964336191,0.5988159442437985,0.4589912642312654,0.3835481504943928,0.23412901468245487,0.0526175220878297,0.3637998143226852,0.4731903758151953,0.5321642111426801,0.3706607744681183,0.2999389514677767,0.22936396484046265,0.0
0.0,0.3776856835585206,1.0447960400105958,0.6479812207589924,0.09938239900512871,0.31729925881782395,0.4293152974995376,0.14225615655452828,0.7094256976445591,0.6686810821984598,0.29725722798822607,0.275511323785616,0.3378513162950417,0.1573787275834169,0.21710482821497643,0.4329530136455256,0.5265339765332528,0.5574710031079664,0.25985466423715553,0.4243214190577952,0.0
0.0,0.6285354666991876,0.5749166107849484,0.33176412973019964,0.29658830876892456,-0.018954729849101855,0.4145843391588118,0.5539114326351421,0.5169306628875393,0.553432991285526,0.31441135682714383,0.2191342990119352,0.31436484499583794,0.39786984834066874,0.16655844402333153,0.32035988714629204,0.4710009147101111,0.5745661912748139,0.45381391704329316,0.3124541031777404,0.0
0.0,0.4405045896774873,-0.02380817398130386,0.11850970415384789,0.3675805395474168,0.06897723503081814,0.23724908292058344,0.8557497164776073,0.34261329152805603,0.2933586375794171,0.405189868755428,0.2761109531080085,0.2817759193449863,0.47134171766424504,0.32712348608939756,0.21523646978389743,0.3796975750979026,0.4622683011236596,0.6282010530975125,0.10773220998950866,0.0
0.0,-0.2596342346493367,-0.31378170773381925,-0.02973715978349471,0.14446178851055766,0.42095794708083845,0.3347010425805248,0.5166607256525573,0.38022204931816256,0.1328146589890267,0.36431477421807,0.4078345914394791,0.3532366365506757,0.3581108807383243,0.5038005623124592,0.2688461229702337,0.2495823674206266,0.378895775769481,0.44823668661766514,0.09279004229936222,0.0
0.0,-0.8438281325109531,-0.40428151661922584,-0.23240094965373,-0.023301066340441812,0.5592752882343023,0.5823766511891725,-0.008164665708042649,0.3551727469349181,0.23909130890782584,0.22155422185315315,0.47754594713974896,0.46096813402808273,0.3190433359963287,0.4739329278504613,0.43578322157553495,0.2100662391689347,0.25360098700669215,0.04492086726209431,0.20037126665096913,0.0
0.0,-0.7653790642240668,-0.628987155762142,-0.4060827027360286,0.039252450639513034,0.3317137632242908,0.5260191015815286,-0.042757834392490264,0.07244332856562698,0.39392552058838365,0.23717193984823104,0.3871462049837093,0.4984493927435984,0.44306257181444264,0.33453194743679837,0.5005437919941211,0.3090857690058968,0.004416793839534696,-0.16481548978684457,0.111913896075049,0.0
0.0,-0.2315227336541469,-0.775299080491868,-0.43482287723885676,0.006489103844506615,0.009988025800729189,0.08125702803179526,0.2685588248043027,-0.080118774659499,0.27621453654877576,0.41590319755435834,0.27607154493235275,0.43593472064974087,0.5408931605709865,0.3421900791137585,0.36602161028486396,0.3459521429765071,-0.1669645733875116,-0.1202984043514881,-0.1939639273515365,0.0
0.0,0.17144565285531035,-0.44016369769510955,-0.38283173924806024,-0.2983671545351869,-0.28251934120254146,-0.29575988299223027,0.2922397155860959,0.1553132622047644,0.0356073395579142,0.4316476256734366,0.3284861977723287,0.3402291986967746,0.470710395678628,0.4653779689501811,0.19847347342281368,0.1423829870707915,-0.06212359814872022,-0.11990744084135752,-0.34479341047499495,0.0
0.0,0.18178383208766377,0.22123011024937753,-0.30082239445735814,-0.6475036494443017,-0.5736104508843547,-0.31096295749141734,-0.11341403006310477,0.39049849790016244,0.08958472614733633,0.16323381541639434,0.4336845483784222,0.3134022948619724,0.3173424892062688,0.4473638570524933,0.13328947357274337,-0.12842598774926925,0.11100677753095572,-0.19141027268878466,-0.16167994433763588,0.0
0.0,0.10129077951284765,0.5865875473817619,-0.14114744556791803,-0.7619249231858194,-0.7353709867502103,-0.3470379999967025,-0.3468519712948064,0.15771576748864496,0.3374206505857917,0.011587225457826719,0.31394525702548737,0.3492333591492521,0.22885418972756272,0.18865871597695558,0.09656933813568304,-0.12592762182806563,-0.001607957123413016,-0.09047712435121617,0.11015343719912862,0.0
0.0,0.23131491375021723,0.30566786078879093,0.04973628791191456,-0.5396713496362184,-0.6657245950501168,-0.5958137241317579,-0.2795279921826907,-0.28265876928971173,0.29958210667491597,0.20011082693446744,0.04367999432199328,0.2891022027280819,0.18049178895403503,-0.10040402032585762,-0.0029816195370162024,0.06512838415730786,-0.21831094307095764,0.16164330769174917,0.20885513276739517,0.0
0.0,0.262309536174716,-0.1706504340584907,0.07806748945999449,-0.09381969390601637,-0.46304712121578695,-0.6964869604202251,-0.3797808454140116,-0.38150943660231756,-0.146403869771965,0.3453618745596722,-0.0073583892451210275,0.02681832061633106,0.040702518425379655,-0.18505413873567322,-0.11757158157202678,0.07928074150174132,-0.06377610998148567,0.21763678309424164,0.15320852192476322,0.0
0.0,-0.07704075461985974,-0.29876390198771796,-0.1196233651558825,0.23751288208405036,-0.18233623980523356,-0.4795141110785111,-0.6510428984454636,-0.3331850458110252,-0.445032583606356,0.004189243025730359,0.12889086313439638,-0.24681600485921631,-0.2229142115565626,-0.10915384474855387,-0.15528475223236637,-0.0842422209461364,0.32157500409258816,0.07165747669017371,0.03845059154073534,0.0
0.0,-0.48291269043076984,-0.19861338061279524,-0.21420222408555623,0.1334218089252396,0.14124972244391484,-0.17638300547766475,-0.6459478701106152,-0.5107050049350671,-0.4166961456066697,-0.5387411326546674,-0.01642374675783011,-0.3181573421395567,-0.42487354080540296,-0.12278680807150845,-0.11813076399428256,-0.05065589141833157,0.3328819003930747,0.02135757388993344,-0.07336459267372053,0.0
0.0,-0.47445315761782925,-0.24843889049226298,-0.10286774404316791,-0.17447098286219323,0.2692080486099372,0.060173852185806974,-0.31754844678081323,-0.7049302047091042,-0.4913899457111115,-0.7165854115937951,-0.6284655715121419,-0.3014576677852927,-0.3859548224101171,-0.30314670247464187,-0.04336916522344008,0.1652757337012945,-0.04962933232997028,0.06997527147572223,-0.08319564559697604,0.0
0.0,-0.08487715317760622,-0.3359233668186803,-0.10463433947682034,-0.1916786653714039,0.01614154571197935,0.19279095011071898,0.01987426283205604,-0.5824111563654139,-0.7923696710392543,-0.7148515098999352,-1.0959297298410935,-0.5281664638688537,-0.25606673634986904,-0.3709713922058631,-0.009504457880995021,0.14914628606488847,-0.26542260861655304,-0.02456718119410596,0.03399640124996794,0.0
0.0,0.22804309987702978,-0.16285605460006725,-0.271488553990697,-0.04087448658775497,-0.25967645266179123,0.1102028901230936,0.1493634396327357,-0.2691958655728883,-0.9415826012982872,-0.9270585104114516,-1.0146802637833716,-0.9316731073252724,-0.35858152864348397,-0.1677354203004865,-0.10610565862835468,-0.17080813764018166,-0.13678785891294043,-0.21288976574634463,0.09001658088900229,0.0
0.0,0.2024695394691261,0.15291349942186155,-0.2468594324117861,-0.12269367081549598,-0.20874862042544617,-0.1726047499014701,0.022665033977784164,-0.06422853137409643,-0.7592221925634425,-1.171683090924079,-0.8197290531332526,-1.0274767329997785,-0.6980819209815383,-0.06394626263062754,-0.27970128201262534,-0.4360120743818181,-0.061112225173255076,-0.1892434259391298,-0.07879814885022063,0.0
0.0,0.020394136024742115,0.2876060133087014,0.05074118157138661,-0.3092799551113816,-0.08734129355469582,-0.3683972374650963,-0.27797805822441657,-0.15280960257002416,-0.4457104746454353,-0.996338554688972,-0.9183318124455211,-0.8041395485699496,-0.8432152909765079,-0.482368722614893,-0.4319821224130515,-0.39559038216001907,-0.26577673762007153,-0.04232349903412588,-0.26110241624216546,0.0
0.0,-0.026646872611447305,0.13680115817793845,0.28797587234752436,-0.19121399744806636,-0.2257079645033427,-0.3694468683214631,-0.5603585865611515,-0.4722821860765653,-0.2558659270381106,-0.4935964326181264,-0.9860319190122088,-0.6589322957578455,-0.7493686725082495,-1.0864068519487369,-0.6028702471148252,-0.29563839352907906,-0.424000098404593,-0.13650840926869276,-0.17573161010297667,0.0
0.0,0.040121007549332045,-0.0328893990342569,0.19545498234353892,0.1418475924627039,-0.4189885733150563,-0.39105370888755603,-0.6830807608953975,-0.7155698363695939,-0.3274637682554904,-0.10864074502279567,-0.6195423319426423,-0.7483682530878818,-0.7691623522532177,-1.2181822872010937,-0.8784044106645316,-0.45324326175074575,-0.3566660613268215,-0.40642615776460844,0.024477879486708556,0.0
0.0,0.05132817940052311,-0.0350652505682414,-0.06410261319079548,0.22292454634546718,-0.3340601759974063,-0.5653171761215539,-0.6608329920160106,-0.6961728548922587,-0.5133268584742748,-0.11703444971120097,-0.07093632640129398,-0.788341081784847,-0.9866213045597488,-0.908484404800594,-1.0870774487819932,-0.8205074798435268,-0.37283442923191645,-0.39637508053908116,-0.04565318092867851,0.0
0.0,-0.014615718173062354,0.001862292151455426,-0.15564557575902338,-0.1347381237741565,-0.10892203673419076,-0.6603398817667243,-0.5954392960271709,-0.5354512439404188,-0.5675407467597078,-0.3511111023676018,0.09529721752740206,-0.5985053072877115,-1.0408992883350212,-0.7249277600928201,-1.0351996632904794,-1.0703162507610275,-0.6657417749936788,-0.18034922555252636,-0.296543184202095,0.0
0.0,-0.06754790167768353,-0.0529913317688406,-0.14775928757027867,-0.4962068910589499,-0.1722228834527569,-0.45010407836143557,-0.5191302302211109,-0.4201728274748845,-0.4657498899850894,-0.462676739328837,-0.3440279712095321,-0.3104580222740385,-0.6847716248456261,-0.8731373026745344,-0.8373989443831291,-1.034801997911393,-0.9063148293167245,-0.3270113419733355,-0.31919098464962414,0.0
0.0,-0.0767749092146244,-0.17380188936252966,-0.25760175907059035,-0.4967666657544928,-0.5527399705295494,-0.14637051643801774,-0.3450366195956259,-0.3827119979422332,-0.3359297256081867,-0.5017109446872347,-0.8338630916376433,-0.25122616456137314,-0.23133316721068953,-0.9048310033391914,-0.756387293399871,-0.8019064803385919,-0.8581351915267729,-0.8138938885030992,-0.17373119854476549,0.0
0.0,-0.09663621935893103,-0.29210213585624223,-0.44396362320024724,-0.38549766366753524,-0.6603490397462158,-0.19267763138808577,-0.09715016064800479,-0.29914055585903876,-0.32640455433745463,-0.6066504023433459,-0.7925660706109493,-0.5388143611407868,-0.12708481738943359,-0.5364974171369601,-0.7675020151106059,-0.5781844042113883,-0.7260640479623324,-0.9231780368588045,-0.32393655418183753,0.0
0.0,-0.16867420517964704,-0.3841051056492162,-0.5184825135431159,-0.4312632720781141,-0.3402725683732653,-0.4621384687788098,-0.029567689075201714,-0.13380603736082863,-0.44697571846710676,-0.6536414855964737,-0.4809292209904505,-0.7412600997099135,-0.4796627057953453,-0.09474175236827585,-0.5482639458459486,-0.5392252859605461,-0.6052725040766019,-0.5386803700655936,-0.6361860836242649,0.0
0.0,-0.2634988755933313,-0.42777574610438224,-0.46386625018953437,-0.47035038509340577,-0.12388254690760842,-0.4202405403094517,-0.27908815836340334,-0.09151973152820049,-0.5090512642410995,-0.4932750631958666,-0.38773221633205757,-0.6474412405259419,-0.7549333064572032,-0.12488952264178893,-0.10777683406071688,-0.5301121274649052,-0.41316787672841926,-0.2148542381398767,-0.4847616322350488,0.0
0.0,-0.3031461962715568,-0.39702218481405527,-0.377674078421666,-0.31047692683949807,-0.25878521390897924,-0.14483757240276227,-0.5099469747952553,-0.36993282188781884,-0.35465338273007996,-0.27806081937869265,-0.49205996128086255,-0.45857146523787984,-0.575817708320786,-0.5326575649998203,0.08424705465306383,-0.2394500054979213,-0.16983187248739295,-0.13157311463370178,0.11443299890777806,0.0
0.0,-0.22937660185286204,-0.2949736430110045,-0.2599975993335065,-0.15347448479558018,-0.37050108969553885,-0.1180692569274441,-0.479071836789151,-0.7005131505633339,-0.18383927796986071,-0.21666246870385467,-0.47085017307211163,-0.3442493169201393,-0.28197074316956044,-0.598993458663652,-0.26408949520987024,0.2329584947496723,0.07204380545001474,0.07148688101821528,0.5087745029979107,0.0
0.0,-0.06464195032244169,-0.12859338056938885,-0.10594523368664904,-0.1640532538041823,-0.23548208734766324,-0.41834113235888376,-0.3721949508768706,-0.5953404513548157,-0.3435600745263484,-0.28245797526517546,-0.2440875966983529,-0.2675829799516651,-0.1797436500516501,-0.2819997940813024,-0.499676742922868,0.29545505658325644,0.3971497732070244,0.5257347124824919,0.3803632254150324,0.0
0.0,0.10219746368267302,0.0851280086649253,0.004614952915524986,-0.18717302209386844,-0.1518336508608622,-0.6024506201791037,-0.3966062478316457,-0.22102885423952343,-0.6133055159621775,-0.3680561361709055,-0.052884076298543005,-0.1336187627985847,-0.184141292774951,-0.0015385438432746453,-0.10891591968381809,-0.07120921025047566,0.6962566057750837,0.8273824159361445,0.11519747254425604,0.0
0.0,0.19650835817584064,0.2566736568574831,0.058337652917223204,-0.09904532457762434,-0.30151037176556666,-0.43945991221790714,-0.4345918581138415,-0.14317600569971842,-0.5413656322834967,-0.40190575125835654,-0.09925583721696397,0.012229717823706793,-0.05799285243975248,0.1227645054308992,0.39305336587109596,0.022781163105789138,0.5622954294402136,0.6931947530864069,0.11345649447763202,0.0
0.0,0.19975672316292348,0.27977079037018127,0.12585791933234844,-0.03051359661614743,-0.4113140982525748,-0.18895991952954977,-0.31381814297848315,-0.4289527955673492,-0.19008995098548992,-0.32425761873862924,-0.2650211962517459,0.05196167463410175,0.21429384481922237,0.2930100832237587,0.5596814220752958,0.6427525857314967,0.1574308972112033,0.18934688061872917,0.3190809154266467,0.0
0.0,0.12223707035036506,0.16595465015620342,0.18010965792707037,-0.061788797845632404,-0.20040694377923787,-0.12513601006445238,-0.18333963019324823,-0.5130573964651697,-0.04897898391366653,-0.1379491561161101,-0.2704980715038151,0.001314889663160817,0.43447880737218814,0.5714399912483541,0.6083303923288957,0.9813044425007706,-0.005789876968118703,-0.24647886946469863,0.2694516994870433,0.0
0.0,-0.0036825261109965897,0.02546371156394598,0.09504952737494823,-0.03630541784924566,0.13053071976216682,-0.14154116698268604,-0.17876884592213826,-0.15056376810213734,-0.22681746526216087,0.018000251465627972,-0.029539795912108317,0.06069158644400549,0.4652868147532535,0.7896706404363472,0.82676466777171,0.6641766247199057,0.14222909157988645,-0.23401490091667893,-0.22865110559148394,0.0
0.0,-0.10971505521040388,-0.09599824017460373,-0.09338855656447355,0.14282083507618815,0.22921126636799555,-0.0418171828266749,-0.12910719131797832,0.16702053062531982,-0.230764091178687,0.012451196625524793,0.2932074620220271,0.32315498725229097,0.44352771167112964,0.8188477263771613,0.9265009344563853,0.16915780336736194,0.3471801356673691,0.001420656904079175,-0.5849485727503281,0.0
0.0,-0.14616308005415726,-0.21290938394895306,-0.14283532838969804,0.22513353626802685,0.12926257786986667,0.15689187048367398,0.13550339209831305,0.12132845609295888,0.10860960809625583,0.04315293490007724,0.4635782862043602,0.6419845789041047,0.5762767690901148,0.6634960277704799,0.6082396528344405,0.11601387456194337,0.27735433550317806,0.1427533916180658,-0.26996994622957754,0.0
0.0,-0.13458056037086294,-0.23805218737023096,-0.015796149544662002,0.037214851913975014,0.08602157209950978,0.3291292924516687,0.4066335154493734,0.07695143395906068,0.42888042999486214,0.3651435404979053,0.4862587736089898,0.8110496013708824,0.7897563266638743,0.416652293156385,0.08694741098277206,0.3876256774344709,0.045693433700822884,0.156254053462282,0.4227718054729806,0.0
0.0,-0.09640494619438729,-0.07456125618039142,0.02089418342458703,-0.15346317346061714,0.15492037869410705,0.39371858171545926,0.4678411862287932,0.40418595028928994,0.5228484532949936,0.7915774684636626,0.6284322635614239,0.7646131573138869,0.8115791466197162,0.1955051351703684,-0.08486498577335959,0.3174155727652057,0.0494805274532131,0.26519495108696484,0.7375493896276616,0.0
0.0,0.011600494431782415,0.12934362528591312,-0.08107022256845234,-0.06610020829025601,0.18911720490847542,0.3497848295026589,0.4537336163171428,0.8372110792542939,0.7008777869117945,0.974854918020775,0.9296882313431357,0.6536482403740222,0.5026522549204704,0.13531699458883542,0.135023777768844,-0.11317964452548737,0.3152972247757747,0.5217880611658201,0.4035515083951096,0.0
0.0,0.17236852611496997,0.15759797721359542,-0.05864813510275993,0.17088927587932254,0.16953197637362497,0.2777390864659646,0.5992157415482355,0.974092040483371,1.0982183870706728,0.9710832605341612,1.1022090339040433,0.5966123309254368,0.09691314550598952,0.25464640067091715,0.25423652596850677,-0.15086572306783239,0.44109457842573724,0.5826350779989127,-0.09086576151193024,0.0
0.0,0.2159242059635637,0.08197097317672851,0.20852287446925252,0.2862183028843123,0.21440619974497194,0.3474373484098751,0.7783164344377481,0.9464161951709305,1.3480592931223985,1.088959723634967,0.9455814385962669,0.5440380870555886,0.03913451499714628,0.2845982970408407,0.18413983203656065,0.38411235241073766,0.27722815414236085,0.2276947939567738,-0.21559255352803888,0.0
0.0,0.06080867629416155,0.1474009288095787,0.44855527260569616,0.31834783270610206,0.3857182107426081,0.6072757640782483,0.8055781369343782,1.0374306249687357,1.2152414645455223,1.2474011116895205,0.6552840272724724,0.45551064527326657,0.3769895822143708,0.1380844210272704,0.27946783946784143,0.7540242665610049,0.11623295474040606,-0.30721852001301747,0.004627926054537681,0.0
0.0,-0.0699990336855274,0.3310565111591812,0.4428264926823733,0.45609105625243174,0.6565823604975477,0.8608204194046825,0.8498340342254173,1.0926557223328952,0.9750380483972108,1.0930085474730578,0.5407881986951971,0.44087901428879916,0.6426295657741865,0.21204217988949206,0.5663269405069976,0.5210672097226989,0.04416586229359158,-0.42878102987088407,0.04624075698225634,0.0
0.0,0.08082461424385741,0.3433217486939705,0.37539629969731714,0.70249911697754,0.928991422517287,0.9924519806868336,1.030303801713092,0.9482904558813943,0.8425473523918207,0.6072530970642489,0.6409030446855865,0.5966884949872002,0.59127644506387,0.7024115690817908,0.629586016933826,0.04997865407592541,-0.014401524202009687,-0.02031812940507031,-0.21103850246100422,0.0
0.0,0.3378501492895174,0.22745155864854846,0.48184429948544805,0.8873448959440859,1.0967728265478893,1.0996339083339484,1.1433687107195796,0.7811266000964896,0.6496789243893005,0.2700713838141868,0.696924903342143,0.7776027441616089,0.6107857168715091,1.0772404516590333,0.44123370795230965,-0.17428189083462445,-0.02925175697108609,0.3031866712232745,-0.24866732659908874,0.0
0.0,0.33395547485711913,0.3217198435937168,0.6918045997770026,0.9423558724168115,1.1330482709347391,1.2130766252013636,1.0446024680248516,0.7175922840180153,0.3559099669574528,0.3851592186888029,0.551667185465274,0.824581503730876,0.9776050487034644,0.8639124806270684,0.2521167286806032,-7.549147516379244e-05,0.06929771724799637,0.1652289328103057,0.12584767876760314,0.0
0.0,0.13096823107251132,0.6354946020642057,0.8354917765729659,0.9503475604028727,1.091593265573414,1.179006106430293,0.856170437635572,0.6430714700100011,0.2791233501439188,0.5963540772372908,0.47147297353271705,0.7937020859932307,1.1836241199775357,0.3968195198996464,0.23089054795611488,0.35741334284817733,0.19165565551717126,-0.046289431964890215,0.44191384111608845,0.0
0.0,0.16455843032640446,0.7552022805245849,0.915394356169511,0.969258481036099,1.006306111971251,0.920562347031842,0.7104082572396734,0.5132588811003245,0.5728292974658512,0.576697222367741,0.6505417316419227,0.7873893343575555,0.7844085539596204,0.19958324661247812,0.3777967600529521,0.5545193195574363,0.28800523565469754,0.15090918806367745,0.2410500551616679,0.0
0.0,0.46706019482244404,0.5982275728926056,0.9137794077771503,0.9711833749234664,0.8473148854712368,0.5917091310447876,0.5743557783645957,0.5302346383047182,0.8429494960130542,0.5970134786510931,0.8650524056854841,0.6915917531919366,0.10628121032354595,0.3827220848712066,0.5312256038704427,0.5035485719770846,0.4481459268879204,0.48191916527807516,-0.1460684989011924,0.0
0.0,0.5582276691266366,0.5329112272805488,0.7512476820734427,0.8584195804669351,0.618957364158648,0.3887197733733805,0.4419305575072662,0.7448927902065293,0.8114756622647418,0.8860480855985365,0.8281535377335282,0.40530888747659943,-0.11038576674228105,0.49297484999900926,0.5755214216166793,0.43472316578501846,0.6401873422605305,0.5040245285151146,-0.15027860855710296,0.0
0.0,0.28001119058581025,0.5915098350908762,0.5157456902474893,0.547666151716612,0.39405837798339644,0.3512679739954756,0.4667922159442639,0.8211176268817842,0.7745411072290448,1.090325675747053,0.5935668623328657,0.10022488446917138,0.30516421334077476,0.29019779040400223,0.4837653074458591,0.551506859442561,0.6322630653934611,0.2880762564940711,0.2464080313773017,0.0
0.0,0.008139533488358172,0.4170253091905117,0.3243545676215902,0.13864535264829927,0.2306454346015337,0.4172430926510444,0.6354742588088218,0.6693442561089027,0.9209934300849745,0.857522319107773,0.35646685696152386,0.17430979333621366,0.6167147270635777,0.19195016704973766,0.3238795640586778,0.6598393851842212,0.39839151021354896,0.22440928482813843,0.5359320243562411,0.0
0.0,-0.028828687864810573,-0.05586078700167839,0.07471126655969468,-0.11181668490852273,0.13475230596593318,0.4993026358926239,0.7012711462671012,0.6342486479434477,0.8784047132835965,0.39652099871858737,0.2880471119811753,0.6044329364873382,0.45907153224825903,0.3804626993583007,0.2892685502550402,0.42764991938625174,0.2091990526993339,0.42321523508787606,0.37653106536518044,0.0
0.0,-0.054731850150886996,-0.44983771569848274,-0.3381862834201743,-0.11354804388584883,0.1244101742615384,0.4713124722529866,0.6100821756396642,0.7582488654503695,0.4544898007985578,0.1233616856595105,0.46697376899780196,0.779643132955095,0.3211958323787066,0.5661612781734068,0.3812542562071728,0.009623282041441972,0.2510042623702302,0.47439400128935477,0.03375148704372422,0.0
0.0,-0.2452596402232087,-0.5729150147104386,-0.6612643209557427,-0.1032639140810858,0.17817137329200233,0.31377886540352695,0.5041234988801018,0.6357292091084809,0.02050874785856082,0.2375010362544817,0.6233515922419186,0.537154514767939,0.5380255075756477,0.5166747305602826,0.3855026043455557,-0.06903950687884114,0.27806465481817383,0.16788595728419528,-0.11320172990168301,0.0
0.0,-0.47181010082515223,-0.552460128840238,-0.5772050444361714,-0.2612428374398163,0.13129306522580927,0.181684373200127,0.3440836249676874,0.14267192861173902,0.020843269773154073,0.4650729649211532,0.49903033017560433,0.3338314748026622,0.7373521835469024,0.39407457706733534,0.24486580232755722,0.282353198153388,0.04847933460292851,-0.2308765075402732,-0.04838813844516443,0.0
0.0,-0.4984357379062661,-0.4797243359090954,-0.2754574641751505,-0.3725139660477181,-0.12631723254520505,0.09489114196904394,-0.017553803411082126,-0.28880479297934314,0.3452553426497983,0.4479047344393417,0.263876209938874,0.44488887653956954,0.5236034492904766,0.35685373716616875,0.211744750794284,0.4924475429617706,-0.20896111601800005,-0.37089458176423246,-0.053617849915410756,0.0
0.0,-0.253128101425632,-0.289856422180511,-0.13417476099395687,-0.2880555392386793,-0.40111431558440674,-0.19298267979897224,-0.44681315144661826,-0.17906978364551027,0.3390154454039886,0.25602761209206576,0.23026370305278349,0.5008146797023553,0.1651405058425091,0.3342144453684808,0.40451312685702623,0.2116886458486696,-0.2205286932005453,-0.2221843003365609,-0.20710026921938796,0.0
0.0,0.11232280950417224,0.011554772984194195,-0.16557225147074695,-0.17869198565262587,-0.5003827262770884,-0.7215009600961273,-0.5679669745087098,0.09206639475523593,-0.042396254199242284,0.08781054358579445,0.35856520331413777,0.23346657339540644,0.06947964487256364,0.2588459407046276,0.44753325761092017,-0.186768062208887,-0.018371058661223835,-0.044094862405941584,-0.24528840563002507,0.0
0.0,0.3496862852728439,0.2719205031263209,-0.11872540407157285,-0.22733387459614204,-0.541289865716038,-1.0122551107573559,-0.3723173911400186,-0.11544288463398032,-0.2945659431696377,0.001878445672772662,0.2572673523557468,-0.05682050130294853,0.17509174782287235,0.17098397214332875,0.07834808065074703,-0.18847613087975823,0.08121912746811757,0.044427683671994324,-0.027187532400161793,0.0
0.0,0.3166751733754014,0.3633549060154874,0.06192450776342709,-0.3808620755707686,-0.6333879226059819,-0.6561123778620254,-0.4071912078030616,-0.5851889895732143,-0.2811042339845996,-0.1120028508173366,-0.15703534457121585,-0.059083071562847714,0.1511609964747483,0.02407379235592717,-0.3643606253416519,0.09599488368956266,0.009739732443889782,0.10777519907033446,0.24717202739877328,0.0
0.0,0.10468751554267235,0.2533651788767772,0.17135841607299557,-0.44078155016437476,-0.580114714217739,-0.13784916843739653,-0.6815362418402808,-0.7826017135285124,-0.3472980473099342,-0.3528518833202571,-0.4861031516035504,-0.0036618208883995133,-0.07498780344484117,-0.2444766476656735,-0.33031059886234576,0.0704784953746959,0.028420956627032843,0.18984300577490637,0.3052909361682482,0.0
0.0,-0.08925006094364936,-0.002507989066532389,0.024021890942279786,-0.2663154980866537,-0.19026080339326393,-0.14067953977810868,-0.748293854532512,-0.6530749447737151,-0.676879756265489,-0.6604663115434062,-0.45685616718463273,-0.27654858506040497,-0.3705728559770861,-0.4488181863630176,-0.010368681418841829,-0.21036156757078014,0.14989081959277822,0.23797844521527203,0.12859084548951746,0.0
0.0,-0.18349075262761236,-0.29784677582550617,-0.28127689742310796,0.09457898407068001,0.18743574154179446,-0.4702332988184003,-0.4750117813778827,-0.5676323811168994,-0.9862975589959209,-0.8514374708072586,-0.4422910063479618,-0.7166539289339626,-0.6483997748036538,-0.3528746302653508,-0.04215928006554357,-0.18619241254436011,0.11025933428359647,0.16363374697576524,-0.06431384753754917,0.0
0.0,-0.23573593388884448,-0.5062902121562521,-0.36067118624644257,0.2615018399205494,0.19335368254903865,-0.49351427896821143,-0.24827773386717492,-0.6399783009413565,-0.9941960967121882,-0.8725492467714154,-0.8145618935572583,-0.9792470380809978,-0.7711274595074344,-0.25415448356614373,-0.33251157417477706,0.07761633864435849,-0.07693657188224452,-0.06735224203980408,-0.1015406538665906,0.0
0.0,-0.2948884177887246,-0.4629118405854248,-0.13430278928429557,-0.014018327889810382,-0.09804976029582739,-0.06525178646942409,-0.35104919857845196,-0.6971409670216385,-0.7432642209711365,-0.91963722705477,-1.3061296754005112,-1.021166883259176,-0.6980300566862677,-0.5045175243996332,-0.3569414947526329,0.01782310539086545,-0.19232271116651065,-0.31331228056737565,-0.06221979043900236,0.0
0.0,-0.2728082881249506,-0.12757088804997518,-0.020879123534904925,-0.420844650366245,-0.32532739343748046,0.18700905179606478,-0.49239110014230825,-0.6006261322019413,-0.5591773071483273,-1.0611763185998262,-1.4197685044141162,-1.023671946914941,-0.7046197518242939,-0.7797335298129615,-0.25827379395665906,-0.38434380157648135,-0.26658533957166225,-0.34175266117324954,-0.12762557613342598,0.0
0.0,-0.01631639541708778,0.18501792091252917,-0.17265343809133557,-0.5590587286635865,-0.3062935083362547,-0.19730017281219972,-0.38270517630532436,-0.4210028185422446,-0.6487650537171055,-1.1272147090492048,-1.094391324990696,-1.0655374807694444,-0.9353180976587796,-0.7132205016295436,-0.534509008867575,-0.6724742859880833,-0.43842737003376714,-0.20623677461511886,-0.23778841357159428,0.0
0.0,0.35188449226454505,0.19457940207688199,-0.33803408374688526,-0.34571199024060545,-0.35785092853169137,-0.7447364131549842,-0.2185870799636493,-0.34367450009904404,-0.855033846010499,-0.9310469208729223,-0.7530559615768616,-1.0461389500411609,-1.1050199274236427,-0.6770238437534148,-0.991743184260361,-0.7516802898498305,-0.6061948943185085,-0.22306457132305807,-0.1937320406726783,0.0
0.0,0.4057342318190669,0.013793179957408792,-0.24229929492341112,-0.12935901114131604,-0.5864287056898424,-0.7797350400893531,-0.44333276340398203,-0.4680019127235926,-0.8395862350193761,-0.5924805506037404,-0.6628481936853778,-0.8990334106471484,-0.9895245119421221,-1.0484468882413527,-1.1555641094129958,-0.8660104614647911,-0.6366757114068248,-0.4474001383248304,-0.06296008460639856,0.0
0.0,-0.0009743373628341451,-0.10712179661165323,0.04376202227081572,-0.19937495188484006,-0.6807308162165406,-0.5011498337956278,-0.8895138612848017,-0.7676444361745037,-0.49911269194740177,-0.428608141184451,-0.6684578986895972,-0.6778865142452546,-0.8445521400984103,-1.438356131697527,-1.0882809328465457,-1.0067444064979894,-0.6869966935076245,-0.5575618955748047,-0.13044536375674812,0.0
0.0,-0.46083850447722047,-0.09617417636537305,0.11123893278200951,-0.3822875015710083,-0.4411435150092581,-0.4981126464083995,-1.0730378905117044,-0.9582821530474634,-0.2929338462184002,-0.44034072860765583,-0.5603745712988524,-0.5472713811323777,-0.8871732644704803,-1.330016275258759,-1.1538714609066376,-1.0133101328034515,-0.8387649919614827,-0.4921529765725899,-0.3789220672604785,0.0
0.0,-0.45994257064057953,-0.18251296604471534,-0.1973732926727867,-0.3571842883894851,-0.201164796788049,-0.7415307029931832,-0.8899310716389647,-0.7904778569084461,-0.5855563191384917,-0.45857831472135036,-0.386886228063408,-0.603894130043678,-0.968907172007195,-0.8879043436972731,-1.2259498607243777,-0.993559823635801,-0.8869561310709099,-0.5587116472345159,-0.4654644332793908,0.0
0.0,-0.05718836224313038,-0.43210279655597156,-0.5812344372966533,-0.1797650676419556,-0.31016413956885575,-0.7975437241233712,-0.557920629040684,-0.542561784450478,-0.9314821653853457,-0.5244634155595796,-0.3794709096321636,-0.7328475604616136,-0.8211300171474495,-0.6482159620930207,-0.992250396855341,-1.026614620641903,-0.8061630770401255,-0.7521471228139801,-0.31926652122422333,0.0
0.0,0.19029177344372272,-0.5665620928779523,-0.6403627109988638,-0.31719564972907205,-0.5948095569235884,-0.47462628109307753,-0.35193251049333973,-0.493660851109089,-0.8369160491722643,-0.7481065499618493,-0.6496294667355202,-0.725998092542735,-0.5300402789978662,-0.679279683184356,-0.598790254674059,-0.9060343783143028,-0.8050142677781372,-0.7117724271205604,-0.23570991874346503,0.0
0.0,-0.027945604945209975,-0.3857407015606795,-0.45690849925610555,-0.7854547158417527,-0.6656084130782263,-0.15351194207153562,-0.30426406659153,-0.5439105257117357,-0.5068063292743513,-0.9647543183633532,-1.0085045302304168,-0.57795466450431,-0.4248382072347029,-0.5988432322417171,-0.403910133636497,-0.5681462292790783,-0.7836048039749365,-0.43215690173524923,-0.29824556852392486,0.0
0.0,-0.406899738917882,-0.07875174491894045,-0.3834769024296699,-1.000348873425284,-0.4958830207373365,-0.23260404790307412,-0.31707713049955427,-0.4553670514498576,-0.41727114578433244,-0.9675068865151628,-1.0674659798350776,-0.6055809033967522,-0.5069416577159767,-0.325334305222658,-0.4062125440887075,-0.252459468288031,-0.4342268359210706,-0.2643417547917942,-0.26606974009797096,0.0
0.0,-0.3868325358819027,-0.1250406624711728,-0.4449109011997831,-0.5986722710446427,-0.4594756032926712,-0.5335353400899785,-0.3657071614080857,-0.2833463249003205,-0.6150051192740827,-0.7438128743922935,-0.77639225390722,-0.8470520347760935,-0.5570415870839243,-0.19918422335202318,-0.2887868345362391,-0.11184678408489929,0.10548604075004506,-0.18365778311772815,-0.07483925746240411,0.0
0.0,-0.016134756022831147,-0.48402784644616514,-0.41916671224494034,-0.030499424386135024,-0.540081875797296,-0.7011724851638761,-0.47092154587192026,-0.3341410124863638,-0.7117220250560646,-0.46755292354606787,-0.48687275415028414,-0.8736525466565919,-0.5664417158760224,-0.33536268564602073,-0.02788541237296803,0.04894945715507743,0.3678426302431723,0.1018583641814753,0.10851639452199133,0.0
0.0,0.13999257938910342,-0.566527971028318,-0.20498827553075388,0.053612243052339914,-0.46301926664078197,-0.6343110863419912,-0.6366313217593002,-0.6524532181032981,-0.4823598711819809,-0.34219095672358185,-0.38110346599541756,-0.5160063146569525,-0.6002005538370295,-0.43001331491866485,0.09567514073305868,0.3351132256550172,0.30490036951600874,0.5157354088485346,0.23324890242989169,0.0
0.0,-0.10765465548196503,-0.1008784313332047,-0.045794209749584536,-0.2820552978530574,-0.23308302034163778,-0.46381164449030693,-0.8011920642987868,-0.8531343841529551,-0.27821394177852066,-0.3277608230579521,-0.3293810087412241,-0.1247508475717701,-0.47319730307069324,-0.29131957547196025,0.03282111768650066,0.45494696049360595,0.36393899208042885,0.6553465919446021,0.36998101672322586,0.0
0.0,-0.2740997194044424,0.37686700476562235,-0.041801574102889164,-0.4727925479025413,-0.15897440086493145,-0.34571802336141966,-0.7985839305272863,-0.6670859700797881,-0.45018212229980314,-0.30007518141921147,-0.16830979817488956,-0.023598945488680124,-0.059185822541617646,-0.039474612973049335,0.020751969413074545,0.2728285696432844,0.6188299027172619,0.47095390907068807,0.44976815889138305,0.0
0.0,0.09771468991659354,0.2412891677462098,-0.05464737886831093,-0.261275946781126,-0.3647693007959071,-0.3600723979848102,-0.48489452019215135,-0.4069991228314639,-0.6658434261186851,-0.28706385686697156,-0.005574425354309207,-0.0229474298183337,0.37843965952897224,0.2443412794415321,0.13261188052813458,0.14311772250229654,0.5820736549911172,0.32901311541868566,0.310616772800207,0.0
0.0,0.4945953802135627,-0.1494777810350814,-0.03128877029066339,0.015048105420839866,-0.515929056083484,-0.4339745131859163,-0.07221177449009687,-0.31024809682575843,-0.5164013067806942,-0.3263005389030177,-0.016051411973813438,0.21219259061200005,0.5029607162200643,0.5284462570537269,0.3280507716255232,0.2659973233967124,0.14966407998699421,0.2870663065511592,0.02175498614275108,0.0
0.0,0.2730716451298959,-0.1805104933863503,-0.04726455284524981,0.00507268736846277,-0.3518004464840176,-0.33232890973208506,-0.0055692763063273955,-0.20229706880406867,-0.13233281596795896,-0.2808352100351238,-0.06961737726907466,0.4739350483671077,0.4579182010519977,0.6805237055407363,0.5916744882251197,0.37722837134808207,-0.15431454793034205,0.030740845907200894,-0.14460965735799497,0.0
0.0,-0.33386016076142244,0.07439416961638493,-0.10768519499201312,-0.21438909874417708,0.00907174461611606,-0.0442182416057122,-0.2328488743608668,0.03291582145376407,0.1459469903895584,-0.018427526772483584,0.09008483896552542,0.3960673459431538,0.5276661649639023,0.6520360174252019,0.7718748235106844,0.34751349785028274,-0.09197246939940505,-0.40446632617637096,-0.1394003593989336,0.0
0.0,-0.5218587146491789,-0.009932570178731281,-0.13537318802374845,-0.2401884588261776,0.20571986650345672,0.17878852404938494,-0.20302407188830243,0.1756590822822977,0.26880490538680335,0.3985549680138065,0.38075377232203045,0.21206051540916504,0.585115468074587,0.6043046057843834,0.658303977627641,0.3019671512036145,0.04968361487184858,-0.5133291735264043,-0.1969758425157619,0.0
0.0,-0.13276378465024816,-0.4604844656328507,-0.15590219969420566,0.05849554526221559,0.11462383008001566,0.2198164802865589,0.24828925774664817,0.161844984750075,0.40128867738088503,0.7234533054331008,0.6010224568139504,0.3362417890210777,0.4401187535280136,0.555157422950209,0.32659973095514894,0.2914598229491202,0.06594305231168737,-0.15013011702755663,-0.3050158255933327,0.0
0.0,0.18152538938680934,-0.566885384467395,-0.21851453615028663,0.25995018905383643,0.041175260527433546,0.2187176919437124,0.640398004995438,0.33824858566776844,0.5824282638616023,0.7792296871844533,0.7426264112892548,0.6671246293492612,0.2979420344506666,0.318283007163613,0.08683277034077048,0.18097657406930692,0.0888788714376359,0.2589317653961162,-0.14125006417173502,0.0
0.0,0.04842703040972772,-0.10705463916753753,-0.18609131118945857,0.05167490954598504,0.18298187615075676,0.3646643212933774,0.6268898047022538,0.805215921880926,0.7433760203239335,0.691912710636069,0.8476957891370062,0.8549397614269352,0.34906355688946034,-0.03956917627810019,0.016989821727932786,-0.018604072371991284,0.2431862232295545,0.3755259693480292,0.3064392786524423,0.0
0.0,-0.18352720432151776,0.3874326765503998,0.03450513087847668,-0.2094153979241315,0.349539559816384,0.5624361393906325,0.5602916145166397,1.1216593095818408,0.9078794962213221,0.7216951667605734,0.8565796432970126,0.7773216256135562,0.4570083001588936,-0.16197145277670863,-0.08565542051367792,-0.042911381607718985,0.31829709867488376,0.36703065401447865,0.6229489018925292,0.0
0.0,0.025386013712469083,0.3516199158579575,0.3104928852465622,0.012028877127048285,0.30604930185012735,0.6358828109769579,0.8224518772481856,0.9786817227460307,1.0725729346135264,0.9294638712128799,0.7429428011820598,0.5619380804159568,0.4358542021029533,0.06325574669280996,-0.17898613390448193,0.12048808611982681,0.2142167833401854,0.4498905513573275,0.48035426695797956,0.0
0.0,0.4136746077593698,0.09020757189597815,0.4496180340733719,0.5761578315990211,0.2943008491568678,0.6195317183509664,1.0631688558578933,0.7847847488021162,1.0957609923750735,1.110162340427122,0.6295452000157833,0.3704410734131206,0.2959713708147765,0.3604462626351494,0.039455938479185625,0.17856652904368098,0.18343005558451736,0.40080284200774835,0.06508430366648786,0.0
0.0,0.3868221610809588,0.19621737471453507,0.4546749445030538,0.9190346755856278,0.6283421079440771,0.6773245056260545,0.8919608781654649,0.9031206215262914,0.9415877686396803,1.0297392041028113,0.6163658181418361,0.28610932098387165,0.23319335962603277,0.46118643165769435,0.5024755199381148,0.17322181491197458,0.26190082689610406,0.05282980732298768,-0.21885517206777014,0.0
0.0,0.02966606882185771,0.5512745469710276,0.5837692784214644,0.8282457178395126,1.132507184553288,0.8402666622532181,0.6050975255656912,1.0298577939827152,0.8006939305985422,0.6850385481110395,0.6368393528833902,0.3583621814836579,0.34022868717643906,0.45038852157303283,0.7680607166410652,0.3763388109524574,0.18751961131819506,-0.3249644241023177,-0.22530846037833963,0.0
0.0,-0.02348860843711114,0.6094323387538461,0.8310891118718413,0.766871323473613,1.288693848538939,1.0362038943578682,0.6918396353019611,0.7881316870338915,0.7053511838961929,0.37568580297760956,0.5402089712809123,0.5688356550835058,0.5373575048601452,0.5517224718637329,0.6430540929284747,0.6607147727708916,-0.03163507637054647,-0.3815779585770095,-0.13890698393712875,0.0
0.0,0.33700805294257485,0.40346446490325993,0.907856430066362,1.0414865780432638,0.9914641648695023,1.173143433774205,1.0199754230127267,0.44130131454093796,0.4865859754796503,0.3314408027706273,0.3778682567802657,0.7386255985130415,0.7615377867060009,0.7001648141920684,0.4593447071818254,0.6003684493699148,-0.09854973816924079,-0.1029198515301544,-0.098610657168307,0.0
0.0,0.5446760885593114,0.4531339758893519,0.7543661167741913,1.2068376374819167,0.8102658603351603,1.1109952231849596,1.150509974482627,0.3925516651120538,0.1789278775806129,0.4039484160086046,0.4073954862769201,0.70526296049613,0.9213946938799202,0.759651736835226,0.4650748273529658,0.14187433992221543,0.15456690043150567,0.20087982295791648,-0.003669550320716187,0.0
0.0,0.360914392063782,0.7272067777996771,0.6837164100878741,0.8985118123667543,0.9928001515070206,0.8880558177040534,0.8961830975370539,0.5884447784608832,0.1285927974068719,0.3646453345044409,0.6095442386826799,0.6163441513995329,0.8531338648799417,0.7390576647472062,0.4669420746928377,-0.1273710249126726,0.4159238917134867,0.3710280707241724,0.20005916034845753,0.0
0.0,0.16861621306480462,0.751448226020299,0.7546526156309891,0.5223172732906877,1.0545475377899067,0.7111746098847294,0.4787915581656823,0.7122286357639158,0.45884779693546995,0.34445047014132885,0.6737189412230827,0.6478998140706242,0.5795040283249325,0.6181720167154621,0.3409356353390698,0.22474298389606787,0.3357298564967142,0.45233950665435774,0.3856924765747851,0.0
0.0,0.23120900113447745,0.4089621702600298,0.6985194249406625,0.5781481319858331,0.6198084601636588,0.5799270890575553,0.31943342738839947,0.5760771217006431,0.8612177264313817,0.582253435603945,0.5326827933212908,0.6493407607125146,0.3548253182113514,0.3315663580331913,0.3076001827303703,0.7131573513229926,0.25077259564138715,0.4176783229273685,0.4005037138307296,0.0
0.0,0.26859302823163805,0.11766458957462823,0.40704510861665216,0.7202653592822261,0.1278821144065998,0.33876262399551255,0.4544283433519635,0.4604428040195902,0.9391348872143034,0.9375387714127769,0.4781292412094021,0.43418582947102236,0.26646979331926296,0.06876427916757259,0.511647042599632,0.7362049594926972,0.47826619200613485,0.28007376021206576,0.2094443875798681,0.0
0.0,0.07001303747991877,0.07772324503560568,0.11913430777949101,0.38897981827502404,0.03660281127796316,0.06283974077598029,0.5330762776018738,0.6251265995546248,0.719018535490794,1.0463984508569333,0.624684655555692,0.1590060008650818,0.17676041664869477,0.18905598051140782,0.5801155191038495,0.4777035552942008,0.7259455844070298,0.20558639540580023,-0.052334912568211225,0.0
0.0,-0.16402068686847687,0.062413932885068045,-0.04454620752985669,-0.2722606240397018,0.1395372194161448,0.06652618170283764,0.38492193174102457,0.7877197534272214,0.6180990449356035,0.7401989221520727,0.7444225639564563,0.13157501462245347,0.11252313274200569,0.5302521371962883,0.3658626894628941,0.39173097410947816,0.5710395518480098,0.24776722353494332,-0.13747824116612706,0.0
0.0,-0.18057789523930395,-0.14101370772549948,-0.2611353247299748,-0.565439102626652,-0.03020925332263522,0.29861698763731603,0.2845967846312745,0.6128365907395837,0.666963837013283,0.3567992859858853,0.561369541619993,0.3998981108281289,0.31765121448791017,0.5412935485391541,0.24239014626830088,0.39009358671756716,0.13953338320964073,0.256131724683576,0.061375259839896404,0.0
0.0,-0.0759084544084985,-0.4359308089565,-0.5533531738010123,-0.3608539742116971,-0.31929751411815327,0.31698363526361734,0.37614314858030723,0.2674061685070937,0.5206209176343531,0.24218807018338434,0.19233779783390714,0.7004498553332286,0.6970403738214115,0.2711596826308102,0.3425462992156712,0.18767158656409205,-0.10524618431605032,0.1022833521578937,0.3235932090823345,0.0
0.0,-0.11159253976766051,-0.6053877646559879,-0.6567162703024265,-0.21869322672473798,-0.24587061864080761,-0.027637721021871564,0.362823456924051,0.1130938020673338,0.08820032141796905,0.25335797014569283,0.16717293171817219,0.6793764337190011,0.855557878852247,0.24528654886784276,0.3255714763358689,-0.0817687531805285,-0.069591265029443,-0.04210458470698737,0.2766025980048217,0.0
0.0,-0.3288755549244523,-0.5427490772616919,-0.45907179607808773,-0.34244128479599967,-0.027156170446414246,-0.2805037817555207,-0.02035426796027101,0.07144539272925593,-0.23212566244993457,0.1398729100969798,0.5010684593785234,0.43235393443920167,0.6057098312758818,0.5430070066162981,0.07204110585929396,-0.13889613107077511,-0.005667838718402589,-0.02406100062494053,-0.10691479128686275,0.0
0.0,-0.47771583723355215,-0.3122749173067855,-0.22300173077489288,-0.36020760335177493,-0.12097415958712056,-0.25467511874460896,-0.5037709533450362,-0.178535036891286,-0.16611642633067514,0.031123653191892517,0.578461528348464,0.30240419452921025,0.2220065200397916,0.6280229659764899,-0.05786869927657141,-0.001544993673145002,-0.022874388399129746,-0.0372615744354667,-0.3824841697324784,0.0
0.0,-0.28216787763034495,-0.11743661832260309,-0.10792932316940368,-0.17116512212387855,-0.4270388860625779,-0.28327128303527127,-0.6666530267755132,-0.5904771785852718,0.008613087297837304,0.1326242703445264,0.17000385754432357,0.2684263828530265,0.10969549356616545,0.15396281761477737,0.15467012443355624,0.10964108221929078,-0.04729878166866605,-0.2072525778155308,-0.24146237568721915,0.0
0.0,0.15799425297939285,-0.005450152708439066,-0.043936938503542106,-0.07375825375939556,-0.531543023720801,-0.576988955354251,-0.5745790515998823,-0.6613440731750666,-0.11799560333639457,0.17442317820996942,-0.21748486959008637,0.09165287319166522,0.11109789811466446,-0.3321105428413853,0.3208084680059467,0.156714961902082,-0.07249918847455986,-0.29500149595357616,0.06713314066479169,0.0
0.0,0.41372150094081134,0.16503052559446688,0.01745955853685075,-0.18762961550491075,-0.4294757022040914,-0.8337392276075791,-0.5154042633182967,-0.34037109739447613,-0.4171833423765783,-0.1635472059664415,-0.2345620927874444,-0.25390480550907907,-0.11082651222449914,-0.19824950358602506,0.003386073513663577,0.14459807502809197,-0.07977031045905876,-0.04891999463995856,0.1322751101673071,0.0
0.0,0.27516459430685836,0.3687296910658574,0.04993415546308919,-0.32488801118147187,-0.3917325391405024,-0.6896592498966578,-0.5304702581841239,-0.1584628251727249,-0.5416087304049033,-0.6791371208042144,-0.23058761693364158,-0.5121418389419691,-0.4442478239816452,0.1014451493893913,-0.3639069571695445,-0.07244743011706145,0.050490758544431504,0.28717596063738354,0.015532473043601275,0.0
0.0,0.012375384481551805,0.33570413881261535,0.05166886332729455,-0.3089548953898591,-0.4543188097885935,-0.2883882169307028,-0.4212956383979509,-0.3985977525760866,-0.5394787001460394,-0.8542643066835306,-0.6347308099491158,-0.5815678000084447,-0.48872749002727217,-0.15712639359220076,-0.3426653536965434,-0.3634871887722903,0.22446511449516357,0.3435431680159185,0.021955484855089663,0.0
0.0,-0.07856205113845757,-0.04153821435800443,0.003774853373478852,-0.17604418492590873,-0.33707850625984825,-0.049352237747141696,-0.232048168194732,-0.7345138070195824,-0.6208719654918547,-0.7296126554859627,-1.1239302250846022,-0.6298337238048552,-0.3914602776264391,-0.7099647310879059,-0.23232990410699142,-0.27474122472906887,0.09667049495462673,0.14713271556335167,0.17641636491647353,0.0
0.0,-0.09936508897245268,-0.4182742805892808,-0.1705075785647204,-0.02767008450107724,0.03207418638631137,-0.0816551620664404,-0.1961964971883149,-0.7612626106684088,-0.8193918293696022,-0.7327449948287933,-1.1075282646666185,-0.8356365085726487,-0.5954250337739454,-0.8203034371393462,-0.41068582065075465,0.04675651505180397,-0.22686823091510233,-0.0755525524170635,0.21230980004765546,0.0
0.0,-0.22009512288542918,-0.48173889387017693,-0.3925377255548789,0.060289997894344555,0.3021745922700365,-0.134210532211688,-0.3699245788516781,-0.5396157331075014,-0.936293287951259,-0.9611593894828989,-0.7355442961101061,-1.0616149713197112,-1.0462734665105082,-0.562568968406186,-0.5595214891230801,-0.05825948300423928,-0.33135980951787186,-0.21570678105755925,-0.0406746893529531,0.0
0.0,-0.3525363388390254,-0.3384867424225968,-0.37773221229604803,0.0004180567446238157,0.1932661329283957,-0.10216198898435787,-0.5070088643236139,-0.4248982896162208,-0.8563138557923834,-1.0406177184195768,-0.6597828736593679,-1.1055649809413843,-1.1997697964950143,-0.5833755616740681,-0.430108604506488,-0.604266698074386,-0.24235174437451643,-0.31178400700932235,-0.37137677457099055,0.0
0.0,-0.28957606288868065,-0.2034595506497063,-0.10989784283666039,-0.18182526658346349,-0.19893458447059684,-0.12709150833306748,-0.399363921710218,-0.5642873752677252,-0.6494828366290029,-0.7985094542054983,-1.0280648278881024,-0.96928684760898,-0.9037455199806559,-0.8979478847440386,-0.4854784027856298,-0.8544562836982444,-0.4052900837731116,-0.401795795403656,-0.43464640066134125,0.0
0.0,-0.019786386172557513,-0.057616049509920685,0.06800932519795075,-0.33884984892554704,-0.5466703498790433,-0.3369274386078164,-0.2416050241537016,-0.6587707245690474,-0.4804252862875395,-0.5835261034375719,-1.2406950999923598,-0.8281009101605763,-0.6221350720682516,-0.9919983937138874,-0.9585324914578985,-0.6595007537406202,-0.8258402329044484,-0.5122803284519972,-0.2054537185289144,0.0
0.0,0.2425709768960417,0.16909695041186276,-0.03328911638615689,-0.3979006973790347,-0.6525827592908618,-0.6160436741768665,-0.3509242969287265,-0.4482601313744016,-0.47206624927721524,-0.6192855832817911,-0.8868073805604214,-0.8060130792491637,-0.6587921833562911,-0.8698058473163753,-1.2683750870511665,-0.7217237165261525,-0.9777248181937382,-0.6125859933466088,-0.04315016252537204,0.0
0.0,0.31096428800417664,0.3161205560287389,-0.22037624193224503,-0.3990589980398353,-0.587393842018289,-0.7588928315199237,-0.661163735127811,-0.2147055066001382,-0.5357542683542847,-0.7033129286958659,-0.34389366281746164,-0.7498425067872989,-0.9006231902376316,-0.8277377834555136,-1.0456288934673483,-1.2244271882521285,-0.7796571701099821,-0.5712225498822023,-0.21686450663391757,0.0
0.0,0.175954951054483,0.18496085867456677,-0.24553843861809715,-0.3971372063221878,-0.5055357577353368,-0.7357797872179997,-0.7634755729791107,-0.42202276629696545,-0.5259631978508194,-0.4886677007366951,-0.21618227022174444,-0.5762954199087431,-1.019839398793013,-0.9379758318925892,-0.7818503871656273,-1.3573657999099897,-0.7175912007464451,-0.4459663965824588,-0.47616331537794093,0.0
0.0,-0.07222259048951564,-0.17314023719751662,-0.14181728472791624,-0.36833788863492906,-0.4822861105308354,-0.5936220448482415,-0.6428102642043071,-0.882743283095298,-0.44482089296774174,-0.14238983516490344,-0.4433158528063718,-0.4473314976530153,-0.859740217404398,-1.0078604773205742,-0.8702688274442569,-0.8068933781529027,-0.8779794055846477,-0.5018559602850837,-0.42408114030517546,0.0
0.0,-0.3341998359039542,-0.46004869635977336,-0.1782932054904992,-0.28589370558629995,-0.4526174117994032,-0.42193028903497276,-0.600132704631991,-0.9454019364412802,-0.45293918261337546,-0.1398758163650551,-0.5399142734296206,-0.5190848222608551,-0.5670317486174761,-0.9092986777240302,-0.9842721341298794,-0.32571787282070996,-0.7883843475130867,-0.7162246925647672,-0.16194192165172808,0.0
0.0,-0.47760305307624157,-0.5109450173130434,-0.43502797009165145,-0.24312351101035218,-0.3199377406303428,-0.364709590060581,-0.6248699705204191,-0.5181878981482317,-0.5774789236753746,-0.5381124947332943,-0.4346349660611544,-0.624332733452416,-0.4280466410361003,-0.6537739596247414,-0.655291414097708,-0.47832407684827105,-0.4255474396519624,-0.6161597760591183,-0.14306680909621883,0.0
0.0,-0.39052914266970706,-0.481149458378435,-0.6263615073574437,-0.3555183696048979,-0.18304948536062252,-0.41396882453738176,-0.4511272129690217,-0.1704240654870357,-0.6532433766689575,-0.9004667614017713,-0.48904371759665083,-0.5272516702921335,-0.5113254624231884,-0.2826014354155894,-0.20419757585478374,-0.7109451306581285,-0.19312284492947643,-0.1229765103905833,-0.3204911947717033,0.0
0.0,-0.15036818697960713,-0.46215733492444033,-0.5751591473425531,-0.528174998359773,-0.2756612033064053,-0.3569628849465803,-0.10377727921789666,-0.22846832232806027,-0.6145582132290885,-0.8798699072657817,-0.7968719347476875,-0.4083261232461471,-0.4658787485966077,-0.01687164750089605,-0.03714939983639646,-0.38204598691467123,-0.22095236281922537,0.22278463026545364,-0.20486775387104011,0.0
0.0,0.01033692716777658,-0.3388865984275861,-0.4197876000223732,-0.5814409770730925,-0.5483873750367704,-0.12485508158194986,0.027709436790688644,-0.4317293237453921,-0.5146380767611225,-0.648866109636412,-0.9177919697433343,-0.5390363390771856,-0.1352708038328352,-0.0381849249152445,-0.03920422004999172,0.23052433246114692,-0.08477458294564544,0.08977481893821262,0.2375382414983125,0.0
0.0,-0.014531375248523565,-0.08630771777929491,-0.2960648142455503,-0.5135120557661164,-0.5750296667185735,-0.07451794355557503,-0.17326361955174752,-0.45816812043199434,-0.4378878193131204,-0.4720094038044206,-0.6557718538074855,-0.6381285913503439,-0.005188434454364628,-0.1230262221689114,0.10711310668450255,0.5260972406118924,0.3149894280853825,-0.05402178127956066,0.4554936195858788,0.0
0.0,-0.07344119298412966,0.08786089389165232,-0.17609587856312575,-0.3432576504848139,-0.26142268911581346,-0.38662294567361627,-0.48113557140951835,-0.32799141945199756,-0.3880569698714081,-0.37210485135636073,-0.2638140599171788,-0.35586133216362953,-0.32275741039021566,-0.01800343849470877,0.3659503667020959,0.44624487134706353,0.6399153684417122,0.2868620803500918,0.13966295984946356,0.0
0.0,-0.006868163165156151,0.03157612372954754,-0.009790463635905857,-0.0355383232426146,-0.047497605922279154,-0.6908121019222216,-0.6473028224687434,-0.31655450656824685,-0.2981605380462965,-0.2199930172256293,0.017315960915703053,0.012647408325806932,-0.47048015271899835,0.13255880739650264,0.4396501951318624,0.4085205935212292,0.6683292616515041,0.7360516383993532,-0.18124283763677518,0.0
0.0,0.084552471720226,-0.06811340395646752,0.16182999530562212,0.2663423837118884,-0.13179606884657313,-0.6550698338873204,-0.627174611286407,-0.48607744752828463,-0.1787266030793014,0.023617372715001046,0.1446232148481102,0.15470025983403304,0.0035358456394112454,0.1066896296271611,0.3030831388384961,0.529613146391707,0.5659941754400123,0.7371469415987878,0.008805517507499177,0.0
0.0,0.051868048503359895,0.04669728890475281,0.253030466315506,0.29300219894300833,-0.27318585378639487,-0.3376006291446515,-0.5178504655489025,-0.5495004712499921,-0.12456124540013697,0.2093351739456937,0.19795134114245724,0.21782973662147506,0.6248622896599411,0.13686602707978504,0.18337830864095253,0.5384488165309692,0.5149317745333569,0.3102920434271385,0.5220096268588252,0.0
0.0,-0.005879081881599273,0.2806294602735834,0.23392043301107487,0.014807050055309674,-0.17806504260775088,-0.06989703480150725,-0.31533070546667485,-0.3252775221968569,-0.12693861405739051,0.1784666910008503,0.2709217711089167,0.4983491182950155,0.7638852034149493,0.4337297910420411,0.25778324770895134,0.31867097860682897,0.36613760915549465,0.11059700657099372,0.6427754150679452,0.0
0.0,0.10477791157980267,0.31774669783357445,0.11178264169237709,-0.24112583884844002,0.07168612066268848,0.014678535435486367,0.012953172952306682,0.03694746595709347,-0.06260648363352016,0.023026420578063297,0.4213295266666363,0.7916894800819898,0.5688597254298347,0.7968183851124998,0.47168778156530217,0.08557212732075103,0.07423952718966814,0.3464316829379916,0.12933481742106445,0.0
0.0,0.2697668979612847,0.11079159648570445,-0.07922550839837339,-0.13007431897356173,0.11736013938264216,0.12194533018096664,0.3521718883218251,0.33632982113476984,0.11589505202748047,0.07262435233366848,0.5427031440178686,0.743280639747251,0.6020751402015375,0.8566158177091986,0.6540081308592977,0.054242320429198215,-0.045825272868562646,0.31761951662395177,-0.35658820871533187,0.0
0.0,0.18201805032132815,-0.12336953636899262,-0.18193054219610955,0.15491308961841055,0.030999063391638236,0.3492927810213745,0.5438199450468559,0.5207569749438499,0.4020669166382443,0.44200705706769,0.494533547808826,0.49800312731015356,0.8435191167660759,0.6520641188509358,0.6447262544950356,0.2722334574118678,0.10104837606556073,-0.2345977574545885,-0.3093108775182453,0.0
0.0,-0.17502754171987792,-0.22604573662427319,-0.051349831339757186,0.18829333324267594,0.19332849383420284,0.5040829669974302,0.5974832235673128,0.6500505090671558,0.7754980533522402,0.8281294772787459,0.4231390249110161,0.44786321695514364,0.7808776735462567,0.5219292743892038,0.4553639207644364,0.5769094315020146,0.186654305054683,-0.6387308449446754,-0.03573300190086994,0.0
0.0,-0.4576319007315188,-0.1904561762524013,0.1204279463278503,0.09239655600325708,0.5273047609289704,0.5303442200255363,0.6219723402689151,0.8200829295478721,1.0938494872433882,0.9794267299786784,0.576879057037231,0.5845517862223468,0.3844206128574288,0.48346550191639515,0.36919104796151325,0.5997787773604814,0.1048035854088549,-0.28669744411375464,-0.08748766281171073,0.0
0.0,-0.33700655704774246,-0.11595896988670358,0.10101485930063593,0.26214977459760197,0.6072371529987776,0.5972932076551419,0.7177067764968598,1.0281654065585144,1.1757905798935222,0.9819397054519385,0.9342594418512067,0.6297719619714026,0.1420865265626864,0.33887207015968757,0.4608013523406725,0.24040880504993212,0.08029388779863286,0.3926221559004855,-0.20314480990469846,0.0
0.0,0.09691419655505193,-0.02904613432303631,0.05551478431764977,0.5352150124236624,0.47544927216189786,0.7358735655566764,0.9316993307144031,1.1298171942294017,1.0592545954144827,1.0504493341404615,1.1555503552072306,0.5944554371264635,0.2639659969540502,0.15864727139532153,0.36159039554173844,-0.08140226276908206,0.3099773420285426,0.6134810734537532,0.0783277423306306,0.0
0.0,0.40658517147394535,0.18409914774869432,0.25281295004391124,0.49395447921067503,0.5173690074703009,0.8433072309874305,1.1368371131701536,1.0727069462129777,0.9737852927314467,1.168503769613718,1.0388726821773162,0.6582880975777999,0.5177143818731361,0.1457636366888796,-0.060605955866958404,0.057512344334586914,0.4819821150823611,0.38406662836282457,0.5673173167196709,0.0
0.0,0.3457374732106993,0.5467263383300982,0.5624225125135734,0.333299740676779,0.7371935207247211,0.9275669981831568,1.1232836326474551,0.9928382486054803,1.0500565322063424,1.1011356992601677,0.791133594410925,0.8306228038084258,0.6630094176150415,0.2242579844290659,-0.27740738356126043,0.3760307125102867,0.34910454743345753,0.28906833742570875,0.6638241086651545,0.0
0.0,0.1897337777054785,0.7790525076297263,0.7506930787796758,0.5376604062373606,0.8393707984682242,0.9977350098236739,0.9225658911626533,1.0102370954101483,1.1194774444454525,0.84344146349747,0.7207987052335308,0.8874280793525489,0.6667645923764671,0.2966639913213499,0.16707816183033533,0.29254145216236926,0.1867538032058451,0.4295344138075899,0.21365461562569638,0.0
0.0,0.2784227841739341,0.6218693173564421,0.8332688919921538,1.036724418065746,0.8569722952527358,0.9310648530174395,0.8101131414823453,1.0330480642894004,0.9799056104767249,0.6655389598935768,0.8095102586078327,0.7283955358507962,0.5916013416854552,0.5017345150446529,0.7684847223278728,0.07686848017078185,0.2104683489243294,0.3223978298627572,-0.24931143997897706,0.0
0.0,0.4081434736363336,0.3794795246823547,0.8942125083547307,1.319157326034057,0.9992030227266748,0.7693534579391241,0.8860605612676408,0.8952162601772048,0.7048402846210501,0.7288327303752173,0.7795128399338562,0.532622982082457,0.5541595891655428,0.891506879994737,0.900604527176106,0.25433237416869525,0.2270355519056651,-0.12495484610444228,-0.2845492888183741,0.0
0.0,0.28274639287354586,0.4665918834211646,0.8868811042009931,1.1592866254271088,1.177565341059923,0.8003393405575904,0.9041295422570137,0.6472072582497493,0.5474807740920457,0.8038120753144802,0.591455532572213,0.48769556866862196,0.7106225869137714,1.0740890313537108,0.7100690916551946,0.7140637945305124,0.09010830037582714,-0.4635677333085361,-0.059097808606876565,0.0
0.0,0.10608414239079712,0.6967894887212023,0.7804029177776213,0.8285457646535679,1.1452274554782345,1.074116397558061,0.7371019150292173,0.48437243460706436,0.5912613475765747,0.6202908741769709,0.45963282141534684,0.6437942547043686,0.9462823065884302,0.8483852900155167,0.6871335508290332,0.8726103692259181,-0.014268942926721817,-0.27681745003399794,-0.022982951153832663,0.0
