0.0,-1.7413822593862256,1.7958546258978614,-1.841369356893194,0.0
0.0,-0.3348845792781156,-0.14378603806307674,-0.34308943275503756,0.0
0.0,1.6559301058356233,-2.2310253254308243,1.1339424465682861,0.0
0.0,0.14018183331653788,-0.4343789800527925,0.7892256480227416,0.0
0.0,-1.1475869259535925,2.120551083893279,-1.1478960643209384,0.0
0.0,-0.6133965142278341,1.4277442818165622,-0.3520567971412026,0.0
0.0,1.334493198198642,-1.317687788876677,1.5130915062954446,0.0
0.0,1.3867858651379978,-1.3073808857965783,0.8657130709396761,0.0
0.0,-0.7870781029148985,1.5037724984994991,-1.4019609953413963,0.0
0.0,-1.4416404321889038,1.305834676472225,-1.1884033715547961,0.0
0.0,0.29353615706814457,-1.4375520556527566,0.7333200881414825,0.0
0.0,1.0801863371423266,-2.1628458197171674,1.092329333356553,0.0
0.0,-0.8621333495639174,0.35424502838489,-0.2865956221114231,0.0
0.0,-1.1771928346657636,2.132764742725289,-1.7840926501417051,0.0
0.0,0.44725738599408094,-0.04648260889849087,0.21822745518607345,0.0
0.0,1.8008090810305628,-1.8039829125997642,1.7390975832255158,0.0
0.0,0.18167096015830822,0.26519412559678984,0.4818362953260218,0.0
0.0,-1.1074224288325083,2.3209837762882723,-1.5572057909794808,0.0
0.0,-0.6454049182111216,0.5424381170101231,-0.0766803448410937,0.0
0.0,1.3081111994724148,-2.089127836922842,1.1979704198888594,0.0
0.0,0.40397498450958735,-1.341197941635701,0.5372773286255536,0.0
0.0,-1.605787477437021,1.3680014170076114,-1.4099322775763752,0.0
0.0,-0.9815708452004482,1.1281127151989243,-1.2948385154524318,0.0
0.0,1.4184331081367,-1.692389401965246,0.7223177045366729,0.0
0.0,1.1060368260266504,-1.3343350062281831,1.280030007482468,0.0
0.0,-0.8419343947580488,1.4520896621545287,-0.3463432866186328,0.0
0.0,-1.0782015946263825,2.1336956740204562,-0.9736454838450284,0.0
0.0,0.3656298645137776,-0.3086390150491877,0.9894380751038976,0.0
0.0,1.8501005853785675,-2.004563599451388,1.2233044312421792,0.0
0.0,-0.04811945522607803,0.2506038205927036,-0.5873948918823358,0.0
0.0,-1.6134597402090158,1.825351785894552,-1.7847276145636433,0.0
0.0,-0.5987282724830757,-0.3653089845777903,0.004388777276631672,0.0
0.0,1.346605983767291,-2.3289729568531587,1.145180221302604,0.0
0.0,-0.007218077139106058,-0.6881254946924826,0.5800726149905558,0.0
0.0,-1.214159719423332,2.015062512009691,-1.4763899157848899,0.0
0.0,-0.40511148825163296,1.2595064980481623,-0.6174549002792835,0.0
0.0,1.5188954485021628,-1.4658074122178701,1.594855594434832,0.0
0.0,1.1194289235293113,-0.9676775329371646,1.1811480091562636,0.0
0.0,-0.779212296885939,1.8157050331962745,-1.27150509158515,0.0
0.0,-1.1705587371545894,1.4522768771106636,-1.0564363572599977,0.0
0.0,0.5237506088769449,-1.43902553688424,0.879966131274897,0.0
0.0,1.054211384700038,-2.1312740823024163,1.0162695792107908,0.0
0.0,-1.1154686452127187,0.3712398071454706,-0.48607121646957435,0.0
0.0,-1.3842632504695978,1.8701401567166045,-1.7994777295753002,0.0
0.0,0.609903674325319,-0.46853704799209633,0.030808205882947606,0.0
0.0,1.7933451588647604,-1.8928886580032014,1.4576623152410304,0.0
0.0,-0.10654897912421371,0.45152596412049406,0.5191392173086752,0.0
0.0,-1.1451792797969722,2.3387632139622228,-1.2355960507124755,0.0
0.0,-0.5225998232200929,0.735819284986031,0.18939854754046262,0.0
0.0,1.5186180667774611,-1.8918716196527359,1.314979584176477,0.0
0.0,0.77166110687555,-1.1326109632359025,0.3045918380471871,0.0
0.0,-1.4562053091945393,1.568871349628819,-1.6573752798792403,0.0
0.0,-1.244711553781413,0.8162316527478255,-1.000225674112738,0.0
0.0,1.0950174838978457,-1.9065611358046788,0.8256804161471056,0.0
0.0,0.89390336308666,-1.5406562098548846,1.1223877914683988,0.0
0.0,-0.9687277555391164,1.3308190662687196,-0.5917178902839676,0.0
0.0,-0.9466899149960657,2.125009661439028,-1.2138452601775567,0.0
0.0,0.6820977472001437,-0.4512033149138636,1.0736285865565869,0.0
0.0,1.7880135506435864,-1.7629188282214348,1.5127017362508346,0.0
0.0,-0.07540627731159895,0.6907925254572711,-0.5306464365924949,0.0
0.0,-1.3728088694444343,1.973930943790323,-1.7005308942918482,0.0
0.0,-0.46803316727658023,-0.4401633307858914,0.23841100544229823,0.0
0.0,1.2458453077983893,-2.356279660808,1.1381312680061126,0.0
0.0,-0.24720656712746247,-0.7636044882038446,0.378788079818773,0.0
0.0,-1.427860390788528,1.8206172960698652,-1.6224549415527556,0.0
0.0,-0.29199356656247855,0.9306603255915958,-0.8258170371597598,0.0
0.0,1.7041990660000612,-1.6938195180196602,1.3573297871384322,0.0
0.0,0.848219564676464,-0.7200035071969443,1.2744270001256477,0.0
0.0,-0.871541313493295,1.9694884706464224,-0.982238495068978,0.0
0.0,-1.0230278928040035,1.6308893387409846,-0.7999810802120516,0.0
0.0,0.7226111685323013,-1.2467088982508248,1.060482985914697,0.0
0.0,1.332544985996713,-2.0493395004217465,0.9334500618477963,0.0
0.0,-1.036392454926607,0.5765157827066154,-0.8144986493191128,0.0
0.0,-1.613150227147846,1.6723387725149592,-1.7317533112658563,0.0
0.0,0.45668550405554287,-0.8804346179807468,0.1257361402572529,0.0
0.0,1.6341067939345248,-2.072611549180693,1.2554676710462154,0.0
0.0,-0.367307649795555,0.4129936388471433,0.35538395491135816,0.0
0.0,-1.1704858081557517,2.32834811057397,-1.259836315727616,0.0
0.0,-0.27548703850769857,0.7418210658927926,0.3136118111028312,0.0
0.0,1.695199351691891,-1.7552637764860366,1.5276470269311464,0.0
0.0,0.8806292543943715,-0.71588607200967,0.26518037401486483,0.0
0.0,-1.1985668938685694,1.8365327804701284,-1.7558164485171122,0.0
0.0,-1.2475247032495642,0.643492855126793,-0.6673668537360837,0.0
0.0,0.82156566422041,-1.9629476872432745,0.9716036493365303,0.0
0.0,0.6886502900653093,-1.703404717058207,0.9697764418636341,0.0
0.0,-1.113483166239631,1.1319067815904795,-0.8492989850065622,0.0
0.0,-0.8891075542707199,1.96532399676372,-1.5275805633696011,0.0
0.0,0.9641340901076035,-0.7450000374985837,0.900233779860566,0.0
0.0,1.6135747174193324,-1.5964454358348523,1.7087873242669451,0.0
0.0,-0.27724657660010377,0.9886290396867141,-0.2452878688945846,0.0
0.0,-1.2047833830094778,2.186982628448692,-1.553525426120678,0.0
0.0,-0.19035468250406057,-0.3153847664922515,0.4031477812474523,0.0
0.0,1.4467511788601284,-2.3356417185194087,1.1633725785524476,0.0
0.0,-0.319139323971613,-0.6435197746885274,0.155061229961911,0.0
0.0,-1.693766223024299,1.7348055475955053,-1.7028465509003174,0.0
0.0,-0.3662988792915424,0.5066631460132495,-0.7835036688332475,0.0
0.0,1.79006316863835,-1.993438965104347,1.0892855683430411,0.0
0.0,0.589328006465798,-0.624741392227496,1.0810421942833974,0.0
0.0,-1.023172398639488,1.9948705586868258,-0.84638684683766,0.0
0.0,-0.9239468395184838,1.6825688558351033,-0.526507135226533,0.0
0.0,0.8882559011276613,-1.0477875171794815,1.2701013505931276,0.0
0.0,1.595703999948821,-1.8202566589096163,0.8918318732151195,0.0
0.0,-0.7066830127191265,0.918391997456707,-1.134788564721883,0.0
0.0,-1.634751173141645,1.5354979770056902,-1.5584877251342855,0.0
0.0,0.10058300242914485,-1.092737538217364,0.401727827295658,0.0
0.0,1.3457615071930622,-2.2213262351113716,1.19762057196253,0.0
0.0,-0.5152249420986562,0.16586771131708822,0.14781185929657714,0.0
0.0,-1.1565948563068418,2.2874028657543444,-1.6076798819036826,0.0
0.0,0.03178370101563098,0.5599964541378442,0.13831692252967637,0.0
0.0,1.7771821593213104,-1.7528202698704585,1.7423338201525664,0.0
0.0,0.6433684392154081,-0.3052548882173685,0.540316063350502,0.0
0.0,-1.0770843059701734,2.1152457888770306,-1.6740880303715564,0.0
0.0,-0.9924126262447668,0.7026991049234721,-0.48384089452323703,0.0
0.0,0.9546213135666397,-1.9936970520870858,1.0580837228168898,0.0
0.0,0.5595882066032639,-1.6885600787290633,0.8088677049772719,0.0
0.0,-1.3935781945704724,1.0579774972828824,-1.0241486048245407,0.0
0.0,-0.9981650087933968,1.6398510879604735,-1.568967874806931,0.0
0.0,1.1817263165015177,-1.1208275084685055,0.6388928243270899,0.0
0.0,1.4788239833702055,-1.5259204335434764,1.5431668000295946,0.0
0.0,-0.4972313366239972,1.1642344970966776,-0.08031506528361035,0.0
0.0,-1.1453644409996118,2.25946282275361,-1.238778033319716,0.0
0.0,-0.044847205544548865,-0.0832962273386376,0.646313081062428,0.0
0.0,1.6965215483926415,-2.1886285168204047,1.2196810306943675,0.0
0.0,-0.018183788262177394,-0.4157063300099564,-0.14956957856725167,0.0
0.0,-1.7197526398475935,1.7807009374336964,-1.822241580166984,0.0
0.0,-0.641170644299183,0.1336859717927068,-0.5270958277924905,0.0
0.0,1.566380666808496,-2.221465609879855,1.0417173413107474,0.0
0.0,0.34881994518880055,-0.7816474417478924,0.8929262137441373,0.0
0.0,-1.1381876918804787,1.9382858267628897,-1.0314025268082196,0.0
0.0,-0.7264596337381638,1.6565081566828757,-0.6135130771290175,0.0
0.0,1.1643909918305768,-1.0906218185127508,1.448150925265208,0.0
0.0,1.5512125243214527,-1.4665655695237396,1.0813003357812059,0.0
0.0,-0.5658269475187633,1.3342317115875715,-1.2047812914023188,0.0
0.0,-1.4359447800156162,1.5356863087944104,-1.3515585715170897,0.0
0.0,0.04290311552548033,-1.168590387934761,0.6438290238140159,0.0
0.0,1.1518553025227374,-2.269795344666136,1.1248132104752786,0.0
0.0,-0.7131835821525424,0.0034729579336116407,-0.08512356261235265,0.0
0.0,-1.2636542790397995,2.0935090244548804,-1.8289002333743816,0.0
0.0,0.2547658925479619,0.21976532569740864,-0.12582739470056817,0.0
0.0,1.8064568289707958,-1.8252947744544064,1.6679244394187775,0.0
0.0,0.3317986233895971,-0.02404110550052192,0.7957563177518925,0.0
0.0,-1.0634637202481674,2.2804497372414967,-1.4207285815850754,0.0
0.0,-0.7688683491083732,0.9174410352457258,-0.30681017872410954,0.0
0.0,1.224852940581572,-1.89805762967899,1.1751548398121145,0.0
0.0,0.7322254518409638,-1.5775238655651833,0.6541989651272799,0.0
0.0,-1.5134859010997046,1.1848863552265412,-1.2550573949870312,0.0
0.0,-1.245954346415362,1.3118210892476663,-1.4217361911298407,0.0
0.0,1.1677504661735152,-1.5126675313308298,0.5681123550076075,0.0
0.0,1.3148458113568031,-1.6135296475834582,1.2745732992427965,0.0
0.0,-0.7287781385446994,1.1899243489282114,-0.18102863766147398,0.0
0.0,-1.1157576215488063,2.2411948247847886,-1.1036753107632298,0.0
0.0,0.1592485952561403,-0.00965238283708511,0.8687725414595968,0.0
0.0,1.842143447387542,-1.9673907547045508,1.3629474285204652,0.0
0.0,0.2442617669305897,-0.012781367875448695,-0.36080363341101757,0.0
0.0,-1.4927019599453888,1.891402771426426,-1.8454977954282967,0.0
0.0,-0.8132428755592764,-0.0885299543491321,-0.1711729052750147,0.0
0.0,1.2138584596873987,-2.2750874335911364,1.1129916814496037,0.0
0.0,0.1610258509273892,-1.021654851605584,0.7325185147755873,0.0
0.0,-1.2228352789734316,1.7808658613330153,-1.3255908355343906,0.0
0.0,-0.5331194913430782,1.5050449329384,-0.9609105893010458,0.0
0.0,1.4141376494794147,-1.305996646095033,1.4100697886422768,0.0
0.0,1.2752514522502214,-1.1667505733968422,1.3979300940988244,0.0
0.0,-0.6602642989877191,1.6236870128878254,-0.9681928160401216,0.0
0.0,-1.2124455362398154,1.7304946244220387,-1.2187429782094943,0.0
0.0,0.31977183619172883,-1.1213471629087817,0.7780075338319101,0.0
0.0,1.2613933235355137,-2.2601354732286745,1.0538054066505547,0.0
0.0,-0.9116206980083927,0.08852975461529979,-0.322906511143042,0.0
0.0,-1.5366501346433117,1.8716668580089968,-1.818860825541936,0.0
0.0,0.30774000554406705,-0.2124679306958939,-0.19408400550126567,0.0
0.0,1.8372820603760207,-1.992190730834454,1.3751850539621304,0.0
0.0,0.07204879095154118,0.1373636277753747,0.7098748689542453,0.0
0.0,-1.113158860484826,2.3050683298566863,-1.1866782545072092,0.0
0.0,-0.6423429127545364,1.0420640383138065,-0.011097709478748524,0.0
0.0,1.37767243863598,-1.680355244176708,1.3571764403855826,0.0
0.0,1.0478870831109706,-1.3515336483088929,0.4951508526287279,0.0
0.0,-1.2708966903064631,1.4360367637225298,-1.5437589658890174,0.0
0.0,-1.407720087813081,1.046200089511543,-1.1747631463618629,0.0
0.0,0.8348676443704032,-1.725374425654034,0.710748402232056,0.0
0.0,1.054526031143434,-1.799323970667662,1.1511742252712556,0.0
0.0,-0.8943392622392393,1.007587715391078,-0.3817534408380948,0.0
0.0,-1.0263946192152527,2.223575240757444,-1.3902468280279237,0.0
0.0,0.5052991649964075,-0.17403564167270538,0.8360396259766801,0.0
0.0,1.836333767671661,-1.7999357915081,1.628069500052297,0.0
0.0,0.1425899400333138,0.4356819293485779,-0.22699696572973588,0.0
0.0,-1.2885891231743751,2.0875172222320977,-1.7440927019112122,0.0
0.0,-0.6558240560972145,-0.11069040325861708,0.08215483686898964,0.0
0.0,1.1916618150407994,-2.2962051076753807,1.1410194295841902,0.0
0.0,-0.014977358639081964,-1.0679310884076223,0.5103113263309359,0.0
0.0,-1.4524352199872863,1.62844211983391,-1.5056415157335485,0.0
0.0,-0.5004623664525022,1.1516184989013556,-1.103260657875823,0.0
0.0,1.5938947878464786,-1.5935062401736115,1.1598695478364847,0.0
0.0,1.0071755793272281,-0.9717619095120507,1.4216505304623537,0.0
0.0,-0.7999598279989153,1.76343716728001,-0.7029065621145912,0.0
0.0,-1.0677908412216839,1.8903556937979502,-0.9786539058914578,0.0
0.0,0.5354722205763398,-0.9156250093442425,0.9631291490386495,0.0
0.0,1.5410885381481174,-2.1514386810064225,1.0279690037209654,0.0
0.0,-0.7735867017919358,0.3268309120981372,-0.6285790826944369,0.0
0.0,-1.7281334755695759,1.7449499617279016,-1.7729342586224421,0.0
0.0,0.10490468308065531,-0.6018615643927662,-0.038147965664080095,0.0
0.0,1.698423123557998,-2.2075573392131855,1.1939809255518323,0.0
0.0,-0.1735903694232193,0.06544173873516547,0.49758929003339564,0.0
0.0,-1.181624073346694,2.2800190858272282,-1.2707617513250762,0.0
0.0,-0.4267238613553056,1.0096701098551966,0.0809392424787413,0.0
0.0,1.557863043096753,-1.5918427240756938,1.5805816564164858,0.0
0.0,1.1048616525556385,-0.9464441568114867,0.5176460590917542,0.0
0.0,-1.0019618984853813,1.7661791669743812,-1.6735907442314168,0.0
0.0,-1.314952295900627,0.9134144068487646,-0.8696140422853602,0.0
0.0,0.5978353780572725,-1.7720727498066873,0.9102375518761472,0.0
0.0,0.8178280629004384,-1.9104399240069267,1.0419929242161627,0.0
0.0,-1.0493855603647553,0.7928501124504925,-0.6150157809256258,0.0
0.0,-0.9999408142759988,2.057036607016673,-1.7075785406521995,0.0
0.0,0.8039678052504255,-0.49916953880932435,0.5777136817209916,0.0
0.0,1.7031491877279343,-1.7008199801281398,1.7425482931614202,0.0
0.0,-0.1384570230727908,0.7113136102377917,0.115333713760349,0.0
0.0,-1.1892737178177042,2.2852787632812515,-1.548166071496763,0.0
0.0,-0.38390399313282175,0.07694195602233914,0.21793644948243365,0.0
0.0,1.4824937080901286,-2.276350061726486,1.1731334603198826,0.0
0.0,0.016167001909918273,-0.9273855601116163,0.2851655548778667,0.0
0.0,-1.7102514790600463,1.6214293689751522,-1.6125458144034788,0.0
0.0,-0.6860997624356405,0.7469249737040194,-0.9615013027345647,0.0
0.0,1.6512362097032052,-1.9265082003419494,0.9606560457663019,0.0
0.0,0.8121343666662709,-0.9496965480424553,1.158596085565747,0.0
0.0,-0.9535204931531573,1.8122417524993735,-0.7045843934444092,0.0
0.0,-0.9797506343929199,1.891611033898504,-0.7295497591427343,0.0
0.0,0.6828080128588673,-0.761783681341356,1.2240622516182038,0.0
0.0,1.7120837631063939,-1.8996221928275234,1.0706657405941495,0.0
0.0,-0.43730903145858735,0.6888280076881218,-0.9344188948262167,0.0
0.0,-1.62052780984604,1.6853964672574397,-1.6856826641131133,0.0
0.0,-0.17460604197201965,-0.8290306893004729,0.25088175068369784,0.0
0.0,1.3537494886217845,-2.3052728361923265,1.176752136392287,0.0
0.0,-0.370330126582546,-0.1968147550694397,0.3437958046867649,0.0
0.0,-1.210250278683971,2.1867053689457228,-1.582569072312721,0.0
0.0,-0.12547911234550505,0.8449492054881972,-0.20443680184126242,0.0
0.0,1.7266548459826279,-1.6709478003044806,1.6870126849601685,0.0
0.0,0.8391096149827199,-0.5547281005813122,0.827423400824442,0.0
0.0,-0.9613736396211616,2.047581271494897,-1.5143635720487205,0.0
0.0,-1.0892339488762546,1.0335719838167088,-0.6758930106689193,0.0
0.0,0.783695543764822,-1.7695404608774445,1.0203223016015928,0.0
0.0,0.8103470225986276,-1.9054412752773844,0.8805719221257768,0.0
0.0,-1.292220006065665,0.7912509074379156,-0.8535782929464456,0.0
0.0,-1.1870376028324499,1.7422149924680121,-1.7051391580054036,0.0
0.0,0.9492240358921792,-0.9109771054538487,0.3974850160285157,0.0
0.0,1.595408281448517,-1.7069847206566429,1.5325741488462779,0.0
0.0,-0.3779550029127835,0.8737839113321902,0.19345206616892563,0.0
0.0,-1.1415942829510615,2.3424996249932515,-1.281713259401466,0.0
0.0,-0.21233144703383025,0.27182744979784285,0.4657434142292246,0.0
0.0,1.693508579428753,-2.097105239648693,1.2880945030155744,0.0
0.0,0.310282677313675,-0.6796132348886265,0.04443814309048383,0.0
0.0,-1.650198428163483,1.735596046331011,-1.7687006889196952,0.0
0.0,-0.9324887385719607,0.4094776887721308,-0.6967166032626193,0.0
0.0,1.4131521265531135,-2.1519172092548313,0.9531524572018196,0.0
0.0,0.5767687348072623,-1.1256891874682153,0.9680112766688092,0.0
0.0,-1.1052623532091637,1.717197156483633,-0.9017939219440041,0.0
0.0,-0.8319967201038995,1.8522702966971152,-0.86999155483852,0.0
0.0,0.9778849275024797,-0.8540338816785029,1.3458143790801003,0.0
0.0,1.6673792006910206,-1.5949926212238867,1.289327650322149,0.0
0.0,-0.35046883248678057,1.129782439112181,-0.9682517375039001,0.0
0.0,-1.389635914104892,1.7497213237599252,-1.5117284548505858,0.0
0.0,-0.16949687044927256,-0.8888892306811287,0.528428327397145,0.0
0.0,1.183589489174072,-2.3219856017441147,1.1521270064862925,0.0
0.0,-0.5571014661311717,-0.3301130921855848,0.11212293818631239,0.0
0.0,-1.343651241345061,1.996812254152393,-1.8000255771157545,0.0
0.0,0.061151390584060855,0.4869351448483017,-0.46597639197209373,0.0
0.0,1.7983237675988302,-1.8177851175451096,1.532358319680315,0.0
0.0,0.49233510720094587,-0.2985507855713992,1.0492029888414216,0.0
0.0,-1.0188288937156122,2.175179362654231,-1.213567610176293,0.0
0.0,-0.8843638054802756,1.264570776459639,-0.5149990948829521,0.0
0.0,1.0818280212056661,-1.6423783122988314,1.1334407051499036,0.0
0.0,1.0613010552606565,-1.794424193544409,0.755103769934639,0.0
0.0,-1.3433537530213777,0.9827482660750264,-1.1032282298199148,0.0
0.0,-1.4730589589774088,1.4659694114080066,-1.5280497448877326,0.0
0.0,0.8497182495285931,-1.2877429207940547,0.4245737017386039,0.0
0.0,1.4846693747590056,-1.8647294764201598,1.2655138933978924,0.0
0.0,-0.5868426593935638,0.8840914164387362,-0.011074026094111906,0.0
0.0,-1.1369612104155886,2.31931298228372,-1.2345186308876324,0.0
0.0,-0.019016445014398874,0.27748983281726913,0.6969260264431781,0.0
0.0,1.7887916239580317,-1.8941976892200747,1.4955941889113582,0.0
0.0,0.5009557475535756,-0.27423158282168236,-0.09867757091916958,0.0
0.0,-1.3550410714670567,1.9260463879049914,-1.8654326193857664,0.0
0.0,-0.9742350261867898,0.19668706835505542,-0.3681084967300263,0.0
0.0,1.0723938865990907,-2.1870642864092584,1.0651755635886193,0.0
0.0,0.3253671289316073,-1.3134433504320828,0.8499678217745297,0.0
0.0,-1.2289861222863312,1.5079118216814944,-1.129376086236812,0.0
0.0,-0.6707658599802464,1.7068036518778569,-1.2458492838876243,0.0
0.0,1.2890957847983373,-1.1172333274123332,1.176967453879873,0.0
0.0,1.4281421820179343,-1.3450541810692556,1.5453854373185836,0.0
0.0,-0.5267505030230387,1.4042210010541458,-0.6493485450742804,0.0
0.0,-1.229915915708136,1.9552095264476104,-1.3336594914456816,0.0
0.0,0.09470582584108272,-0.7695920505774669,0.6664092785048477,0.0
0.0,1.409481919364408,-2.3298102746867118,1.0927844633440704,0.0
0.0,-0.6484499102725501,-0.20577064896804642,-0.16898066074419044,0.0
0.0,-1.6398215729498324,1.8421129732185313,-1.8170664160213905,0.0
0.0,-0.0040436354264016955,0.04510242727293122,-0.4175217994117358,0.0
0.0,1.8235152597114577,-2.045324833443671,1.2757630100442703,0.0
0.0,0.25385930060959816,-0.19072776902286323,0.8840631145120766,0.0
0.0,-1.080832621516175,2.216286638331091,-1.0943255045916027,0.0
0.0,-0.7371866843232168,1.334005115159758,-0.24021434194597518,0.0
0.0,1.2235935998303102,-1.4432144328587195,1.3660332452479795,0.0
0.0,1.2917657181202171,-1.5364391523632357,0.6874200608104652,0.0
0.0,-1.0597627557618747,1.2763832454927295,-1.3931879826812525,0.0
0.0,-1.530285448072553,1.2616331557468672,-1.3291398542631188,0.0
0.0,0.5484538904575427,-1.5039680146613903,0.5954311154006877,0.0
0.0,1.1992175336253146,-2.0221103437067343,1.1577854014181217,0.0
0.0,-0.7872942716819391,0.6674442789082007,-0.18520187943599664,0.0
0.0,-1.1052474744093432,2.2688107235604766,-1.5195620136065289,0.0
0.0,0.3205638732353824,0.10271351160937249,0.5697875657457805,0.0
0.0,1.8436220823082174,-1.8050418336369551,1.7074906321674568,0.0
0.0,0.35085268311102613,0.16771211176674028,0.08583465928183007,0.0
0.0,-1.1856453759393768,2.16001332171217,-1.7512026018021287,0.0
0.0,-0.7983144421255226,0.22122468529717323,-0.09957397082340966,0.0
0.0,1.1027025985769536,-2.1874854368267758,1.1405956100459087,0.0
0.0,0.2131298899193999,-1.3397218963934374,0.6346001786778405,0.0
0.0,-1.4520940628369694,1.4043778384228502,-1.3497448085642263,0.0
0.0,-0.7025241722637748,1.34724387120301,-1.3449904394690566,0.0
0.0,1.4620729071112002,-1.462444743137826,0.9283115182369776,0.0
0.0,1.1664134439539346,-1.204030211704868,1.5015461953571336,0.0
0.0,-0.7246956464992991,1.5243561559069603,-0.4041764385420165,0.0
0.0,-1.1074637313843894,2.089936782399667,-1.102411785963557,0.0
0.0,0.32906505818628395,-0.5546424078387824,0.8392664777744685,0.0
0.0,1.7000971418717725,-2.2025753278147837,1.1082353252402306,0.0
0.0,-0.4553292133708313,0.06437838646904004,-0.4501500352455423,0.0
0.0,-1.7813681093142526,1.7870413650326946,-1.7918280254382228,0.0
0.0,-0.2637360529875381,-0.3114856673167609,-0.19192811465043697,0.0
0.0,1.683648658096426,-2.2776873243732862,1.1381251495254512,0.0
0.0,0.04863496491062173,-0.3076484724370095,0.6314878602923198,0.0
0.0,-1.1740135554386248,2.187185120907279,-1.2597042139155743,0.0
0.0,-0.5548170456612672,1.2643534610865028,-0.19318509227634267,0.0
0.0,1.4017321702116747,-1.4129277048780975,1.5990693112980177,0.0
0.0,1.2811911100457452,-1.153424710517043,0.7874079131903636,0.0
0.0,-0.8129359447973299,1.6525109870516455,-1.5331542365499562,0.0
0.0,-1.3392023616951498,1.186685683788892,-1.0845021312015728,0.0
0.0,0.39857900166860644,-1.5618104732189386,0.8255355120526666,0.0
0.0,0.9313880960972009,-2.0710911138276455,1.092446439973638,0.0
0.0,-0.976219211154146,0.45879892360257224,-0.37937145640632647,0.0
0.0,-1.1201393194804945,2.085029150386066,-1.8009843042624536,0.0
0.0,0.6275887454447336,-0.2366925455916699,0.2452491340559482,0.0
0.0,1.7833498432214638,-1.7812263938397699,1.7048461690056758,0.0
0.0,0.018681667268754545,0.43699561081623456,0.4322391638196662,0.0
0.0,-1.1607114459521084,2.3159758138873157,-1.4749190459520616,0.0
0.0,-0.5700149417387546,0.4610221259282693,0.03750797366375476,0.0
0.0,1.4354396130505498,-2.141322761344405,1.1807527716162796,0.0
0.0,0.37629617180878633,-1.208499996844941,0.40445303330878,0.0
0.0,-1.6514884130668137,1.48262817583908,-1.5157671454240387,0.0
0.0,-0.9790558472386544,0.9662681127165662,-1.1319880084611273,0.0
0.0,1.4413659757219497,-1.806234695913455,0.8291519561331353,0.0
0.0,1.0155162008816325,-1.2642534416202724,1.2226744680165753,0.0
0.0,-0.8735032516608372,1.5759064419346465,-0.5302529498088728,0.0
0.0,-1.0193044247746417,2.0766373370262006,-0.9410355619437534,0.0
0.0,0.4966397870992906,-0.47269004966534994,1.1229934936906016,0.0
0.0,1.7856071230658321,-1.9376045325174196,1.2435673648543741,0.0
0.0,-0.17522941810253534,0.44609208806874484,-0.6969418045455116,0.0
0.0,-1.5765789155841035,1.8105685288775264,-1.7770615177537747,0.0
0.0,-0.429957115121555,-0.5451456815513095,0.09125920587554301,0.0
0.0,1.3345631898707706,-2.344263639448792,1.143519389493541,0.0
0.0,-0.1989264141838056,-0.5444468004983604,0.5026072354720023,0.0
0.0,-1.2598234630363918,2.0340285567993903,-1.5058606680898556,0.0
0.0,-0.29173407836721127,1.1073076956865822,-0.5299549129461126,0.0
0.0,1.642369005712595,-1.559568120512091,1.5857471454185639,0.0
0.0,1.0247863374841988,-0.7944274545021686,1.0794340584093944,0.0
0.0,-0.8353465163708995,1.9342033098746791,-1.3145065763510513,0.0
0.0,-1.14645258462701,1.3420366610963517,-0.866967757496983,0.0
0.0,0.5921773402359536,-1.5062934887702375,0.9711662957909784,0.0
0.0,1.025826429878879,-2.075080657775121,0.9533981267021119,0.0
0.0,-1.1480817782635346,0.5115817867819649,-0.6726479662254876,0.0
0.0,-1.350699914180868,1.8089024818041084,-1.8017274949461322,0.0
0.0,0.6993232220355694,-0.6811062702412525,0.14616017655761776,0.0
0.0,1.6882181021206957,-1.8578702967393594,1.4771770460257676,0.0
0.0,-0.24986953848547866,0.5706708042758231,0.44635017932438087,0.0
0.0,-1.1408093987053767,2.360975129044756,-1.26280488005575,0.0
0.0,-0.3692764586101953,0.621392409264684,0.263423071045917,0.0
0.0,1.6412911917942334,-1.9541175079613113,1.3338435268843345,0.0
0.0,0.6453754739366127,-0.9337856993203476,0.23096907749984585,0.0
0.0,-1.5236385123023495,1.6612868473804663,-1.690024090205338,0.0
0.0,-1.1915224767185955,0.6727755961488555,-0.8537421207503365,0.0
0.0,1.1862994286660162,-2.0178799064793522,0.8724321925178952,0.0
0.0,0.8036544123488008,-1.4562929111140759,1.027912834499374,0.0
0.0,-1.0406343630498942,1.4518452869590512,-0.755080728949515,0.0
0.0,-0.9244365075999664,2.019202526289621,-1.1256548682783407,0.0
0.0,0.7882152663325901,-0.6120745085005085,1.192647927804867,0.0
0.0,1.7380832202585554,-1.6910935527870017,1.4841532637265922,0.0
0.0,-0.15279146961763818,0.8907538202653018,-0.6813176821592837,0.0
0.0,-1.3233253187635081,1.942973523127799,-1.653377028882703,0.0
0.0,-0.34144224044584004,-0.5924832187542974,0.3782685350731462,0.0
0.0,1.1991695160635922,-2.3338399708348834,1.168543096181077,0.0
0.0,-0.39097792784900354,-0.634849529868063,0.2930063070373555,0.0
0.0,-1.4222837632983703,1.8527431997050032,-1.7049327312302405,0.0
0.0,-0.1446030675018515,0.744122764290595,-0.7734936801240928,0.0
0.0,1.770763686959704,-1.7804066569743116,1.3506556898044435,0.0
0.0,0.6708783915169109,-0.5599346110695449,1.2263618805196865,0.0
0.0,-0.9647836902096535,2.0258561012549805,-0.9711357711448685,0.0
0.0,-0.9838367038667907,1.5611119947859808,-0.6842804167507537,0.0
0.0,0.8817318126110906,-1.3321146964301003,1.0810454400780927,0.0
0.0,1.3528289631461146,-1.9736526499033111,0.848303331037903,0.0
0.0,-1.0977088288529588,0.7568117841299608,-0.9548425518232501,0.0
0.0,-1.637236783085177,1.5906699857453503,-1.6243071795687771,0.0
0.0,0.4913209959818767,-1.0335024189676283,0.2808601435037388,0.0
0.0,1.5899238058369893,-2.0643494634287305,1.2526618085566232,0.0
0.0,-0.4248710635605111,0.534548743129168,0.17592174777366915,0.0
0.0,-1.1471182749683861,2.355226803292029,-1.3413576182858977,0.0
0.0,-0.1684701768940371,0.5637837242606859,0.4601084394751556,0.0
0.0,1.7119164713662631,-1.7943124231852958,1.5988741927918988,0.0
0.0,0.7269940445783276,-0.525793430042128,0.1907087931084374,0.0
0.0,-1.2135835513044586,1.9201913923584786,-1.8265518885013632,0.0
0.0,-1.100997978980307,0.4952563495899095,-0.5758843156363033,0.0
0.0,0.9248763640516489,-2.064490145972112,1.0046025560613858,0.0
0.0,0.5014240596321083,-1.572860882639801,0.931844889774257,0.0
0.0,-1.220892657310197,1.2176260285589056,-0.9195589030241601,0.0
0.0,-0.8209338875923381,1.8562395788217276,-1.464176483180962,0.0
0.0,1.1346778490154243,-0.9041727675837443,0.9190414593309384,0.0
0.0,1.5676100806415765,-1.504265860152765,1.6330361306542411,0.0
0.0,-0.37996438122436516,1.1640857361747388,-0.3343365689009097,0.0
0.0,-1.2204232683436238,2.127906791334145,-1.409597724524855,0.0
0.0,-0.12375866300576703,-0.40591845041268015,0.5413588440979821,0.0
0.0,1.4847417217421979,-2.3312643132546986,1.1370289380270344,0.0
0.0,-0.35081520784320963,-0.50281109502334,-0.01552166827992841,0.0
0.0,-1.6901617865096146,1.780652463993137,-1.7885253860016566,0.0
0.0,-0.30766405777705114,0.29947847346859385,-0.639606748336778,0.0
0.0,1.7586816234743117,-2.051487711556497,1.155137463687275,0.0
0.0,0.43761618249902834,-0.5181032074789179,1.0277998375494313,0.0
0.0,-1.0500437063762906,2.069364874215769,-0.9521200141548546,0.0
0.0,-0.8188370435047975,1.602047137087314,-0.4755147852745231,0.0
0.0,1.0563587219442492,-1.1803131751471132,1.3334064225471844,0.0
0.0,1.5048888956959945,-1.6870598040548244,0.8703029518339743,0.0
0.0,-0.819468218079329,1.0924589526691832,-1.2149284484649667,0.0
0.0,-1.6070574603150862,1.45530996728248,-1.4604148430279429,0.0
0.0,0.23701914488875264,-1.2454722951903154,0.48273226889131704,0.0
0.0,1.307711815763065,-2.1984562164355266,1.1550429384253826,0.0
0.0,-0.6408837274065512,0.30891757715949014,-0.0018303001090076703,0.0
0.0,-1.1743642644138013,2.2646291166153616,-1.6090303730403117,0.0
0.0,0.13557490690516624,0.37562575505667656,0.27228302971335505,0.0
0.0,1.8121865214234762,-1.7798259398366671,1.7476485725722106,0.0
0.0,0.540531534873147,-0.10822042578996696,0.4098303193261848,0.0
0.0,-1.07861653332187,2.1837219607412104,-1.7075494893290113,0.0
0.0,-0.899760960695924,0.5603236317576128,-0.31213518769441967,0.0
0.0,1.001006214601218,-2.041597264588531,1.1268160075563127,0.0
0.0,0.43825457571493104,-1.5753146023914226,0.7485595603352951,0.0
0.0,-1.4303038670621628,1.1617631707776608,-1.163824000833922,0.0
0.0,-0.9058479310761196,1.5104791867413452,-1.5336742321308636,0.0
0.0,1.3038939152560984,-1.2997924413001485,0.6811077769572652,0.0
0.0,1.3314138635474893,-1.4208647574363122,1.5144929821483726,0.0
0.0,-0.6348399650083637,1.2705872568812402,-0.12287489402014398,0.0
0.0,-1.1406089530914192,2.2223813828045635,-1.165700064164529,0.0
0.0,0.11025905000209409,-0.18399323051318878,0.7039699854332052,0.0
0.0,1.7850557039044952,-2.1900348488597787,1.1796808754402068,0.0
0.0,-0.09784220991478354,-0.2105254207288277,-0.27944425336117223,0.0
0.0,-1.7585262101104941,1.800078677352165,-1.7979310985698138,0.0
0.0,-0.6146131595237809,-0.025895903875818988,-0.3457366049755902,0.0
0.0,1.5772500449771119,-2.272833418850527,1.086210005249276,0.0
0.0,0.27779261273029077,-0.6908970264443542,0.7642520782883009,0.0
0.0,-1.1481950318382705,2.034750156660727,-1.2033026733249468,0.0
0.0,-0.6599397811334,1.5121674420508484,-0.5078051174196574,0.0
0.0,1.2438608727296427,-1.221376112336912,1.5589679194273192,0.0
0.0,1.420299063256554,-1.332427447819478,1.0589679146670332,0.0
0.0,-0.6382733649995699,1.4921178750885278,-1.3215695416225863,0.0
0.0,-1.3426391552791543,1.457929796547891,-1.2922727108165708,0.0
0.0,0.21567192156392345,-1.322227237805068,0.716211731435679,0.0
0.0,1.0476203455025708,-2.199086302448941,1.1212972210041188,0.0
0.0,-0.8786763867340116,0.1410231369651773,-0.16460426370582915,0.0
0.0,-1.2498214680884048,2.056479883020393,-1.8195620679197495,0.0
0.0,0.4242619014079674,0.03163866563144809,-0.0704493790338697,0.0
0.0,1.8413580914721068,-1.8365750047818885,1.6167578132327851,0.0
0.0,0.19477721270919968,0.16376839757367967,0.6937331760430591,0.0
0.0,-1.11575642496489,2.2941280305290284,-1.3597295628585766,0.0
0.0,-0.7287978890115528,0.8163930901923222,-0.13608109014163788,0.0
0.0,1.3130352568666284,-1.938585437799675,1.188866649330696,0.0
0.0,0.7223345019075487,-1.468384550065129,0.5237036358681753,0.0
0.0,-1.522898998133646,1.3156299260051862,-1.406116324775815,0.0
0.0,-1.2248893707710855,1.1634878629941574,-1.2973717583777675,0.0
0.0,1.181886665195562,-1.6425358681210467,0.6867738095597036,0.0
0.0,1.1885481935731552,-1.5491944630358268,1.2640496914691368,0.0
0.0,-0.7853546499366292,1.2894968148358703,-0.3227528368760045,0.0
0.0,-1.053468289311818,2.2225316875474603,-1.1303059110232974,0.0
0.0,0.3253597793123199,-0.17489626552224993,0.9612200313554689,0.0
0.0,1.8269769593473422,-1.9387382009303005,1.3932042230652932,0.0
0.0,0.08532574231814481,0.1959584364537442,-0.4350575550036303,0.0
0.0,-1.5048932455751525,1.902879328444549,-1.8249198951976278,0.0
0.0,-0.6694906137059028,-0.24315850837884195,-0.0714604333526202,0.0
0.0,1.2752726053851768,-2.3315414981097446,1.107308978255609,0.0
0.0,0.0032402459953890864,-0.8808945208980377,0.6290247194343759,0.0
0.0,-1.2919022473514943,1.8403745067731028,-1.397078983915232,0.0
0.0,-0.46202266979373446,1.3417595490013974,-0.8364189543139882,0.0
0.0,1.5241778159491581,-1.421581225740729,1.4442319412629838,0.0
0.0,1.1908025864545995,-1.0214402791016308,1.2997295814907397,0.0
0.0,-0.7080759611416877,1.7740653386686045,-1.0724471074949848,0.0
0.0,-1.1703640785835219,1.628511430228619,-1.0574989174296274,0.0
0.0,0.40290863411672384,-1.2154963734514916,0.8983876581504957,0.0
0.0,1.205262558168947,-2.1954274006503978,1.0261691123459846,0.0
0.0,-0.9704862506185941,0.22937176890478375,-0.48321971364177263,0.0
0.0,-1.4927828329229322,1.8387877316735852,-1.8500683261500726,0.0
0.0,0.4326613864149922,-0.43346431660587476,-0.1020686250263035,0.0
0.0,1.7601722470607235,-1.9790270651317048,1.3827874190179585,0.0
0.0,-0.10288579611589928,0.26515900070283804,0.6541941922653607,0.0
0.0,-1.1410283543788136,2.3197030597121246,-1.1903578776310055,0.0
0.0,-0.5175904983809918,0.9474906567414976,0.06034158268479173,0.0
0.0,1.5330840428386527,-1.7599182893961827,1.3597736517672085,0.0
0.0,0.9686767807644302,-1.1723726731555328,0.40839265377762685,0.0
0.0,-1.3371348681945154,1.5580804970476054,-1.5950927185989545,0.0
0.0,-1.3935862096127813,0.9152076968815214,-1.0055883417587868,0.0
0.0,0.8962181560077246,-1.827561757452039,0.7961584947709257,0.0
0.0,0.9982649914506306,-1.7509730603214952,1.0805970197502428,0.0
0.0,-0.9446350885011265,1.1365648357380371,-0.5797159864564232,0.0
0.0,-1.0011130735182092,2.153808017147894,-1.3686765990901257,0.0
0.0,0.6069001394924843,-0.3617513608830485,0.9728511588314903,0.0
0.0,1.7748872382054985,-1.7552503399985653,1.6473577042006127,0.0
0.0,0.025264595487360555,0.6238127620941741,-0.34420652998603585,0.0
0.0,-1.2545343594155063,2.0997517605167424,-1.7488493403492074,0.0
0.0,-0.4884762144403019,-0.2678827985242339,0.1926436097951432,0.0
0.0,1.2109905641389787,-2.312871120381344,1.1696304033561904,0.0
0.0,-0.1975802839019127,-0.9133509346142138,0.44750879556819856,0.0
0.0,-1.494377486166289,1.6780414286444534,-1.5652545854762718,0.0
0.0,-0.37226259978170195,0.9802724872089552,-1.0299281634773712,0.0
0.0,1.7086386635338766,-1.7095966211760647,1.1482393648086802,0.0
0.0,0.8675603914068648,-0.8165290670524246,1.3328358589825142,0.0
0.0,-0.8940992873065334,1.8503892384237075,-0.728892752525643,0.0
0.0,-1.0587813406824074,1.8005119124836932,-0.8177711967555971,0.0
0.0,0.6467484667943427,-0.9918327145221416,1.023504127696879,0.0
0.0,1.572284347723415,-2.0953781489535315,0.944255142871633,0.0
0.0,-0.797595495296844,0.506690161220816,-0.8024427352020947,0.0
0.0,-1.725958650904087,1.688068623342684,-1.713186099181605,0.0
0.0,0.12907207898897438,-0.7667101803864449,0.12673870234152596,0.0
0.0,1.6218303935139304,-2.1990028417525656,1.2287783559347791,0.0
0.0,-0.2536233213263473,0.15792219504174942,0.3740994368698351,0.0
0.0,-1.153300341393036,2.3297995531181352,-1.3914846576010889,0.0
0.0,-0.29659124591142,0.8542879161857959,0.16518791323058696,0.0
0.0,1.6231757478174285,-1.6703836696976284,1.6507095940862815,0.0
0.0,0.9339851791665069,-0.761724115378367,0.48754429921026493,0.0
0.0,-1.0684944014693591,1.8679793093663009,-1.7216895211571133,0.0
0.0,-1.2052041842396675,0.8008997702267492,-0.780967305598847,0.0
0.0,0.7575965919938089,-1.8979832628232287,0.9363770077656254,0.0
0.0,0.6931845831177305,-1.8074749071272311,0.9862559854872739,0.0
0.0,-1.1808363626876812,0.9192151583830978,-0.7167779737613021,0.0
0.0,-0.9776755785562536,1.9552713440983909,-1.6253938760931934,0.0
0.0,0.9483631223786451,-0.6736363095567861,0.6495794035932844,0.0
0.0,1.6813317106172527,-1.6423479484326526,1.6741940442396237,0.0
0.0,-0.22606348760206968,0.9028658473405209,-0.026478481745274965,0.0
0.0,-1.1900014335388285,2.2531287661307684,-1.4528530756536053,0.0
0.0,-0.31487482847500065,-0.04253957755553559,0.39325170341669546,0.0
0.0,1.496538091085519,-2.269747391449596,1.183479781763139,0.0
0.0,-0.04100012235546757,-0.7894561611786663,0.141732455421199,0.0
0.0,-1.6933377188498628,1.6878732119750728,-1.7263187245912448,0.0
0.0,-0.5962399583224081,0.5479373713644622,-0.8520588538923167,0.0
0.0,1.6506323818953392,-2.012806567083976,1.0161952389089923,0.0
0.0,0.6277555862800351,-0.835567767878562,1.1275640176403434,0.0
0.0,-1.0164135717124336,1.8741454279503496,-0.7749875627410616,0.0
0.0,-0.895185963041985,1.8309101418416707,-0.6919330771195108,0.0
0.0,0.8724918645892719,-0.8950941730453517,1.2626002298830077,0.0
0.0,1.6784193078282998,-1.8001240978209496,1.038167370271035,0.0
0.0,-0.5509481472597123,0.8862323361885064,-1.0192790618646936,0.0
0.0,-1.6276121383106996,1.6226246006660243,-1.57229341618184,0.0
0.0,-0.08158119041196456,-0.9625973748038275,0.369623973755838,0.0
0.0,1.354790220092738,-2.3123626428334507,1.1516720757565593,0.0
0.0,-0.461267719739996,-0.06535116124244034,0.17533467862732718,0.0
0.0,-1.2264820451633072,2.2076933241818977,-1.6532226991910677,0.0
0.0,-0.0409735790521907,0.6460326743958074,-0.060051262754778234,0.0
0.0,1.7515205645890042,-1.7263790689769778,1.7354778648493525,0.0
0.0,0.709915559531915,-0.3823473524546635,0.7364239661336399,0.0
0.0,-0.9786803795470209,2.1464388966187666,-1.591633043016722,0.0
0.0,-0.9755687044741298,0.9089034150269804,-0.5487202342750453,0.0
0.0,0.8933416127741419,-1.8590249947682045,1.0899517321950882,0.0
0.0,0.6732152813381023,-1.7815017894260403,0.847168418824964,0.0
0.0,-1.3794480541094656,0.9134798701965506,-0.9643766649090104,0.0
0.0,-1.115659750868862,1.6371416104735474,-1.6626384912784642,0.0
0.0,1.105746374555295,-1.1042970133772223,0.4396334614735483,0.0
0.0,1.498577579558183,-1.6265334973969188,1.476834005631512,0.0
0.0,-0.5199226874808027,1.009315571154764,0.11575950532080098,0.0
0.0,-1.1626685532698238,2.297009502211242,-1.1863190835946371,0.0
0.0,-0.10469405882592603,0.17177497217863177,0.5671182850146388,0.0
0.0,1.783718457425743,-2.1094754693538107,1.2508694222701933,0.0
0.0,0.26747368533821475,-0.4900459651553278,-0.10872532859377196,0.0
0.0,-1.660534306447748,1.7847308430605913,-1.7933746531700367,0.0
0.0,-0.9132604047092107,0.24504636562758014,-0.5097533828626417,0.0
0.0,1.3922958402152412,-2.1996189076986647,1.0306549194101438,0.0
0.0,0.48968711463073805,-1.0570406258786862,0.8903243625739076,0.0
0.0,-1.1090988149373864,1.81279880029969,-1.082249099936833,0.0
0.0,-0.7484339193570273,1.746947369222447,-0.8383595592332451,0.0
0.0,1.091952585042987,-1.0130701456436082,1.442230644685207,0.0
0.0,1.5367923537476589,-1.4817169592057717,1.3063694170849636,0.0
0.0,-0.4728071645710602,1.2894284944183747,-1.0430660640878013,0.0
0.0,-1.3369417211334258,1.7099683633282359,-1.467967926918212,0.0
0.0,0.0299460737950984,-1.0415254650471912,0.5861440719477953,0.0
0.0,1.1652773088139177,-2.2974908835985604,1.1337654070818206,0.0
0.0,-0.7357549748246844,-0.16403978123049487,0.018623298240727386,0.0
0.0,-1.3776932414670353,1.9849669757857011,-1.7874047820669448,0.0
0.0,0.19080451710543064,0.2953635082991183,-0.35799279989252836,0.0
0.0,1.861160901739325,-1.8623447742759853,1.4995573249837284,0.0
0.0,0.38372032562457153,-0.11501807528730408,0.9069816014144003,0.0
0.0,-1.0566684143948988,2.2304221886171742,-1.2210597971727213,0.0
0.0,-0.8491949003233491,1.1382748945133347,-0.31163484353104237,0.0
0.0,1.1426257852024693,-1.688542697147377,1.1928947974465811,0.0
0.0,1.0259471850645103,-1.689059294453146,0.650127283674228,0.0
0.0,-1.3414178502520302,1.1215358682052452,-1.2750295624921701,0.0
0.0,-1.41793219760967,1.3391358232114579,-1.4512402712829,0.0
0.0,0.894706336150485,-1.4451372814365688,0.531838962456019,0.0
0.0,1.330770012664104,-1.794827433424436,1.2744920795750274,0.0
0.0,-0.6864668150404242,0.9691127755661127,-0.10143381104155096,0.0
0.0,-1.0898693396950254,2.312968317592517,-1.2698670993976078,0.0
0.0,0.1606649310701335,0.1299941854825134,0.749556973538968,0.0
0.0,1.8356301408217488,-1.9035433369524906,1.5086142419371524,0.0
0.0,0.34707083374966713,-0.05712898769956018,-0.16407483640021428,0.0
0.0,-1.4012493632619067,1.9577458886216021,-1.8305739649286639,0.0
0.0,-0.8835595369207169,0.06649784450252014,-0.23587974811038745,0.0
0.0,1.161517725650123,-2.2590205934918677,1.0741592118229606,0.0
0.0,0.22444381566855914,-1.2027630254977104,0.7339251781741115,0.0
0.0,-1.2949184005251457,1.6082583734071236,-1.2622263781081065,0.0
0.0,-0.6277279704755695,1.5473708513132605,-1.1253099610134407,0.0
0.0,1.379176867264888,-1.259684788610702,1.2589120512193352,0.0
0.0,1.3327129112639031,-1.2296066656559397,1.4842822058064642,0.0
0.0,-0.5866822005285218,1.565527881575002,-0.7818862646799918,0.0
0.0,-1.17471614424634,1.887726823123025,-1.2345109477089324,0.0
0.0,0.22337225383544157,-0.8974935148827226,0.7904615873404792,0.0
0.0,1.3580086739130592,-2.271760018188271,1.0930263112852352,0.0
0.0,-0.7579242894245671,-0.047924756816595034,-0.29291428213640724,0.0
0.0,-1.6148145117609176,1.8336853380905012,-1.8492192867058606,0.0
0.0,0.14234921831226033,-0.17095903861571637,-0.33226805069602877,0.0
0.0,1.8044897367772055,-2.0680625585423114,1.2653546700690392,0.0
0.0,0.07324764587488722,-0.043742539872520726,0.8070150025851268,0.0
0.0,-1.1352618388956515,2.233931299007702,-1.090414107861329,0.0
0.0,-0.6535781171849113,1.235261169071073,-0.13269813075608647,0.0
0.0,1.3720695540872032,-1.5245359665338467,1.3730834267017686,0.0
0.0,1.2531605770131837,-1.384537697735514,0.5831247665607764,0.0
0.0,-1.1014460925543161,1.4253165285330462,-1.485861521730894,0.0
0.0,-1.5201507400614596,1.135872661568107,-1.1610524543436869,0.0
0.0,0.5758454322833132,-1.6009612576323375,0.7153393345721246,0.0
0.0,1.1344548596714135,-1.9863516559975833,1.1261710976119326,0.0
0.0,-0.8267266301602774,0.7780244868170396,-0.37164538639522565,0.0
0.0,-1.064865442685295,2.2414930403691717,-1.5697721831592908,0.0
0.0,0.4389835490749826,-0.09705077474751392,0.6820998990140943,0.0
0.0,1.7916662568823944,-1.7891409594558845,1.7542813917205757,0.0
0.0,0.1912021153600187,0.3428021078362525,0.02358638392853056,0.0
0.0,-1.1903208219268535,2.1998124832358035,-1.7699713943798883,0.0
0.0,-0.6290805066859277,0.0884078639473912,-0.018625661716735964,0.0
0.0,1.2083281357124487,-2.2520139163170745,1.1548533337508133,0.0
0.0,0.04110816585731196,-1.1773141076472122,0.5720008648277015,0.0
0.0,-1.5418859584262095,1.4866206598577454,-1.4064326843803172,0.0
0.0,-0.6218598708479726,1.1882524014610598,-1.2340111954048651,0.0
0.0,1.5941450204053107,-1.6010379343596082,0.9458098391846061,0.0
0.0,1.0728310951418065,-1.074419802230023,1.3890346991770648,0.0
0.0,-0.8040894275857006,1.6534650448561374,-0.5035625104287119,0.0
0.0,-1.105662264162102,1.9917366194413988,-0.9331693489978936,0.0
0.0,0.40765176753261523,-0.6473212513075537,0.9570065063895025,0.0
0.0,1.705973390312152,-2.150283806143043,1.0501076343287865,0.0
0.0,-0.47358992869633454,0.23935935480348267,-0.635502188332906,0.0
0.0,-1.7439636874238444,1.7594996876729814,-1.7882038393117876,0.0
0.0,-0.20785286575948037,-0.4966455810375655,-0.04209120935864588,0.0
0.0,1.5901023283592732,-2.2701942162350592,1.1873741372861857,0.0
0.0,-0.07963588921572301,-0.22129670999572676,0.5632710130566173,0.0
0.0,-1.160568984600252,2.232297601146833,-1.366344960635066,0.0
0.0,-0.4143363175370569,1.1414842345089597,-0.16083036669390158,0.0
0.0,1.5224877866104942,-1.52043890115209,1.6397388980088365,0.0
0.0,1.129619503445121,-0.9786559780429562,0.769513492173916,0.0
0.0,-0.9131701023741492,1.7700837257134663,-1.5575708463140876,0.0
0.0,-1.2847320176530765,1.0990990971686458,-0.9725780818370244,0.0
0.0,0.5588042179042305,-1.6814518010932227,0.8641860981507065,0.0
0.0,0.8849394539247469,-2.0129609465203337,1.0252818554497805,0.0
0.0,-1.0946782216822186,0.6115269469296356,-0.5261775771293402,0.0
0.0,-1.1287920471625192,2.0091947834932955,-1.7421136263251915,0.0
0.0,0.7360917469814579,-0.43148389205498866,0.3698209030699043,0.0
0.0,1.7609381595520595,-1.7543405716134501,1.6750939966992933,0.0
0.0,-0.07166750498861929,0.6204506611304905,0.2770657551733588,0.0
0.0,-1.1496450050532516,2.3284197888704443,-1.456620372857865,0.0
0.0,-0.4734038882968336,0.3198585992328977,0.21319624372802712,0.0
0.0,1.4633313052641217,-2.155897763519048,1.222862342453041,0.0
0.0,0.2719716471988358,-1.0568677667797421,0.30104136279003935,0.0
0.0,-1.6547057924871629,1.5671771639098977,-1.628803151446955,0.0
0.0,-0.8714047439206771,0.7873941850867994,-1.0435915002526834,0.0
0.0,1.4986435288989168,-1.9284426871598057,0.8691672379879614,0.0
0.0,0.8297132733429062,-1.1427899093641407,1.181549727809586,0.0
0.0,-0.9700267522641572,1.6453818211661724,-0.5893263683694633,0.0
0.0,-0.9684004414797066,2.011754015088212,-0.8786366623070013,0.0
0.0,0.673397965806274,-0.5986764211000737,1.1629647937665395,0.0
0.0,1.7982798084692366,-1.8708410057575537,1.1934705627999307,0.0
0.0,-0.2658442971305922,0.6593562492605456,-0.8102541805962122,0.0
0.0,-1.5874892995991268,1.763902320808727,-1.6711938979292063,0.0
0.0,-0.3760819296698359,-0.672048346667703,0.24755658776773343,0.0
0.0,1.329028533106636,-2.355406111856098,1.1497237942598646,0.0
0.0,-0.2670895239806342,-0.44034423869497047,0.3496215704513933,0.0
0.0,-1.2604381994815186,2.0897520262984948,-1.6368732308543612,0.0
0.0,-0.20427841645913483,0.9139667968480116,-0.4187069861036188,0.0
0.0,1.6735062483393366,-1.6459170997563466,1.655524926013224,0.0
0.0,0.864937044239986,-0.6424460434530449,1.042099852129752,0.0
0.0,-0.888539694525856,2.0410922265177116,-1.3903042447014933,0.0
0.0,-1.0405123287158238,1.2559886171417698,-0.7872005974816326,0.0
0.0,0.7677210271441337,-1.6292833763347356,1.0249836144761368,0.0
0.0,0.9252156198201043,-1.966006410593514,0.9270944158340411,0.0
0.0,-1.2801848350472058,0.6644309155200947,-0.7686385892522997,0.0
0.0,-1.3259117254531039,1.7273367126182968,-1.7391903563412818,0.0
0.0,0.8542476745144248,-0.8769092385787977,0.21816499241521492,0.0
0.0,1.6514520216074402,-1.8177786725503875,1.4125222808532043,0.0
0.0,-0.3742126560186776,0.7337364009542195,0.3098574064898185,0.0
0.0,-1.1695677858256386,2.330281514994062,-1.19067803663924,0.0
0.0,-0.2978730475574066,0.49779096732133093,0.42393809147245726,0.0
0.0,1.7053047133434043,-1.970881662712486,1.3266803531370817,0.0
0.0,0.6066042831097693,-0.7600622160802439,0.07374853403891071,0.0
0.0,-1.50460138656449,1.7397968656169047,-1.770630668734397,0.0
0.0,-1.1407835020282648,0.5017955218571306,-0.689010513995591,0.0
0.0,1.1607583858527397,-2.0762732485345596,0.9633772615949026,0.0
0.0,0.6700085667170576,-1.3817344247491579,0.9969183214981421,0.0
0.0,-1.062482526430804,1.528258092349618,-0.8980220366408931,0.0
0.0,-0.8305064296269096,1.9498671965243024,-1.1447161889559623,0.0
0.0,0.9436418122307405,-0.782388301119102,1.2477387626160386,0.0
0.0,1.6402241578745125,-1.6017117835484476,1.5046349921984747,0.0
0.0,-0.3058879048280084,1.0560206894057405,-0.719560619944216,0.0
0.0,-1.3208368506168715,1.9224374554317971,-1.5919365321290115,0.0
0.0,-0.1694580465092833,-0.7187984966912059,0.4417587012895505,0.0
0.0,1.2613819863737792,-2.354997836273188,1.1381719271160344,0.0
0.0,-0.5349731426760369,-0.46591211129166776,0.17204479355033386,0.0
0.0,-1.4846696880617782,1.8809900568884221,-1.725796256740233,0.0
0.0,-0.0651313040495293,0.5474253154796205,-0.6207329634936466,0.0
0.0,1.8310072069613528,-1.8529737814502403,1.364458499062015,0.0
0.0,0.5757623756311132,-0.4017411412376584,1.084868350241379,0.0
0.0,-0.9897070024777612,2.124572413726278,-1.0596207372458093,0.0
0.0,-0.9326515108266495,1.4320209955875416,-0.49856391422863433,0.0
0.0,0.9535430542269174,-1.409811779550634,1.1807580139515788,0.0
0.0,1.2789865447991073,-1.862085487200182,0.7842287073466387,0.0
0.0,-1.1236287291117577,0.9057292708964002,-1.1178680162410322,0.0
0.0,-1.5634680555523748,1.492751179627728,-1.5828320944037972,0.0
0.0,0.5908957760144694,-1.2183476144792724,0.36965422233827505,0.0
0.0,1.4462508412772908,-2.000436501396905,1.2546765129469901,0.0
0.0,-0.5685509308662974,0.6314123942033545,0.10787374875171458,0.0
0.0,-1.1301831722965363,2.3423697092205313,-1.3519320605284233,0.0
0.0,-0.0030804886897628225,0.4319251806872864,0.50687050662906,0.0
0.0,1.8051383174709827,-1.8317773600740823,1.5887182523845838,0.0
0.0,0.6035144094795741,-0.30961440249142247,0.10660425766325,0.0
0.0,-1.2648821827383714,1.9747875944773194,-1.8002782044752534,0.0
0.0,-1.0538377286831349,0.37233312645415384,-0.40630257341463044,0.0
0.0,0.9953478156229102,-2.128723437557724,1.0440026320960596,0.0
0.0,0.4403695101334548,-1.4957338313069206,0.826739262639435,0.0
0.0,-1.2657151661092312,1.3378845608774061,-1.0982036494259295,0.0
0.0,-0.7820182050732989,1.7211450758692293,-1.3890736843027656,0.0
0.0,1.2180025892223352,-1.0750026703308695,1.024354898182045,0.0
0.0,1.453150083737644,-1.4125992782232881,1.6187815183731642,0.0
0.0,-0.47213837937096054,1.314715969488293,-0.44748222674365046,0.0
0.0,-1.1723922934928617,2.1032757912199402,-1.3708389418358573,0.0
0.0,0.04685165623840376,-0.5473475369594394,0.6435049799026343,0.0
0.0,1.4859597496566943,-2.305838541848429,1.1471053345762159,0.0
0.0,-0.4993562152643025,-0.3206732850001518,-0.11161011894190262,0.0
0.0,-1.7079566930357353,1.797805906337803,-1.808020691110209,0.0
0.0,-0.17596049405129893,0.10028666603795053,-0.5355610179889756,0.0
0.0,1.8015514766089893,-2.115260125704923,1.1436371058912564,0.0
0.0,0.282484961538767,-0.3648807452091292,0.9139501784284567,0.0
0.0,-1.1148520461705853,2.116227545759105,-0.9871587250721204,0.0
0.0,-0.771005019726785,1.4829729301435965,-0.32331345619060436,0.0
0.0,1.1747240381039108,-1.2664454716784483,1.3763773602805136,0.0
0.0,1.475975385502856,-1.558989099681001,0.7656551851896906,0.0
0.0,-0.8396477501600867,1.2620779774265392,-1.3542780073467893,0.0
0.0,-1.569836239235069,1.3401396269181791,-1.3242579140928867,0.0
0.0,0.26578023715424803,-1.3582077025875976,0.6194403749479406,0.0
0.0,1.2067778604899866,-2.152732552183722,1.1597122158531636,0.0
0.0,-0.700040156201195,0.39853495024027163,-0.1424755343614914,0.0
0.0,-1.123340057355235,2.2639701880124057,-1.6962790030576462,0.0
0.0,0.281242955414234,0.18365314000566954,0.3362663761483769,0.0
0.0,1.797329403886477,-1.7943194006025935,1.7863952846688567,0.0
0.0,0.35663794979538266,0.06328712606666671,0.3880372886748368,0.0
0.0,-1.1272061675576308,2.2305595440238255,-1.7034569848976142,0.0
0.0,-0.7701272394658889,0.46352760118956704,-0.23781405192685973,0.0
0.0,1.1648301605251727,-2.1347416361094944,1.1276300171096216,0.0
0.0,0.3265960425767054,-1.4351217769917677,0.6704064947278845,0.0
0.0,-1.540394057231909,1.2831059563282612,-1.2466958290390302,0.0
0.0,-0.8800760788973707,1.3655373277077265,-1.3977431198581014,0.0
0.0,1.4168947651711272,-1.4528510455505514,0.751162650208838,0.0
0.0,1.2696190892087944,-1.330229410580929,1.4159146768637023,0.0
0.0,-0.6969571511686811,1.4276884492871775,-0.2895613124557652,0.0
0.0,-1.1279293025895019,2.146774876968429,-1.0453760037747069,0.0
0.0,0.18893738701138352,-0.3120646722058629,0.8672780934183519,0.0
0.0,1.763977823929001,-2.143394128934702,1.164902151677496,0.0
0.0,-0.1512495377010829,-0.0336068227174601,-0.4464707414507922,0.0
0.0,-1.707211914882379,1.8040347061531377,-1.8372734530904935,0.0
0.0,-0.5078416332552297,-0.2238487049498038,-0.22253972483396203,0.0
0.0,1.5117336887585706,-2.2870820086021686,1.1280343085358924,0.0
0.0,0.098887066942718,-0.5851511299710405,0.7227117731892103,0.0
0.0,-1.1685952288797168,2.0684374277834845,-1.2728592538829484,0.0
0.0,-0.5311501337774769,1.4089177819015841,-0.48478899339584075,0.0
0.0,1.4033982873662085,-1.343139330065706,1.5688110100529322,0.0
0.0,1.3121436213367343,-1.1748455228737988,1.0219105816001026,0.0
0.0,-0.7433523330736571,1.6316607560466407,-1.3489076125387156,0.0
0.0,-1.329897208160957,1.376432867982816,-1.1470737855709754,0.0
0.0,0.33441309467655617,-1.4209227431426286,0.7872325017027765,0.0
0.0,1.049535333939133,-2.1750220912018885,1.0597371193605616,0.0
0.0,-0.9607555050555744,0.2931141151900859,-0.34309463571240895,0.0
0.0,-1.2624274063931225,2.020089542383978,-1.818058561945213,0.0
0.0,0.5092464800071808,-0.18148441891005362,0.07707593811693016,0.0
0.0,1.8055226361695285,-1.8355982122493335,1.6323987236648816,0.0
0.0,0.08030566662717312,0.32365004678957243,0.5708931501207999,0.0
0.0,-1.1094598672065776,2.3438759110461476,-1.403225014490221,0.0
0.0,-0.6063694634392821,0.6820611128676096,0.0027522695573939607,0.0
0.0,1.395522468710728,-1.9946405777416092,1.2436904538566549,0.0
0.0,0.5895494807393699,-1.3033841683142513,0.4560865867679055,0.0
0.0,-1.57098941988086,1.423026525516868,-1.5019669511425455,0.0
0.0,-1.1332711921878869,1.0124313636130855,-1.2067073382222797,0.0
0.0,1.2918337660047083,-1.79343266927854,0.7260719125077766,0.0
0.0,1.0410378377098177,-1.4414692809532403,1.201196208688362,0.0
0.0,-0.8985648704756337,1.3901054934889092,-0.4139364670965901,0.0
0.0,-1.0355838498534777,2.1478136177594753,-1.043350503239375,0.0
0.0,0.4678113033837993,-0.3050363675586911,1.0385720799887568,0.0
0.0,1.8556540925920124,-1.8974019598579095,1.3425484141381046,0.0
0.0,0.01571082563360355,0.414249866803097,-0.5821373775813963,0.0
0.0,-1.4956174995647005,1.8813274803723106,-1.7588568091037398,0.0
0.0,-0.6179172430773399,-0.38351427455985504,0.10540013306348026,0.0
0.0,1.2439945999568054,-2.3351576810265926,1.145322230684013,0.0
0.0,-0.0790822920893523,-0.7927306536850146,0.5163911486136298,0.0
0.0,-1.2817980554236597,1.9078298227517743,-1.5486769552788027,0.0
0.0,-0.3568212592704739,1.1720864410062803,-0.7779930985168682,0.0
