-0.10413439017307681,0.8652841580622166,0.09162941050148787,-0.08822183690169719,0.3157726662266433
0.6052178809967446,0.36157027162227784,0.2558405118856263,0.11611338209898997,0.04501166356308468
-0.3070208503383204,-0.07013809159575296,0.6888083828034925,0.40864748956714586,0.4251197684341668
-0.6086275140602531,-0.9614796841777753,-0.6688236606925991,0.4561776775015646,0.0641115507666728
-0.05266871672505724,-0.17267328309825025,-0.5101151853901572,-0.429964992223913,0.5588326867247985
0.3254605112773714,0.03377509653734366,-0.2657961609484338,-0.867831777189672,-0.26171002791240144
-0.06944875696076572,-0.19613752570722348,-0.2738467388457536,-0.5217125004178429,0.34705868253689515
0.20852664091335946,0.03952124559051995,-0.3975105729694241,-0.3038745533030639,-0.3725930160043964
-0.17769988553750984,-0.0671121000496937,0.007953536759132018,0.5094780393834475,0.25074581643384125
-0.04022952836866065,0.290231690992655,0.40343793431958747,0.5351158084365736,0.015575369463138006
0.2320667152409719,0.678374829863038,0.9553230293833563,0.5370601798488139,0.27108704925000715
-0.11406105929529041,0.6676533815903596,1.0961305400906478,-0.5048197746763923,-0.27424352990745315
-0.02621058851002678,0.28346329980761903,0.018332670552888786,0.19332314947929174,0.18153201114426581
0.16525270433556705,-0.06764403247808848,-0.30734148959854357,0.18380279970567037,-0.30737492265798966
-0.1747199662501847,-0.5627245594154971,-0.3547878130255173,0.017610588584607498,0.12802339792634357
0.21766393618502478,-0.5332889836845075,-0.5509875385859003,-0.6789541182719175,0.007681542075799884
0.06257523022123049,-0.49976269133789764,-0.5969401089547278,-0.5919461586375641,0.09260539388117008
-0.14149944203238485,0.23094049256320007,-0.3536863065447218,0.011625304752987786,-0.13603134234192646
0.10615195308860886,-0.29856878455352887,-0.1315905998201951,0.14583190125720893,-0.39695552835401215
0.11736657572776824,0.1367245012676096,0.8068614121744538,0.4597701904001686,0.1581512612449185
-0.2850086276897901,0.16134759201328847,0.7377215980566743,0.4556374315146159,-0.070297569244228
0.39187637758540306,0.8408008315324529,0.6371170783875593,0.8563332989998426,0.26087711959908905
-0.1135317962864739,0.5971395056651532,0.5721934215587368,-0.031773113583666024,0.2815660974432221
-0.40419851751028996,-0.1120440400877054,0.2895976700200398,-0.6459332253384388,-0.028210344724648832
0.028896737046722697,-0.8348330945922312,-0.43998000139132604,-0.07718913372352984,-0.3788052787647902
0.128537658872737,-0.43297941743716384,-0.8478453537184777,0.053747116601632006,-0.2438580852109118
-0.013795116405581528,-0.44644586790285473,-0.7787173029904344,-0.846783306880802,0.3021140794337295
0.13799324573333277,0.036901596465641395,-0.2601834618733069,-0.7456893414086756,0.15129084145242272
0.12972413749954084,-0.0854718675996064,0.2378561093332372,0.24593907723929784,-0.47205887827397736
-0.343560843976534,0.4017804848864973,0.6304426441609512,0.6561978947789273,0.038879281441845624
0.11753010033651431,0.14705325651769274,0.3763443345415708,0.804120585380075,0.25121897389395037
0.29776246123462824,0.36500297637216766,0.8361582464160487,0.8063976043904922,-0.3830606010014858
-0.09576179719532134,0.1772751582097614,0.5965540768554876,0.351417651484415,0.27150336130745456
-0.19339552744436717,0.23643726389025518,0.25140212896398123,0.05859848500417847,0.16433695003330587
0.181343486010294,0.005715664000051142,-0.28445907889391164,-0.7460091495188474,0.10529698486375969
0.11934431274597339,-0.584821903994154,-0.874245709318476,-0.18744150839760237,0.2096683770911516
0.2631909002201784,-0.8378811565043883,-0.8551564988129636,-0.40555144419690164,0.1549374375915015
-0.1020363540232754,-0.5863690204363974,-1.1934893673074654,0.02797533458801177,-0.10353907118484822
-0.044562845889275685,-0.24327383986993342,-0.4349741612708946,-0.18957087225653907,0.11872634090929192
0.2005111630381749,0.7471705966278964,-0.11338338056463163,0.19975172581956807,-0.12007494044648555
-0.2857853677813087,0.29254433845018724,0.717408331520806,-0.4791454886709293,0.2633054084864794
0.3404006189373564,0.6143908712917384,0.36275918735571516,0.8594658381170317,-0.2586369331773455
0.10362924633776097,0.4891986332797886,0.8066347639216208,0.9156654325086834,0.08818023848770179
0.14822798448355567,0.05343978993025958,0.24395468921771923,0.173124297763403,0.16305565438305805
-0.09122942717161785,0.08120029835573275,0.14331714373036983,-0.05388185377268487,-0.09343897313614605
0.21448231574946475,-0.17161282087896496,-0.2790733506884196,-0.8866509506279179,0.48044940117132523
0.06581238932712097,-0.5769198190920906,-1.2432620239742342,-0.3155975177845868,0.14651953350098437
-0.0522664106330657,-0.7027710572016839,-0.5834189602318438,0.002917894796465703,0.05950569788004277
-0.1008849025487244,-0.5447358464067544,-0.3236062106762617,-0.07403071566588156,0.2960101648222074
-0.14582758063301898,-0.31226459591381606,0.39030846025295496,-0.23384506212172118,-0.1833831104026935
0.09385929239228398,0.31792298326440244,0.4550727018530823,0.14081817593910678,-0.29965253152346677
-0.21703449631919622,0.8985731993367295,0.9899624264375457,0.7569099334932006,0.3550503249911269
-0.07857308948314116,0.21215576555255516,0.8450926653864299,0.5424346044674707,-0.037486326452979585
0.26361966550305505,-0.03459787862094631,0.495516001800199,0.8300939117120553,0.007503913448486339
-0.34217056785500166,0.06485477466710014,0.020636153026250756,0.3505437292284175,-0.007234517902381872
-0.03298440607655467,0.4235639792922979,-0.5012657355859388,-0.6551799684951367,0.25022974071479825
0.08863731906809001,0.1308495163424824,-0.22029924210347007,-0.506254837646829,-0.25306617415656524
-0.0017275233010846803,-0.516595535363797,-0.8120574553627705,-0.48316193871189506,-0.0941301782408289
-0.18028361644971164,-0.7603289943272389,-0.44799589506032444,-0.4293578758659986,-0.4223772031598265
0.39330624707402057,0.021816171590727212,0.08091661227693722,-0.13912529186182654,-0.27564031740511846
0.09074914899308212,-0.04535584618279381,0.29413436025637524,-0.14204086546155675,0.19273866191665193
0.4024053900226312,0.5912132891671912,0.44275612783480023,-0.14383437384450895,0.09117169116215426
-0.26840467218747344,0.9864113180827476,1.070724124925487,0.02779860624865592,-0.008473865166075734
-0.30471262134895954,-0.07215489013192616,0.3191941407413224,0.1859662276042789,-0.11566701671397378
0.22134991196911702,-0.3121031934188915,-0.30000700192861096,0.1787062873928169,0.1686779498469449
0.0939931548837882,-0.2522188592749864,-0.5887067882836633,-0.052255082957126234,0.1370496101776377
-0.027091489093803885,-0.17413714468956723,-0.13349318748853836,-0.9082839527544846,0.10727898377837822
0.08537189403982391,-0.16910087875131946,-0.40326751754439527,-1.0085976058289616,0.30270644268415403
0.20122294544184752,-0.2882226652575369,-0.4502761146508883,0.07863319756572684,-0.11077614679720121
0.15207741853654708,-0.16644849838109946,-0.36298726169911555,0.27484308906280464,-0.3966045217540171
0.052812958507634684,-0.05761350382124471,0.03485261380606003,0.6964396323770599,0.12348753483005115
-0.4169881764657959,0.2641280657305024,0.6013059828831466,0.1608872369645052,-0.42818066251241216
-0.0898954624679444,0.814204941533415,0.479490717466519,0.41526201521523165,0.09639161575374017
0.050177598072189356,0.5174869919876584,0.36991440110864715,0.38498844025208,-0.5844345490774597
0.25711213038984104,-0.44402900769429476,0.08801492077031212,-0.03796013874380465,0.3705358017123017
0.006235088707998499,-0.6192281464892677,-0.5275350421114753,0.18469925107558696,0.007553949001586474
-0.2027722657862884,-0.6167408526331969,-0.38240199144827897,-0.30475621397396646,-0.13381133452530283
-0.19223192621536886,-0.12995140577055309,-0.2378313078948075,-0.3816682051643086,-0.4366067287577258
0.30718281504413064,-0.08945498591897433,-0.31775659405081474,-0.5379940725193223,-0.3133389573099103
0.49271875770133344,0.273656520389381,0.2725944189233216,0.05525299484032248,-0.03500721787043389
-0.4039683151598532,-0.157961854779527,0.2613235778926396,0.7218284527722669,-0.05435342623191299
0.5198312710998131,0.012164223053389045,0.6058525993616213,0.8455726745909597,0.3277328838289949
-0.47586494215817976,0.6161449547539102,0.6704819405367717,0.282868191496836,0.12952887441158303
0.06775692965828004,0.6805385641952004,0.7906495630513413,-0.2266311143427972,-0.13182781583567554
-0.06986092676575652,-0.23333445058495914,0.22572789569396792,0.33959972980040737,0.16426421392697968
0.28868356203875634,-0.6222979919302712,-0.16738456767436327,0.26558625905627165,-0.040704185092362836
-0.05551131543405829,-0.8674477138745402,-0.8660241428581898,-0.40166751655227134,-0.25570691551587543
-0.22088898855409037,-0.3464257255638608,-0.43498846572641714,-1.0381999838644056,0.2726984419287142
-0.1371565413026363,-0.5563660838981961,-0.2696894828502131,-0.48309306570158445,0.10342730474340771
0.23676035701599848,0.3362347455412249,-0.27864933460212116,-0.37093920840268635,-0.30874799936187464
0.1642778346062811,0.4153341498040713,0.3947031265147912,0.18296399873256364,0.020834511701377314
0.05036082994646074,0.04789831187915042,1.142469976329273,-0.028237757227983495,-0.1326977931744538
0.06199073182455744,0.32044978405711894,1.229751267495183,0.5849221873700681,-0.18295101673660605
0.049341526739777174,0.2046716204678352,0.35455807997725475,0.8876637058108404,0.13052530090701756
-0.11855315477772543,0.19601824094749143,-0.0255256719983811,0.2543226933491469,0.25149122359907955
-0.008327904554101841,0.3451306049972982,0.06948182717425228,-0.02823911728336459,-0.13426389619079862
0.09932296994114029,-0.6282962230616724,-0.5724592287579697,-0.1918304338583648,0.07095425384614357
-0.03687769097200183,-0.9504316708154392,-0.9353402189189589,-0.6015822069019074,-0.14770758697754302
0.07354910166764801,-0.23794431926015663,-0.8219510270401178,-0.11450290930822668,-0.17589860017794262
-0.0885351196222882,-0.39748842994573685,-0.007449367183654576,-0.3584363154487449,0.2519706657319561
0.4599026618734194,0.36755964093186283,0.20541574121934247,-0.846818279358371,-0.019586612005961568
-0.15186216260651966,0.3231771349599408,0.4212142319461711,0.7505986362980916,0.20378197115333585
-0.11420735775854632,0.23300889374703185,0.695004122538059,0.8004244068268573,-0.21881068023442235
0.31711572639582675,0.22324105528108862,0.8813303753851118,1.0497059086126814,0.03611431568181214
-0.36189492568149817,0.19588312151317216,0.5629640166664769,0.3808278049056552,0.294758481237372
-0.09671537044471881,0.23296712356932522,0.2825639295024659,-0.34884189418497874,-0.22670338343558163
-0.07327862668381775,-0.005880992556965094,-0.5393209363838684,-0.24915288837125688,-0.2755609492724658
-0.11097971958867239,-0.6276732979775363,-0.648946759679131,-0.35794293911139763,-0.1993783375973314
-0.0451617812812146,-0.8389955694449399,-0.8531143883957025,-0.2546685759812853,-0.020546351823612318
0.08839801783965717,-0.897649677644645,-0.5107609514567117,0.0993045702955791,-0.3755183374380069
0.1419332421258588,0.06775134388869239,-0.17519358874487803,0.3613381049328984,0.2531345029782496
-0.121557908928295,0.3705646143409249,0.2836876989932554,-0.053951380980745006,0.023918423907339434
0.2952663404241908,0.8597335719215515,0.6644724274775775,0.07634126631611778,0.2514466626685255
0.009168681958998911,0.3736643135158048,0.6766192301057284,0.5089376694238127,0.2041650839896645
0.12841749217914533,-0.510952738057981,0.32220788618968693,0.15878718714133222,0.2204673337994428
0.2584372420183663,0.3323912882373981,0.015032370748755963,0.2932205092391241,-0.1928448726449655
-0.08721578579928813,-0.004400718921606702,-0.01282447204707729,-0.736731031987697,-0.032308722639678135
0.0012126105054021607,0.06637195087424211,-0.3318937709427552,-0.5104917458208996,0.4226697657175151
-0.3828245888803186,-0.5737433919427829,-0.46913726874996525,-0.7139771523515044,-0.43735033055079237
-0.014449902897385382,-0.442087784850972,-0.5712557381802223,0.0549998041745115,-0.014234177473698376
0.025318889278017592,-0.9448431713980163,-0.04458827595040968,0.05167394210589485,-0.24053444945351973
-0.01759528896987957,0.17232416530535957,0.15358337886707174,-0.06570319328285643,0.3608484372372463
-0.09219609380437747,0.6840934895330821,0.5337894735228756,0.004069503828198137,0.25897308930886753
-0.2035853418132844,0.5089874424786452,0.6043754372179969,-0.029161343488082775,-0.04554758757331818
-0.09569136001929443,0.10862415058176357,0.5094932906244021,0.3222208862653334,-0.4087079327511996
-0.17975067994040592,0.15994865638913347,0.19583414860502418,0.6574603019596948,0.017499663964056358
0.06690073510768635,-0.09898276704450024,-0.3540606304001412,-0.10082463303628592,0.3982651303626438
0.09514266413731512,0.10299745169071219,-0.5188615217281779,-0.31232981648267893,-0.1925035348116618
-0.32049141139844367,-0.18198006593046323,-0.8001203147065893,-1.031713202511515,0.2139663542383357
-0.14045874349078125,-0.24773682736988337,-0.3421557668583374,-0.5705801247594142,-0.10638250423895648
-0.31729892544194227,-0.38247955181667354,0.007656669352774717,0.29902146919904293,0.1467213263417371
0.06585028214157171,-0.18961922896513028,0.42409930686073766,0.9180044367555907,-0.2712248360994011
0.09591053820738905,0.13761454960234148,0.2408898434028065,0.42043071590052794,-0.016415551912463685
-0.03778084779416389,0.8061350228436546,0.5144289580219116,0.26818069365304004,0.036680477163952466
0.3675805560487177,0.25090317012734054,0.6001974608912777,-0.10481384168281288,-0.13040287163218875
0.0402040541009842,0.35043251809915116,0.2895182899072547,0.1878255890645561,0.25255860063334185
-0.08763381409486534,-0.17217774760221238,0.10480062016259656,0.35222766130539557,-0.03963073104109225
-0.42841231646574235,-0.4795000815221121,0.0416094518597116,0.1877012733423974,0.06567780743266008
0.06886974511546855,0.10874791243895127,-0.6194059672615322,-0.4451390503073772,-0.14612374837474923
0.252976608538557,0.33373419374157387,-0.3014611132601276,-0.7424506922120575,0.049925681874826634
0.2006994158004172,0.1764752402335198,-0.38687036443796635,-0.21373550773708028,0.32732647881212085
0.1837343313394316,0.04260549835979659,0.17887683167967314,0.22177661123319653,-0.046880777589696054
0.13519082415853434,0.4177225083193392,0.8609926891539035,0.5771799391486311,0.05611702071030175
0.19139624665982022,-0.08247748821426998,0.6149997807471154,0.1971678218062635,-0.27060279826283845
-0.2058707058877169,1.2526323441708243,0.4555833299509515,-0.11508635104356046,0.3899447600200658
0.045338037861207325,0.13439353172346857,0.04088821153699376,-0.45092404080558857,-0.18596813654809263
-0.09664349302790932,-0.22009273440515265,-0.19057821566752287,0.12854677429942216,0.2529378392356445
-0.07843757689097491,-0.8693165749510259,-0.38200254806100103,-0.028006377531039642,-0.16007409063013486
-0.13180440911999577,-0.9220500704847063,-0.6287661633475681,-0.49658557017054133,0.27726195055700814
0.48370969670076464,-0.22635199444075083,-0.2962472520408405,-0.7255794069795923,0.42255885105233965
0.10891537645743866,0.5387873833278835,-0.12560099139333533,-0.5391132510382036,0.24169991601507645
0.006523207064664449,0.286158943705895,0.12683149393659482,-0.1342106017825476,-0.45249343466768477
0.11824775659026684,0.01510205000151299,0.3894713063068175,0.5896100572709233,0.31784642616736447
-0.17580298418966864,0.31263933549631623,0.6338344259606994,0.7023001575677225,0.1172217366215714
0.04218940883994453,0.23350660338128404,0.4056114616822754,0.39751558602812087,0.2616905359950251
0.01388871683162852,0.8785964954280778,0.5551008540591073,-0.30710816596128876,-0.09851168674360775
-0.07296154292335885,0.7204783569298779,0.19948494746522039,0.057313755442831904,-0.13654057813382547
-0.08530091264705408,-0.159148583024461,-0.4378640996852032,-0.26853114764677327,-0.2481506652137556
0.13295524595861705,-0.49767637664543307,-0.5601576855734299,-0.23843894266566598,0.09742346043734847
-0.4590117486385744,-0.7894227438405735,-0.7730267503564234,-0.2836364712599204,-0.0030962772953511426
0.20287329234190973,-0.11718967853571499,-0.40964095673522744,-0.6453476043932476,0.20378701694542858
0.19226883256448485,0.15245203730159163,-0.2951130338305782,-0.15701786780716112,-0.057156748526102724
-0.12813019089992894,0.5665107799415066,0.6400588309702844,-0.1774035300014075,0.24752600173615963
0.30312205740351006,0.6975670028233296,0.7252991890661584,0.46197605674563924,0.2107276381019475
-0.1076094887676996,0.1436088498020312,0.9388153813591229,0.6835019845870962,0.04848442527059207
-0.22239458004792245,0.622244412625981,0.41581343017647926,0.17335869948878968,0.2231991635254848
-0.008241989934906366,0.5195573854192541,0.2468861774957738,0.1407537800679368,-0.09909292635363992
0.5035623178107443,-0.07768920563455439,-0.3653396386685512,-0.5256460627338995,0.16268524314230698
-0.09780418601575291,-0.49810553073930797,-0.5164473431533299,-0.5556078461640646,-0.28879670003490787
0.15946518559425496,-0.6773676818133219,-0.7523976750429917,-0.4335044528227239,0.4517405824403551
0.169564249708085,-0.559176804302748,-0.5335547695432504,-0.4700870946568694,-0.11032218709397704
-0.013834960213337036,-0.653684451611523,-0.18270302815839928,-0.37733935668389096,0.17854438045317744
-0.4140818852864806,0.2546979530378839,-0.1955496720735167,-0.2959901754451113,-0.37045013304502344
-0.0437880402149676,0.5527703483057352,0.2551877297431666,-0.11495060731668177,-0.13529787386960485
0.43426676271017445,0.3671666092693844,0.7882381977079961,0.42321372192606743,-0.26433231972004706
0.20127534692497645,0.0758317588599197,0.7203788232863834,0.5425041310928636,-0.430816461601887
0.09099745795202095,-0.004625887552819864,0.385303521995073,0.12262360625615276,0.009932301624845201
-0.24041835267493517,-0.47570176730100866,0.021076676401204995,-0.3389075060722571,-0.10884451232379008
0.09223323234278678,0.18417551448944353,-0.5584155939077295,-0.460942060848153,-0.178240104540145
-0.3723192465310153,0.011284431334656397,-0.81440131912946,-0.45569073142478334,0.19137930649706902
-0.08355742220113987,-0.4775761553323844,-0.41489735295720886,-0.21751217831211278,-0.08414488295880278
0.07408030473020463,-0.6945112551081442,0.1600973664837142,0.056402799602232746,0.10789628622317046
-0.28959322811366006,0.11141727203214556,0.11772143152566283,0.047873505006459795,0.2224217629004051
0.03241057046355023,0.6346332685452246,0.2948438485904067,0.3730325986255073,-0.040606943721585964
0.30087905124442194,0.4799036954255649,0.6504590392768067,-0.03233891945842669,0.19885142578149223
-0.3184900249965184,0.22098901531834453,0.842917850921833,0.0615346979702987,-0.4313804473698812
-0.03196170849356054,0.1610963591840206,0.41982662207781474,0.5687327912752459,-0.16170021568957596
-0.36150642713153264,0.1541072934243015,-0.36537052584106583,0.07437310625245963,-0.14251355118228226
0.18291406228172796,0.05657503330833,0.15588932609947126,-0.16782961456923756,-0.1257583515216107
0.13304542106652945,-0.18094827209712566,-0.2650917588124093,-0.5244723486344048,-0.12600284193247185
0.3152761391564322,-0.18560831839765748,-0.2009134330686495,-0.9559372583878978,0.4087656079951937
0.18484691055250843,-0.5239163370298305,-0.23108476450684534,-0.23218726270249185,0.1652012505803184
0.26513125900166706,-0.69825121923704,-0.1512930381802775,0.0994610440043259,-0.40656073030214596
0.19473030861190793,0.40762833804405874,0.4449803683967527,0.304676884025068,-0.013554590389337566
0.40633619941526944,0.46596698556445965,0.11964158719106793,0.15264755439526712,0.03037942140370906
0.13293102900234383,0.6337001304362144,0.45062771010796143,-0.25072589351531005,0.2354722105511186
0.08472382336097106,-0.09444270000657348,0.27746076373452494,0.15510069884408795,-0.2914221608303113
-0.1170455817731263,-0.2060635536635066,0.1640853518363112,0.20121183680358828,0.059457348652589705
-0.39689052651525386,-0.5722087280707094,0.13798591650930625,0.30752813120492956,-0.4151145755134153
-0.3119274466216989,-0.10378198914937004,-0.9746456304528434,-0.2701663197440417,-0.3794477337814121
0.3613444478348547,0.26581205486271287,-0.4002300192350255,-0.40262263903078765,0.1676028227518196
0.1301642063575357,-0.04499448526461644,-0.25134507416775154,-0.494571201030126,0.009975818906042875
-0.14016726629471388,-0.05651836879526098,0.03194781237112927,0.3632393165885327,-0.08464716057886973
0.35109808267725756,-0.2496490502973218,0.7543205085731126,0.6846711183264431,0.1314280898433568
0.004748568007855407,0.5585667411123084,0.9030447974174847,0.8523649523224943,-0.056987755364935416
-0.2140644380570052,0.7277196223666736,0.501987772095248,0.5691752281981335,-0.3970636484148833
-0.029435555916362325,0.5067411838381161,0.7388806692845824,-0.15299274798996504,0.29572822817084055
-0.4462368211548431,-0.008679256674477831,0.14721068457592726,-0.1253742926337349,-0.2910664729103137
0.1967863552089803,-0.9806844432006752,-0.4848067071142407,-0.00871156483302446,-0.023217816113785532
-0.04456900570158106,-0.6803350755182863,-0.917953054525169,-0.37371472399258887,-0.10572837275281458
-0.3146928997984126,-0.34254028444402573,-0.3592490069758217,-0.9535786844576077,-0.50622644057874
-0.18835783630337566,0.2899512695106766,-0.19096061351702662,-0.4990819382864409,0.05642283032805255
0.12711935539711436,-0.134971455061123,-0.16818741438539847,-0.2354756665945569,0.2610927220875348
0.35569723951029625,0.21742905695741635,0.04069245076943298,0.24017459487794496,-0.13289454594998829
0.3251148564025951,-0.07486444467440888,0.8978082362363309,0.5158426635913104,0.1398140437440077
-0.11584823733115063,0.45526446250874875,0.9108108401535835,0.5228417832154535,0.1050566773771047
-0.15129114160702756,0.7899566263458495,0.25160508420794175,0.05571627547668595,-0.34368556851865245
0.27090220370849405,0.6770807652874327,-0.001606145948412463,0.23103643185333608,-0.037058395186578386
-0.1996030501199061,-0.7283806388544303,-0.21387015280262017,-0.329516425502264,0.029476237745086217
0.15632561035597378,-1.048662147715062,-0.09867036284380559,0.00714888763977356,-0.3484215891331128
0.43383816700151423,-0.6912689439465525,-0.2448730038056447,-0.22916270684815324,-0.12895609850174627
-0.2942254327176994,-0.5185978329399307,-0.9086187337650166,-0.19056931543348937,0.33328135356403976
0.11852070285147534,0.09820890798550629,-0.2057193224643601,-0.3078139575572114,-0.2089211810325614
-0.02950232442457505,0.5416220049516185,0.12426724198482592,-0.37766245478027627,0.08675829581200732
0.28805408414298456,0.44078282800893764,0.6842384074936405,0.37252502281985794,-0.1283541924611697
0.22982944503088293,0.28641382695393114,0.4738396307792669,0.6519337733004609,-0.047738930408799736
-0.2611881738400334,0.3631214441718356,0.5464568978381555,0.21646738339077626,-0.17071844274881376
0.13453958330397842,0.42302954640059476,0.31811388990151923,0.16356561485947793,-0.07179675455115449
0.02245125374902908,0.173503570535668,-0.15315132111247692,0.0007023446017765389,-0.04844009530644282
-0.1903965953001594,0.047375111901358846,-0.6962903767150581,-0.3594528293878263,-0.13569867386781692
0.08531122701368572,-0.36302058446702284,-0.873774977686093,-0.3255737944552961,-0.25869905084328126
0.099464807095111,-1.0443802014756778,-0.7445101865682944,-0.2764725070123837,-0.10795252509555221
-0.40590693661501714,-0.2761245073772191,-0.5016175345353531,-0.24932135648460485,0.21577073340592567
0.029985096861797247,0.5594861514448531,-0.1307425309116017,-0.38095015655515885,0.1065306603049222
-0.0461646125019009,0.8222638527970483,-0.18600444942605812,0.08581874309183823,-0.14152672826958604
0.04411930279132077,0.5575301112981026,0.6020592932691874,0.7864504440380362,-0.06446625618797354
-0.25105521939311504,0.12869596645803655,0.3633198008845139,0.8352591163929817,0.01508301088688142
-0.2886176625227829,0.026202691807849898,0.37117720777781993,0.36425140903761444,0.02802179848878157
-0.09834679929866189,0.025633568891424124,0.20407749747734844,0.7986592684242524,0.12733240715275843
-0.2548676356127858,0.15790639256622452,-0.5723946520579208,-0.3827190728493288,-0.027330527609417732
-0.27183632623478393,0.047614565556154564,-0.3759876478176133,-0.4834978983570489,-0.3196511433804181
-0.11999716411264794,-0.47127726448287655,-0.7739640418559918,-0.8096235610408944,0.1484143525408778
-0.0763296102808873,-0.6654092092948217,-0.764114404336977,0.3176724566854381,0.24920543321676697
-0.10130895609294557,-0.18737899186594803,-0.17339408238088191,-0.09127852964274105,0.20718912067567213
-0.1256137693228711,-0.14609356739544122,0.20601787987041278,-0.30239334061886164,-0.29984003242777213
-0.054269510070405584,0.4725840378922744,0.6012971678709891,0.08108708195298844,-0.027911568808949887
0.18266196475788227,0.5459365567360785,0.5417804559529908,0.8657460111337723,-0.11523450559189433
-0.024391078680703827,0.3874287634824366,0.3351234023078372,0.5250497659275777,0.08157298441898157
-0.07339524972159504,-0.14543632623313055,0.5368402444082134,0.5473368213933935,-0.01229070509455237
-0.20774246756867837,0.13067462008051772,-0.1709596856376464,-0.02013968025209492,0.10088100809320015
0.24831023893428777,0.2293515290755898,-0.6273340312870338,-0.7248204618770104,0.3083213206597992
0.10038412250121798,-0.3329460769802638,-0.8636677242539351,-0.502077412620292,0.004237733491879344
0.04730251216087289,-0.5676365805934059,-0.2870472264924335,-0.3274146279788633,-0.5086657213879315
-0.18110647415539866,-0.5450285762387642,-0.18453173965189115,0.1981504716084748,0.13917048846357596
0.32816011441472637,-0.28716693236137597,-0.04385651401185543,0.3400116512014406,-0.021800321994481103
-0.04737748812672015,0.5689457961697458,0.43396702444867385,0.395368341599192,-0.005331939112559303
0.06335458958349835,1.106767029019295,0.6726517900893125,-0.5310317565380549,-0.035605625347908676
-0.21774649994637973,0.12357790275164285,0.6374120641419677,0.1004018209349894,0.3836745648588736
0.30016279164712395,-0.2262749545198538,0.2811380036858182,0.6748003549918486,-0.011887000174939238
0.3391203595855036,-0.2695873106309276,-0.210387738798556,0.27189615535866907,-0.04219250412698988
-0.38624610099250356,-0.27395954085752405,-0.4572987480465129,-0.2901252145175862,0.1313636425960977
-0.08559700116687018,0.27027103362107924,0.022309414588710885,-0.6121891746262166,0.013402612415953395
-0.037032500044879076,0.008348575118854562,-0.46558408537658813,-0.6534452608298538,-0.3968151540877617
0.20905657295294008,-0.07133809663539607,-0.07267206125226613,-0.31988369560473634,-0.020093891122571653
-0.2649318941152555,0.2217563186816336,0.3315243051815747,0.1856685132273873,-0.14638738874927826
0.1807558110916746,0.4985542579662159,0.5208597153103702,0.37922597467725894,0.1532509737678133
-0.028908280671125903,0.280403923019589,0.28009500453624203,0.3061711820806177,-0.05138309162649563
-0.09173965915180476,0.8183999936618187,0.33308120759273113,-0.21751663419263179,0.008595237642145473
0.10582536625466472,4.776036475201417e-05,0.3640061558219291,0.0726085594003161,-0.43005451468162903
-0.17926974036124874,-0.4328553730854316,-0.235890159028017,-0.07793846383337516,-0.285138690662729
-0.027392354028967683,-0.6763207504194028,-0.5118703257331776,0.08328040231493355,-0.07299700620092094
-0.0362754130605374,-0.3035974041129592,-0.26884762545812535,-0.7327092931321366,0.08343123822693799
0.55101070386153,0.12934611914658348,-0.9116899807957994,-0.731285765601232,-0.18401473200645296
-0.20043103968264275,-0.05987859019583552,-0.3886463532754385,-0.1263615724306035,0.27767287397392143
0.020319479066539647,-0.09404263989494817,0.0689178425280696,0.05811585241591402,0.12334415619085709
-0.22805533283477677,0.017367825273003963,0.4960989873474754,0.6578725187145822,-0.2545335279900991
0.24954271688024268,0.26993191421552293,0.6067178080938916,0.8553335777560427,0.33361420405282527
-0.26553600767033225,0.5737275423024925,0.3798444140651761,-0.18836945756644713,0.29347248792090797
0.2010108820861067,0.17761259699299778,0.23024371584460784,-0.5215641542930218,-0.23776065006092342
-0.08326762433682892,-0.052162784469799314,-0.01945753489497802,-0.21086767214568514,0.17393195791453467
-0.3843195188648075,-0.6931428703301009,-0.6916420171375922,-0.38681618110444577,-0.0008317188666681803
-0.015252598625993777,-0.8060304519973754,-0.7986815605594115,-0.3354044442851165,-0.19969283878405308
0.22873380238294547,-0.4717338115822518,-0.5812099512788176,-0.8959749289236307,0.11907082831310394
-0.029618096786866503,-0.04442658590429918,-0.4618749088949601,-0.8829305591271484,-0.25438336938890227
0.026962987368110137,0.02010404535487631,0.1404881883846789,0.3603358536123776,-0.3231330539346981
0.1686951886664161,-0.08504819194298424,0.2562246003374055,0.5044544939107026,-0.1924315688143115
-0.05689788126472237,0.12770805668542262,0.7607974163929964,0.6486633956685043,-0.2899286394927502
0.4548055056005516,0.2892680150493192,0.5016415409737047,0.48121344161865787,0.17435354049307608
-0.055748860589506795,0.5164898845539097,-0.030888133219939884,0.09742449435455816,-0.19044448755242824
0.10181409845029692,0.12942371656103704,-0.29081646687420876,-0.058177542974469684,-0.06318700656634815
-0.19752982969111213,-0.24923058525863478,-0.3144862257905715,-0.3341140869615784,-0.32293082668163
0.16220961716647134,-0.7564697948600776,-0.17777475803672965,-0.2022993118183297,0.014149046631801096
0.004870574163880344,-0.5467454110356447,-0.9596362200748327,0.3691378857495023,-0.1427900024142544
0.1369574233210226,-0.03995488645924672,-0.7977695126095552,-0.2997038973408852,-0.09096955873653748
0.1705561103308028,0.201700901915674,-0.1992790420296782,-0.37368874331918117,-0.2496481095680259
0.41009035917263376,0.2396344937850623,0.08997331117266122,0.22042864042255583,0.1276126551984653
-0.28514661066386937,0.3887711740533875,0.40035182519269397,0.25499577873505297,-0.1553108620754599
0.06980350452826807,0.3468047224857604,0.41589263927632897,0.35613929549312523,0.22569069248045598
-0.49479883476012604,-0.04345544741374979,0.6252649182147405,0.557777337273798,-0.2931621052711662
-0.17322855282755104,0.18896496556312625,0.1668133637899362,0.01808085887006608,0.3483498958601888
-0.22114185514191662,0.227124151846045,-0.14846134059209848,0.07214004696607995,0.17636765976738078
0.2833111936750004,0.09731754534430531,-0.622118526347773,-0.19340055701613396,0.09740222612768698
-0.1577993688990073,-0.6271180746661252,-0.7117364712641421,-0.22731663605866329,0.5287534504122389
0.06169343054055551,-0.5328703053570254,-0.5901696351571589,-0.34304419013198784,0.3405222806907179
0.1306695052760373,-0.6044826030829012,-0.06737378132750893,-0.16642715577533185,0.06667777072390767
0.27755663368084277,0.5383527575184996,-0.2743154750562429,-0.10544472081596015,0.06456854390512727
0.15022488701373485,0.6906629533456176,0.37789860331834874,0.18348154492020324,-0.09312795632509413
0.14937134404214486,0.39877652093282745,0.5828205696937063,0.5194712226300697,0.029380827219843076
-0.31957526699523214,0.2704547398446654,0.6770177833685622,0.21589736725079584,-0.13007378325345628
0.016937177253945897,0.46053011998859095,0.0057515096987708625,0.8387955613885223,-0.4914587594965738
-0.5123944098105895,-0.02189322016676365,0.13892846581743,-0.06229346262600044,0.6424338038639583
0.16048432471857543,0.07019483823181773,-0.008479864680390137,-0.5682669437775126,0.22225284377123883
0.323576907960991,-0.5180181063930704,0.09325882992212503,-0.7647801102982452,-0.3233433065084902
-0.015868296839124534,-0.23272283845249261,-0.25126525196635735,-0.002411910201982004,-0.3826052609663813
0.039353936776312624,-0.6554342538690413,-0.5612157402781648,0.10368491489495826,0.1531084050057212
0.24474721154284546,-0.2582110957624585,0.07527215434778337,0.2675774240984283,-0.11104820288192631
0.010771545978409484,0.5322538447720413,0.6787269812260034,0.33819120476222136,0.4380129689098954
0.004037339512472943,0.7008745300737331,0.26788638492158096,0.0031742279628363124,-0.06986543110865977
0.188317662734527,0.16050510279968222,0.3785337470001367,0.4213538658332337,-0.029927480724250558
-0.2795218663051586,-0.08571153558693403,0.22781994642689554,0.6013881321490491,0.023753683257167334
0.3894086833371529,-0.359886186586752,-0.05583223689702552,0.11326661154955037,-0.07074380119126665
-0.3158042211409206,-0.591108191290828,0.13430515643347324,-0.031121536173077863,0.21193364925550012
-0.25323494535825636,0.21717569619279634,-0.4012524505824482,-0.7445498908554015,0.6322004844213026
0.03831119013814854,-0.3133767120575056,-0.45873685458432867,-0.32586941776082223,0.28946845499166407
-0.018025545137874386,-0.5047377339196328,-0.2282919022201151,-0.4273490229362694,0.06847397003614217
0.07827250054114597,-0.4641992078966839,0.0741787852433305,-0.03143184156083759,-0.01679059803782359
0.487473098490635,-0.014502636015938713,0.3027215646726559,0.447683262895565,-0.021499485196508385
0.013318220947477732,0.2719419723095247,0.2381370826647648,0.11792676724595266,0.0056790297230921655
0.26430248130069006,0.5061766008744407,0.6774334043492118,-0.11598925214192544,-0.12262305580729686
0.1942775083059007,0.5326502709859726,0.2769225148892165,-0.06629612631701715,0.25551119300965913
0.6239634575412935,0.017491610883420106,-0.15240625374445718,0.1133348002756961,0.050348145252006364
0.15582495554952697,-0.2697033193481704,-0.37828775473156095,0.5821533894126347,-0.03085323712573241
0.36594270531745887,-0.48670340339800255,-0.7251187906958219,-0.12268492993221145,-0.26143727053385996
0.038401627875191316,-0.10146316101372622,-0.0024367703429390986,-0.83802092747608,0.13594329686872667
-0.17302908102841813,-0.15470906528433562,-0.13652517069506076,-0.41279100460810664,0.4109854250866118
-0.07598796067545323,0.07368723800248017,0.12701928312049868,-0.0020605783934749544,-0.3708389085409613
0.5082410138351596,-0.03929411385289683,0.5757219503645856,0.416176127233127,-0.1703437203155589
0.07674398518471034,0.11473874657024957,0.762358207194439,-0.1428536514163546,-0.4003866384715298
0.11755929402201094,0.8551271259118028,0.04202060925918405,-0.056034870573933804,-0.10168276306508409
-0.13020215423006481,0.47288326906484635,0.5763973662686409,0.17629908210262646,0.07549929447222094
-0.5707519864476043,0.03536027455244467,-0.3756597417366906,0.013040732359282776,0.12094055341698703
-0.11823046241211416,-0.57683488572852,-0.14918791545424412,-0.17376364655130144,-0.1163313516677443
0.06956321610902404,-0.6252396821221576,-0.586584475975315,-0.06375611862400332,-0.2925588144217927
0.01540775813387234,-0.5032623716912877,-0.29014196278859705,-0.5845870454060704,-0.09756842975867557
0.08392506240295554,-0.27820054939715855,-0.9787434264567109,-0.8306253372253298,-0.16950699961003263
0.030930663379070442,0.16595782594130365,-0.17116313145534573,-0.5933935110460378,0.33025357813101397
0.10608393507833488,0.03919979749005715,0.11611235619839227,0.7367162069636679,-0.13730553140406793
0.4135683651272351,0.20191540735883,0.7933857128799526,0.6180101637307001,0.2697448554066509
-0.11633431311829513,-0.03891133123637208,0.7246993121756822,0.8756932591316438,-0.13832130145525406
0.07088502672368584,0.4945138940293712,0.7358119499224737,0.26655200643114413,-0.03043867533127255
0.017789115978887823,0.3784422689193082,0.5236866141864872,-0.2540459660831406,0.35537015541151273
-0.008193908088132964,-0.15787976641100337,-0.01196533617965926,0.018689214750220395,-0.33006567886402904
-0.1550978181346665,-0.24300269435778266,-0.41102552736857223,-0.2588969563335912,0.016340371482781207
-0.39969558167047753,-0.7019930133124332,-0.41847845093238356,0.06038651007120083,0.11476804351846677
-0.02710758557951028,-0.6315019762857619,-1.004439223821512,-0.10357747855529276,0.25672880998419734
0.15297839935885696,-0.09277843879599351,-0.45407180589888085,-0.008833390998801871,-0.005347554326444246
-0.14912328512298978,-0.08541104903209396,-0.632654323533002,-0.13977447193887083,0.06236288248991551
0.16238467025763043,0.32250768181065503,0.20321146341396815,0.47370381736862294,0.01981143099975465
0.08876022952922176,0.5519511346895062,1.048077213372967,1.0070678517118883,-0.06962881157325079
0.23080229208556002,0.013795020014418319,0.7683313313363248,0.5263259083334557,-0.3081266697454044
0.08316082571982843,0.1760469051735362,0.34654512200690446,0.5994055591987777,-0.05838049902990073
-0.24386431056899874,0.30145711530359776,-0.09389499628715578,0.518764480700528,0.09119680165305565
-0.16013987972606505,-0.36909247823623637,-0.7078211161778207,-0.11970614972198884,0.16489271290335952
-0.4990783862795258,-0.6552255168195973,-0.8258550760412076,-0.174980257968132,-0.12961936727625717
-0.040149236558481315,-0.7724829065746331,-0.591127839233188,-0.34476408019495886,0.23329521058967015
0.03995332875859823,-0.2137053994019104,-0.9256336981706009,-0.24642891762732289,0.19311191139085296
-0.15682901200082974,-0.28665472158291294,-0.481748122966379,-0.19704523753077224,0.12154117655878642
-0.039661946569220716,0.5139495098013311,-0.07244390810779539,-0.22826422192055318,0.041496228499026185
0.2820101698290868,0.678140726672026,0.6517679359087768,0.20139246372844127,-0.11577895300718387
-0.0292023572341365,0.43275769753678217,0.5942486799298783,0.6699595570790426,0.15836531515433103
-0.0393383190194347,0.43283394113215445,0.7552305468531795,0.553053248542233,0.05845877665920954
-0.21304292224431678,-0.06870496763201564,0.24679734279894106,-0.0017171965748823126,-0.06221739600423508
0.17589593571825865,0.13265580580877623,0.0774856717392968,-0.49009561904575016,-0.31388630633459685
-0.08813098355515543,-0.12344742734496238,-0.1218258101419375,-0.7073443943959924,0.1043451732323029
0.1345326101129091,-0.6952823815906355,-0.9402306494156204,-0.45965189249830274,-0.16195466695305671
-0.526363765834127,-0.22050284716085955,-0.9074437543714926,-0.10547171674175847,-0.06876925116502293
-0.11267844669332955,0.026557666266938784,-0.1498307905099006,-0.1304804266895998,0.39994431561379773
0.15601977324176158,0.04364039448080374,0.43847694888198374,0.4702743469094247,-0.21680250054241365
0.10320187070057668,1.3529382162545724,0.009316987254702591,-0.2129151445930174,-0.19753455558608204
0.1473889818939678,0.7235768621475763,0.6195116770692143,0.061840347555448566,0.45122089232315743
0.029087885132217703,0.05019737804408773,0.5570757599794642,0.23908477521617894,-0.24111405245934503
0.37682402119044756,0.012363041242209383,0.335645497482973,0.10209251467789648,0.057627743356471285
-0.28066709767970804,-0.433677195021639,-0.6704816562206017,-0.0714610078092342,0.22214727040937157
0.3116364943787026,0.17813656790770413,-0.4946739645647262,-0.5869336395043812,-0.11532335763456361
-0.21886253115398746,-0.46059224504569196,-0.26912578603399634,-0.9608302260940944,0.38850218103226347
0.09848517395463073,0.15315002012184448,-0.5064506266612522,-0.3738334996795383,0.37307047243371694
0.046376903022664145,-0.3378878563363575,-0.09188423502215695,0.23663924463864752,-0.501646696295099
0.13390173982978423,-0.013461733144389795,0.11178342220888028,0.09713488203434051,0.17083301600535675
0.0474289585317135,0.25793293972666503,0.2598178867623394,0.2802098775516155,-0.11856915917728142
-0.07817576723272258,0.5983116549950012,0.43372802111121833,-0.02257212057772372,-0.013773598384162901
-0.14821715504727592,0.3862790021628747,0.524806920392599,0.09781541712402281,-0.15894220866894668
0.0526876203947386,-0.22762815676630613,-0.1370866497324788,0.00516147419343721,0.006435741009755461
-0.32101258114174414,-0.5949123483147584,0.051856329102058715,0.19005494317758187,-0.09829810715034314
0.0808763177181178,-0.48390855064728805,-0.16404640169789098,-0.010676879233957104,0.21182097621029294
0.1943425803313533,-0.2633433679938362,-0.12594085273687622,-0.5224819953191393,-0.39933027380508074
0.14001506307678116,0.19519320540196847,-0.9543514507412334,-0.30267795910509104,0.12138006809005415
-0.35931332320850806,-0.5212925887865341,-0.5672092907126424,0.02122686713470001,0.09577457434724179
-0.33117018943723614,-0.4147771593233134,0.11020143107448542,0.3550880578199903,-0.053971708388674745
0.10034264946844265,0.13585805300972953,0.15267672384156672,-0.2374111955751802,-0.09846005165180335
0.17974013174651454,0.7590835947366348,0.6187722487616324,0.5220891419851189,-0.012987175796252463
0.003954503838308878,0.633248700016673,0.3518634603811327,0.023934798731942097,-0.16796176087724077
0.26933873539948033,0.2115485335782414,0.6226574936931245,0.08732708111635251,0.06823138299386991
-0.010357342712087528,-0.08957327193610201,0.14205855627536915,-0.1294230825432195,0.1339381423500796
-0.09770195295013534,-0.529642846727,-0.17009438914968683,-0.31138958043442666,0.08207822489479483
-0.12664206320386978,-0.762533285082501,-0.49088452798067206,-0.09410738229063331,0.29362304007139306
0.3799719015482178,-0.4308110405057777,-0.7090712611325845,-0.3989847907352248,-0.20703570419362902
-0.21337719067738423,-0.15536411179978196,-0.5411326212242935,-0.30267246516740137,0.002501405427502957
-0.2159039622029028,0.5692030162321601,0.2871330106009345,0.04618811154458066,0.2775586702364028
0.1543257796897235,0.21411717534232133,0.7308275212785422,0.8407561027093424,-0.14060342684974872
0.015427964270414683,-0.07071424902305451,0.6070623643517884,0.6597539730796085,-0.04764059426660738
0.21375639220255008,0.577115313770645,0.3289613323750643,0.08609959944417711,-0.042934244483698175
-0.09987284141935517,0.9682606525883812,0.481948637378892,-0.22849752650772454,0.15033802378792477
0.08132966989161078,0.24161641538213946,-0.04742773503199196,-0.32165601689328305,-0.5225556213366565
0.46477278780429504,-0.4002031948871761,-0.45799484477132124,-0.07291519769798986,0.19245234477211678
-0.0590172520208452,-0.8042032861663276,-0.7725903143660527,0.07823032406632391,-0.2027633985218726
-0.24100872880354926,-0.8433646603263922,-0.7067658224746658,-0.33255863038013805,0.12586643804372755
-0.19933213409751327,-0.3823565950682225,-0.47863023721753983,-0.3702270908986713,-0.025672235816544688
0.00027488379598142613,0.6347167021529894,0.09987782821991777,-0.6195669906564093,-0.24080433935150583
-0.12174758606502649,0.24316024044414472,0.4307701528202374,0.5125775576466084,-0.10477786647434617
0.024830624753374733,0.3882947860241744,0.680951484541953,0.6212224156673308,0.06041416897070093
0.06065797191780667,0.2846374983884903,0.265872525941326,0.5681759162466292,-0.16855466571089786
0.24754761940676664,0.6157612802119643,0.1932109516263601,0.5701164829772982,-0.4709496199038936
0.04598068713330896,0.2078790014159157,0.42319776414619004,-0.18425755853090034,0.14799259487451255
-0.07181274337187532,-0.13449644205573996,-0.06378406533430205,-0.2429166786734752,-0.2616484021750567
0.03404320183810641,-0.31176592547898274,-0.9505868223155768,-0.5417434465586766,-0.09058551496014201
-0.16043725385072827,-0.35775786729788744,-0.6807915978320258,-0.21351331121291514,-0.2503381620978132
0.18777242677843264,-0.7514414973960105,-0.5452013408915617,-0.0343339188002994,-0.00019667403586304122
0.22228729662595526,-0.620459602140371,0.203871500103168,-0.6490565667290238,0.04913504192116742
0.27191948443496,0.206744529391305,0.022575784111942068,-0.05666942316810304,-0.1434006238533226
0.3338018100535005,0.6701573564020462,0.546433130658636,0.5131464685553386,0.08138090350355576
0.16128983455211812,0.4175216193659323,1.1876433406816678,0.32383012847206527,-0.003341006321232759
0.4416712595185856,0.08598326551718925,0.6414483330617863,0.6274520353383206,0.034969768496820264
0.22362880922006192,0.5290375309040356,0.1859773698690458,0.1009758835525866,-0.36533976358515013
0.2714010375154734,0.1251843282477093,-0.5270550151095809,0.22331010401623205,0.15411502953121078
0.5677491255450894,0.0479919362226512,-0.7668759848701746,-0.7635147777360125,-0.04396619172182868
0.33449287407273426,-0.5322611211176653,-0.64118604663454,-0.7191900682300502,-0.0021985060863099013
-0.07654387033513081,-0.37185032271566626,-0.42288001157066846,-0.21227296469923163,0.5252954320948924
-0.130792454672594,-0.3452212392273269,-0.2657653105694229,-0.11809551812561558,-0.168516998824817
0.06193547104271465,0.04492244677921121,0.03772165798464767,-0.0765933956937188,-0.10694306991188605
0.1939797133078594,0.49082479522707134,0.7069350465098271,0.2136016487691319,0.06991474984631879
0.015422301683807812,0.07114317412995441,0.6617667970707194,0.3972354661874872,0.0030056329056861193
0.4471227705307657,0.2648637346750816,0.3656021923379267,0.7040768031153939,-0.3046729662912902
0.39600279787910636,-0.04166366528946834,0.7735596446270734,0.6811805094510415,-0.02815432748634299
-0.21373492409214956,-0.38290037408799416,-0.037975700685805566,-0.10765646389659866,0.40892883336315416
0.08782198748460919,-0.41545018371511777,-0.029814111936267623,-0.3772840880975617,-0.0034110418798587454
-0.007032445256279131,0.020348232419089257,-0.49607748147092884,-0.5080142969967321,0.25118976457925013
0.3661020926397915,-0.6793357900669738,-0.876639667764068,-0.8963073454440755,-0.08706788365889509
-0.07649346651259922,-0.6386683069962734,-0.35948469138241024,0.056624252994147944,0.12144778378376309
0.11207794767528648,-0.7475512447532823,0.23347498221046256,-0.04964883617748517,-0.25376433597811615
-0.33672554304455926,0.40079355489792556,0.33281605052129815,-0.2017535865556424,-0.27995732200972023
-0.2783006173877022,0.551813845522422,0.5117520175226806,0.13581632090805967,-0.1641341380178515
0.3426495941051249,0.7490989316666373,0.5213140826485709,0.08864320756781037,0.25682535074447665
0.084385251525849,0.07831245755295081,0.7276546456519668,0.6191223378642565,-0.08609579542629164
0.129571544362478,-0.43230010697989774,-0.064620719884407,0.13524749185924023,0.2577321584866045
-0.10710493841008971,-0.354127631917918,-0.40531729296180774,-0.06032572396166525,0.3603301116087898
0.18293895298998317,0.08308599521247215,-0.8684011013273465,-1.0289037179424732,0.0891895388291018
-0.04787380006748467,0.06588334247939986,-0.07900080325555131,-0.8682993059371196,-0.3758929521448165
0.1201108169227328,-0.7338158217118324,-0.43836545062272547,-0.30038932485560144,0.08182449592997552
0.5165607257551279,0.014788082010505021,-0.4881627736799625,0.29206911049301454,-0.03358388366697028
-0.23549665293629002,0.27363711298628846,0.42070073027673194,0.30246005380671814,-0.24149702217061764
0.2872400763921022,0.5126301385094055,0.6977144094815566,0.37521031798766813,-0.07292390767113086
0.4524636745460521,0.31389318073821326,0.6809110651535308,0.2699615981582171,-0.1919568775740708
-0.38107913932498133,0.31915767886373986,0.7257525880580118,0.42733747214010875,-0.0577316417366134
-0.020493158961460464,-0.05585110253086569,0.24594571486248593,0.08284274111886751,-0.4370539653059313
-0.5227215111691569,-0.8805038797940041,-0.2502304816319796,0.0008420209542315121,-0.29717009868522354
-0.05422530322664064,-0.7154742890702334,-0.3045603564961389,-0.015502867882263793,0.26321909020600615
-0.05451620525125974,-0.3307287274056413,-0.6022342489175709,-0.30129809858488465,0.08229312072520717
0.1416185786454013,-0.14661550580850613,-0.5386340592560579,-0.4709820203248418,0.09314090658311112
0.0646497927617442,0.044025147159733484,-0.10522431232853882,-0.01997110341556032,0.16611138909116827
-0.41004899487375274,-0.09831690920133691,-0.02537700634549933,0.598414283509237,0.12087890476889529
0.10764892245739688,-0.04091995878527099,0.5333800869511229,0.8475984499818681,0.3394824158647127
-0.379097671880446,0.45514230405654854,0.6537682008819213,1.1966934567380165,-0.2232574637715803
0.08362914948337732,0.6095949563969209,0.30174194155363276,0.10261792630228501,-0.11584763962070814
-0.010615869059929192,0.1336208493044805,0.514335722510493,0.07948563156684116,0.39085789124764897
0.6075866070199925,-0.5484048413040059,0.025373428655353664,-0.02242220072867457,0.09689252168313611
-0.07689657145940551,-0.9310522773432897,-0.5989380056353023,0.22066549103559133,-0.1506451904464103
0.08276464229812625,-1.0356409754080846,-1.0386490976309206,-0.22773374777140132,0.252793343517019
0.20096754208228843,-0.7004563556029545,-0.41287912756333667,-0.9862649425754638,0.2307321122707223
0.09589652998918123,-0.2901396061297601,-0.06796224477943454,-0.23089935082552376,-0.4245768249728126
0.06688696111441683,0.21987452507129618,0.2597301864716468,0.6236365647883484,-0.2751482614028976
0.04540022857392262,0.43920357726667136,0.6776184247293789,0.6050032745654625,-0.09125565080144322
-0.18720350049744652,-0.05438466048605001,0.7915631233308463,0.9687355738182118,-0.2777627865147145
0.08249392671713772,0.13832482369336827,0.41106340224475324,0.498721231452785,-0.3766206782618628
0.06686549577468523,0.2656759394691104,0.11404557010752336,-0.3233967574854925,-0.02676619083815699
0.10411741012707028,0.4124984035105283,0.3993139493193674,-0.18570773580822564,0.16498964438437982
0.4635895818933294,-0.5853299822802764,-0.5761519437699512,-0.6616195534433127,0.031960606945390095
0.031167742659106896,-0.4988043264947538,-0.7697203240661527,-0.12844920938365403,-0.21836317551196813
0.06526578050728911,-0.6166413752975293,-0.906842291840853,-0.40534824614078935,-0.16320025153834888
-0.21941172441676932,-0.18833529900282397,-0.8032168303816939,0.29533481908803666,-0.05616548060234222
0.3128548266451829,0.43264587696656054,-0.18696113729551633,-0.2622939559352279,-0.014247371739456838
0.01389584992758384,0.7878622561631321,0.718329802501317,0.33458159818732464,-0.16700540869563466
-0.12941216637803815,0.6031914427029018,0.9657877205290583,0.40037033627002416,-0.6390675427959179
0.08235363043253502,0.25733156906070553,0.7107274199227162,0.8248415755312165,0.07814680728878012
0.5412443354298129,0.19700481023274521,0.3455676373141302,0.8224802835274517,0.4353316354865377
-0.17575438443084498,-0.0045926381245182946,-0.15524877485694405,0.0020986210663805037,0.031210685001047546
-0.09918354461841321,-0.07673069381073803,-0.7159295120106343,-0.6268249594038264,0.11784681337492534
-0.017150276715297876,-0.1305959991762851,-0.7863152167647354,-0.3881816560729386,-0.06263312679335375
0.13975948269013028,-0.34878133754180946,-0.7243692698262069,-0.45104088045080315,-0.3752013398539191
0.04111820499858767,-0.9685359386733938,-0.8431754830395115,-0.26549797103171907,0.06260232097865606
0.3807921507934741,-0.049333320618365956,-0.15590775132008156,-0.04221641102924811,-0.17324292746051873
0.3430605582077271,0.6270052181549589,-0.021634432985620067,-0.14824053946273327,-0.14520422717768813
-0.032989912796548886,0.5044868282652271,0.3737981850598776,0.5863011397484241,-0.006331954156003429
0.13062501923693995,0.6995289250739314,0.7781880406583528,0.20835501297395426,-0.26689873050659546
-0.3244953533597955,-0.24807157529663307,0.3211933030464959,0.4020348344287201,0.08358377803615161
-0.017553608587483973,0.14021292371206806,-0.13155252374215606,0.11382986845335621,-0.3823714010444088
0.13520879613560882,-0.15490150173105532,-0.5565553703138928,0.16360639608018934,0.5708347848903431
0.15213838579975902,-0.33367660915507086,-0.09394340173939492,-0.7147625765103529,-0.1797788718917535
-0.5857194868202985,-0.2394135656860837,-0.7053704942801735,-0.4513023324454606,0.09757803202599634
-0.13920867730198752,-0.805640934372666,-0.6437662621955695,-0.39070969453829896,0.39098910255393143
0.21574973282387114,-0.413393617400784,-0.68181654037477,0.1323800154044742,0.28596108789406677
-0.24143584443441765,-0.2789463172896448,0.2646691139130476,0.5637632150765434,0.14798696956221913
0.31194924205277663,0.4285735803403139,0.6113365781331204,0.3347021753612035,0.2379018309704864
0.06351072576875155,0.9115736847262894,0.01935135803802779,-0.12381665727503555,-0.0819718249721751
-0.3093642989189737,0.4173054944794404,0.44070396404156215,0.23920949682651207,-0.08105253761210324
-0.16038696732546368,-0.22572813550809231,0.47162306068146786,0.5317848882188762,0.22425809179153033
0.03658765265767347,-0.5455200030131362,-0.3680157258833274,0.32564038761265834,-0.3537493766529177
-0.421387629732432,-0.17615366582845118,-0.3344529326805411,-0.790327557010555,-0.38220552178217937
-0.48756663426624447,-0.0786427133385289,-0.406312848789107,-0.7754166676658368,-0.008443905296639395
0.06404002346799695,-0.12450672078801897,-0.5243119320990394,-0.44148062313384395,-0.013172758498964468
0.2790883997103689,-0.24415526268367263,-0.39095305801416663,-0.18499862625559363,0.10340771444880183
0.1255762799564831,-0.29043280783586617,0.18578059564644273,0.26525561628253747,-0.08722425873801921
-0.3496581500159936,0.03222238207172495,0.5045146804768801,0.6549231170754544,-0.04001324410506475
-0.06915422446958798,0.883539922397205,0.5726756453401256,0.4528224174689628,-0.10157782568179355
-0.296933723873179,0.4061931807415987,0.18185346469881594,-0.5519336444216539,-0.0492807520558437
-0.10607562882475462,0.1347518872966033,-0.151156116362756,-0.24626020495431847,0.03043069447446858
0.34054731024733476,-0.17528130908791906,0.06483960829551003,0.058213312152551114,0.3129823609227742
0.3538055196253957,-0.5143563925098045,-0.5375727923966447,0.10880915927631532,0.05952730273176922
0.25490770802794743,-0.29008941402868355,-1.1577655553368773,-0.8714246754885542,0.7017866921896537
0.09225111435427265,0.3203640262117903,-0.2505577088542468,-0.49077065681072707,0.012902926496426643
-0.10650755540596155,-0.7532507608931511,-0.006758887320313156,-0.06488335022901617,-0.2037124758013917
0.23802065618013055,-0.35638673405537424,0.49554843975712015,0.39030657382437606,-0.027168447213872262
-0.16966430036997865,-0.08203530302407977,0.5497330485834708,0.32618953653481003,0.2827991291095135
0.07441302460439625,0.665892292504642,1.0954339708392236,0.6973100034631147,-0.3022791851466507
-0.04728968093207834,0.44279832842984457,0.5225454653932047,0.06975096626614617,-0.03848687581023375
0.25589810403026686,0.236887598881623,0.2473157999067043,0.7683380908518346,-0.004679273233202259
-0.016522527854553562,0.33622265387654715,-0.4299263241534379,0.2105929657869416,-0.2778313329392502
-0.15845697662774427,-0.6361237366758954,-0.47260061136258946,0.0739132897747955,-0.33403040160581077
0.04399423401650485,-0.7871970059781661,-0.8038986332378373,-0.4841516933117385,0.2081542801125856
-0.12205980422705918,-0.8420231227187935,-0.3719981866460955,-0.4124005453266634,-0.25571937005362805
0.18460162105571878,0.06849445216779904,-0.47742327958101777,-0.5323770857059743,-0.08364090629335057
-0.09189748718296013,0.2745174950417455,-0.4361755251254137,0.13658601389848027,0.09112659911898639
-0.014600570565363501,0.33365794044965963,0.1214084408349887,0.4621964014585197,0.18633320784335294
0.15204805315887399,0.20574836789483536,0.6514394013158153,0.5003166870668204,0.5408094657647341
0.060409154061704266,0.4671598658859204,0.2666731491303935,0.8411796306388603,0.021316047557798055
-0.12383104697061607,0.5105948729897682,0.3133457613080954,0.2925589962745382,-0.2178071602296214
-0.5083445403787187,0.16041384391932975,-0.029485368499164777,0.060799861091906576,-0.10584627396978323
0.11110068475519698,-0.05593901999883549,-0.26769420949784484,-0.027081780329446803,0.15395215560698122
-0.11797758979132023,-0.4124074988391913,-0.540038577315029,-0.42206880170813965,-0.06738055181185744
-0.02794129499064563,-0.7147835231459916,-0.5548761936257127,0.0937506565283257,0.4319839186401536
-0.17141102576004033,-0.3245604550113299,-0.8167851841480702,-0.14739140836373882,0.3019858204370917
-0.05518890728319917,0.3530948845001851,-0.21216760728699868,-0.51661053755847,0.041515291276906015
0.026882023275810265,0.48845579344682083,0.4832277655092668,0.201718230763925,-0.4818793220872739
-0.3902054031329499,0.42642373075225676,0.4501453855728897,0.6515522248033658,0.19328562028584398
-0.23095954789332393,-0.023797340111463117,0.9194794023462783,0.7285749425092316,0.37576693431289476
0.14396330414015232,0.32167133729877934,1.0913702013609934,0.08195020920327578,0.20730014760457227
-0.06982759981885135,0.21411262853893023,0.15999254434792964,-0.1656244387038091,0.25148355900675895
0.20270529994097405,0.16709216528449544,-0.505777056555831,-0.16799864483589955,0.23612869489113253
0.3272206728369504,-0.21968712127857426,-0.778298260530512,-0.6060643328253933,-0.18177361150890023
0.04141687982442814,-0.6403503362739974,-0.9004533220149109,-0.6725467621992897,0.11264278990602218
-0.13544250620909354,-0.607262513049729,-0.8543696831654133,-0.027480741495026995,-0.10461595745208042
0.3000592035723584,-0.19553697090572508,-0.4161708867946678,0.006229943756932699,0.058143682465413786
-0.0832979463830719,0.20715225192302,0.13508321068274792,-0.05197564930980839,0.3416399631404103
0.09481959244135083,0.5739850571597769,0.5606291722404865,0.3820930619557451,0.00017807665929488474
0.21305929862387496,0.1845478784578676,1.195583173315652,0.3885706832556626,0.035620563927907564
-0.05409874058129253,0.4381083581965154,0.6801886592669709,0.8343357012661543,-0.21578376531318635
0.07489748585766996,0.0327447889229541,-0.01935008681696404,0.8033048995847826,0.08918737146788436
-0.093832828160192,-0.06399558839037497,-0.18375799532367265,0.2611273935907893,0.2206627015600636
-0.3740700468276209,-0.25572212985133724,0.017177976168854553,-0.5027265083806153,0.27912325255672055
-0.275216626419526,-0.412322392736466,-0.6689300133689593,-0.2821008766580136,-0.2608629279440962
-0.023083837955982754,-0.5439219401981944,-0.7774169411906611,-0.3442415948047456,-0.02582314899227986
0.12378569189160067,-0.8347541130159107,-0.6479428280266329,0.06427921914484669,0.1409002425025545
-0.03756719646692721,-0.18024341769441252,0.30799586941946794,-0.10033936813589601,0.3346004938909987
-0.3068382881699585,0.29208515168595406,0.27290614207471203,-0.11567586770097797,-0.10195106299363943
-0.2026316187485579,0.9500303002443364,1.0344909506595747,0.3323150247196496,0.19739084106326177
-0.36506256781049035,0.5994444457175016,0.9195155844449003,0.5472658178417525,-0.36056120286726906
0.051579210748479064,0.048188206231443986,0.5541495624252024,0.3282460971728218,-0.06499741666442617
0.10556858753657938,-0.33110041135046264,0.01406429927580935,-0.13944671230898648,0.20117317010094884
-0.00825598136473307,0.11524866363960831,-0.4131430138422074,-0.00577024472246257,-0.11177472671730995
0.14252010150854386,0.46374587437042997,-0.6755618327190619,-0.6521561197017612,-0.26449763538186355
0.22243890391464086,-0.13016608275567304,-0.615233264804414,-0.8349995917054718,-0.1089741263352944
-0.27332314691373866,-0.7787903341097475,-0.00037726945535748735,0.1665016841512849,0.2563175580963776
-0.08314956741083737,-0.470331460833343,-0.10803568519318221,0.5817266512092214,0.11254906218333709
-0.20602679242834748,0.29334536683371615,0.009551322261099893,0.43338120237268174,-0.22202673689173041
0.535651183138095,0.7314289998864892,0.6415114539409773,0.04465877052162493,0.0899519695966323
-0.10784528492316313,0.40870811524228834,0.8046199851026374,-0.028634711160898975,-0.29851085273590466
0.2933194272742814,0.02824745622995878,0.5743090997503655,-0.1260630835428495,-0.08421039958000696
-0.2827301117529916,-0.00917860239423507,0.025918083776976648,-0.038126941526942126,0.4817915836486872
0.3715786224818206,-0.37278766799053686,-0.20898638040464157,-0.13273423107813814,-0.09235812160847232
-0.14550525028066913,-0.40035345717535087,-0.3006969534975796,-0.9707728673473858,-0.07092061857397
-0.13486925606104072,-0.3663821490098705,-0.35305893171416286,-0.5075467882125508,0.14599488428583016
-0.08555055812276462,0.15966700916896093,-0.3425883141544342,-0.32811690129230586,0.22728281772711845
-0.30215150634638827,-0.1621357325080646,-0.12735441066715045,0.49512944052001856,-0.3006064116652607
0.21331298385476247,-0.038092696157920436,0.16341287480560956,0.51223575951689,-0.15268844564205705
-0.05973249888501171,0.47108367907332604,0.21363318493887556,0.2446771487722639,0.4067234633287553
-0.0941735629744574,0.4904213873827066,0.6039940663533535,0.37190851962605903,0.006771315875358659
0.1631265238446794,0.6277462608646269,0.3129821068240351,0.10379839183579054,0.2767204537121578
0.042418885872035676,-0.12586009606841497,0.21084229461861415,-0.13922275809107387,-0.24353320183959146
-0.011479458977541539,-0.3391680214488061,-0.24008676870805307,-0.02372922410332543,-0.18350699724930722
0.17625310727500215,-0.826083859032239,-0.4694707686839569,-0.017688841801332594,-0.11558914153977783
-0.10425863282485219,0.047239268948529645,-0.8494793071991364,-1.022728719749134,0.12416755788356129
-0.18673325986839473,-0.0656464838080931,-0.2076627160838108,-0.4822659441457017,0.10066451321553123
0.04951706861041487,-0.1583110455110889,-0.11917640710353813,-0.09487407039274512,0.2004840715029766
-0.16168744786596914,0.0572814372911932,-0.15625346088270425,0.5304677420623785,-0.07221704465412672
-0.3587167857138016,0.1710567003556209,0.21481711320848812,1.04005429549384,-0.07370606288999039
0.6425523809883091,-0.12780253904274663,0.8079734154501143,0.5141570692753257,-0.2769742174696338
-0.03667419976884601,0.570329591738683,0.537188708042974,0.0502616644208909,0.3289117613463119
0.30826630761589163,0.13976531582559962,0.2892854204047922,-0.11905842674402546,0.3988604349533025
-0.16706677356707023,-0.0903521033857881,-0.22033748160851507,-0.15096499767706983,0.4553424204870916
-0.21130447829865695,-0.20426294150538932,-0.3564729551433342,-0.10799413083561527,0.18145099303377699
-0.2236410064312321,-0.6107854662345047,-0.6992042491337188,-0.6734017667096837,-0.11940441965329386
-0.19444008999433668,-0.41315148246166944,-0.6174942167716649,-0.19765925056837946,-0.11599247500860324
-0.030835633404060116,-0.10049649707015983,-0.34836019004666197,-0.6223577648278249,-0.3304021133389095
-0.17097862965625243,-0.019312030722453355,-0.2563623931348092,-0.17928881732422788,-0.17640080797569344
-0.3722841321338447,-0.11309610782774304,0.10392645269125045,0.3783023416359029,0.15535599483370682
0.4029239177671913,0.3696825914534055,1.1528840087700307,0.6902482344493627,-0.14636773263531985
0.41596320200811016,0.46744776679085187,0.4255727888358031,0.5340244836760404,0.1743330617842233
0.296139732696239,0.24417248983423775,-0.11919271311540658,0.04656188202382355,0.03362511480274036
-0.13170912493846595,-0.09266349951909199,-0.104139361274706,0.11367383442014284,-0.04729603064423669
0.1624810552496012,0.141657348362767,-0.19425024909089245,-0.3026854227005098,-0.40784598000303085
0.21611484822291904,-0.5779314551606956,-0.4406860736758109,-0.059752674167048825,0.05796311628412661
-0.2540045207938631,-0.4930928559830403,-0.8309685553187399,-0.032072076642509356,0.025163502112070864
0.2964763290948364,-0.4301294849036377,-0.5901404569818691,-0.584769940347541,-0.2893352952713143
0.15208187817986216,0.11064036295644819,-0.23397331667466192,-0.06975957518003037,0.1427709484695811
0.10362922287287099,0.5352778936854546,0.32336701122273437,0.20511722589182474,0.041215003131060225
0.26510565794113167,0.3279006272890005,0.4868694586626335,0.46027271350376664,0.18261003655477198
-0.13308684049090283,0.24592613917099831,0.5588248672693829,0.768535764860808,-0.13908229516380613
0.029055747355561826,0.38869331829976683,0.7320309571614335,0.07716027153891719,-0.12290777622876468
-0.16286834320468205,0.451879704604764,0.04794296888755771,0.219547025688493,0.01411721948722837
-0.03493847495295956,0.14946051461553378,-0.259912727572683,-0.2045706220601607,0.10633255280697634
0.24373964326002676,-0.23698383519311084,-0.5782908198473866,-0.5358614627298884,0.13884641595139252
0.0025561332040863315,-0.7552640947277403,-0.4602372131775959,-0.6187734114142396,0.2675949217573579
0.28042791439921694,-0.6374496917733542,-0.5615046159269811,0.15711733417145696,-0.5113538423018344
-0.4365670746854314,-0.3442465104014361,-0.7201029054083674,-0.10702066675491942,0.07238787187695647
-0.18406839148432758,-0.04780479245120495,-0.03181207165751626,-0.1671028038962519,0.031217971953340085
0.10278783543981657,0.46600327787510487,0.2364896525362959,-0.2475370281396878,-0.11520049157808429
0.37964910794252277,0.33359167133730083,0.8515084527219302,0.0323035573787008,0.1859067526530747
-0.16363465923283466,0.10208058446947342,0.7065467818559996,0.784096148282136,-0.25196170605372153
0.24646525028196783,-0.06242895677809568,-0.1320348920095989,0.7205176591835988,-0.08970786186617768
-0.3366541373753499,0.44495581974514065,0.09840909083926146,0.2736056345729692,-0.18212693981081027
-0.38961375578988905,-0.24775140093637465,-0.31411125572288257,-0.5001789017881033,-0.052100726936281885
-0.36845888868522453,-0.2311457887618693,-0.42019463016153813,-0.7714729526496125,0.04485596344799267
-0.358430585403199,0.07286968509792313,-0.661046319884494,-0.24235290274981763,0.016180555513929447
0.35948395908393893,-0.359738393506129,0.024481772578899663,0.016035423600566617,0.14090210006093234
0.09564853355822493,-0.2614671642801353,0.03491667876502455,0.6054757296371087,-0.23900238378242283
0.277537883309599,0.37956799653664974,0.3520162298877916,0.14572689323323207,-0.05495949135755506
-0.17867408871198479,0.8654447003435284,0.30257914905050026,0.13757957707048935,0.26886754468520835
0.1585955230120453,0.24312907207564674,0.3019850955882344,0.4574420084047103,0.007271486782456311
0.05768842290403088,-0.25329244300306103,0.07367773349426598,0.10696245538616084,-0.42828026177200623
-0.19693758068756773,-0.3708142761176698,-0.305872219238178,0.008991278214653398,0.18831908909345174
-0.3169559067680537,-0.4035299378989893,-0.15715017492036476,0.12275908741688119,-0.15676648646599298
0.28051322767501047,0.0007106090144749222,-0.46457657539902686,-0.5720048595002167,0.1609791549371224
-0.16784382482984794,-0.07176943595649296,-0.2141772280246476,-0.32150960580457455,0.18960825956161892
-0.3453169123725096,-0.25732106612475864,-0.14389953813947703,0.03479329921385528,-0.06501048487220393
0.2986157828363438,-0.11452580797389705,0.2455929978026996,0.49578043400174887,0.2832106693743935
0.10722311099334783,0.6965980877974325,0.33139884036288514,0.4827560339104971,0.19877614190360818
-0.19227980713938178,0.6133679933944792,0.28929055695808514,-0.006093872409376588,-0.31529192155286223
-0.0635074906280397,0.7083534767401548,0.7470721554029927,-0.22729492588743924,-0.07956332579299316
0.13916114700619026,0.4464323712944585,0.2306158182689168,0.11419751386412702,-0.3623384776724762
0.3667104250510121,-0.39673173506669335,-0.36381088849540427,0.28065109437338753,-0.12314388208588828
0.007540433337702288,-0.44052218410292865,-0.39930478262911695,-0.13234378641248007,-0.16793894225256226
-0.10880963859278375,-0.4800934044612068,0.01193124732692502,-0.3317526072885541,-0.28405314000038917
0.009519220487330098,-0.3705119875670482,-0.41356521426757326,-1.0688279081645877,0.23045143200260856
0.2583942376436776,-0.1704954097086851,-0.16955013131653546,-0.14438042897489745,0.37870568652273573
-0.16695115758283105,-0.18650827763053482,-0.027317057093247353,0.08202053140757326,-0.18190878139517125
0.11039509990894021,0.3523302005612943,0.41185068654226903,0.44964908863686326,-0.12410464191751062
-0.09683441113247172,0.1852649330527917,0.8514486481139842,0.3006826380379068,0.017990391483926768
0.08072837588444574,0.8461192224782417,-0.02931782250049003,0.35395566941489953,-0.4126133515862247
-0.07549892899903511,0.10275793691616858,0.15134647652008792,0.36627175036836246,-0.26847346474378414
-0.11282023711613817,-0.1999324773072058,-0.25874703214763334,-0.3977991084540961,-0.049014680161701275
0.1640049545017753,-0.559014521221809,-0.41106012871501113,-0.17785061855591217,-0.014979736932050463
0.3085164671831106,-0.7940044120153028,-1.140348589313517,-0.296092490198053,-0.15695281406391592
-0.008172611872427507,-0.28925941824768064,-0.5982026902865514,-0.7113161819044527,0.17194368626586762
0.33609919476736966,0.09709626818399497,-0.36522939364537244,-0.6733309736674153,-0.23132038916828518
-0.2098836045795358,0.35798516071681685,0.037503220181583655,-0.015408587972528115,0.08791625433113953
0.17988598251564752,0.17914204947303958,0.8089517511907919,0.3211099105934196,-0.6796649950207633
-0.0682127806544425,0.6786793198839516,0.52860646149152,0.9487342584154201,-0.2381118922842994
-0.29999690030084386,0.4121939770527261,0.2036722016146123,0.8932301431051259,-0.3699368128894781
-0.2891645625580282,0.7653467180312361,0.7419294905798206,0.2796948561858459,0.4158870016294759
0.022174139220663833,0.49020722757881824,0.10334230755509363,-0.6385636483253608,0.2152733930766851
0.1431034561035847,0.8128826657967615,-0.5094100059230224,-0.41259133601660014,0.22443155329819942
-0.3159726672182856,-0.34637533122126807,-0.6852620114165149,-0.1304579538888306,-0.4068641689720279
0.07804746654714682,-0.6020662668252185,-0.5327155528650561,-0.3125527584812094,-0.3710023166945875
-0.010031343624628136,-0.5049742406241232,-0.4631839872268363,-0.29111845243601336,-0.2002602975105689
0.07996230577864502,0.3427008888910251,-0.28818663932643485,0.05327134312507098,0.0682042447898094
0.04742250166300877,0.3462621768667528,-0.11402700620973978,-0.014890760888787359,0.41495808657294697
0.13877423357944343,0.5925220129321519,0.624821582462956,0.47423261731135247,0.1423957289812751
-0.1524029579905796,0.07692852832211922,1.0465972785039541,0.1193752536077975,0.06705038637390373
0.3416259840087761,0.15735712051452092,0.8509790988711505,0.6058167577088464,-0.18915558118657608
-0.05769130629360274,0.5405028979037941,-0.03616590312913184,0.5468196940014786,0.2387737470649225
0.34328921018303193,0.2754598552079991,-0.2449008207788076,-0.1791234918340679,-0.24230159226484943
-0.10536376559722614,-0.31903381151403687,-0.5069239841494304,-0.635991131248219,-0.2744701994060661
-0.10371534199441874,-0.9031253018064236,-0.4956541593743644,-0.5716992383602777,0.0047922653270763985
-0.1514518107596717,0.010633073209746713,-0.7507795398603214,-0.1353288558835763,0.41326381151964225
0.10766930628911822,-0.5294080062886528,-0.1276773819292094,0.11316617778578886,-0.1075434891223324
-0.070840741829006,-0.03233328455572133,0.2491230990781388,-0.18156336157082878,0.09595796382987808
0.15848407834277103,0.23366136729409198,0.5397558026173267,-0.09474987856799771,0.03903665448387845
-0.2878186186223477,0.47747962788090387,0.1789650169112908,0.3952473853303985,-0.04414155704049467
-0.004214271900847418,0.24590553365008408,0.35048341629725477,0.3976586902956694,-0.10715067806734137
0.1419293277317339,0.1780684629603026,0.613006921615397,0.4314834299273547,-0.03695764210820659
-0.17657447367111928,-0.10979759132403766,0.3900712721598785,0.0325156011067439,-0.2703718337638746
0.038296203460468324,0.5062781806678758,-0.060719851130782654,-0.4456541529157117,-0.10198208176514298
0.2719310472471315,0.15232770948418933,-0.9451636248086515,-0.7206529879746976,0.1535579685836735
-0.09806781176495438,-0.2289023441314387,-0.5239843070918074,-0.30103187212547466,0.42318088836642354
0.2903516267154738,-0.7125741675897717,-0.17937710200084103,-0.17284289092640787,0.03516995503199959
0.17753688147584054,-0.14722531019929824,-0.19617742083973874,-0.06183823590088733,-0.060763041470517025
0.22624889268781026,0.4709008265504014,0.49330273226366195,0.1293174931762373,0.07540271324331413
-0.19705245944044922,1.0189523117799433,0.5636757862336563,0.18815326099853233,0.12256676050744769
0.12338655784280421,0.7904423753463321,0.8302274893968171,0.12570787790263985,-0.05217824027884963
-0.025969275053177896,0.19712523551596303,0.34367398725240816,0.17813817919236297,0.08214803082315027
-0.0800501159434692,-0.6255529121859558,-0.24885511962420484,0.6800095135196408,0.017559021022076925
0.248901924134548,-0.6330416262558463,-0.09608854797621655,0.25399044221855155,-0.04999875975016981
0.0006043667240580731,-0.14578145256221345,-0.6764488587532774,-0.2668481540031618,-0.03666550329194184
0.02932578779106924,-0.1725339703641546,-0.2767738691722892,-0.4781576480109078,-0.01614185536235674
-0.3193449629037971,-0.29316441696467166,-0.8323431047255898,-0.4396816964578697,0.24572451274242618
-0.053910451776262185,-0.8863953725245883,-0.3624743396628451,0.7034501094750986,0.002405310929495552
0.08301317861430339,-0.13972603576169154,0.38672098084322654,0.3237216617754557,0.10135057780952121
0.020517350023366892,0.35083503834845425,0.5594954015049097,0.32771833476598244,-0.257454701091352
-0.2334884678193729,0.628610386803437,0.38642476388515024,0.4078028574365152,-0.01800997639066546
-0.24858509449423263,0.43341235036247655,0.1505605746241418,-0.0943276388582455,-0.2349912086223172
0.24188999284919557,-0.10386605107414879,0.340869951925665,-0.42054854824947674,0.26379461565230716
-0.11075180020791554,-0.24097350767473324,-0.44059878607812386,0.23709906015739768,-0.6558894592062251
0.11907781755172468,-0.7985899759722277,-0.5547462455517379,-0.9405059261478231,-0.5045667697672106
0.20860244551157164,0.10266453716751694,-0.5211201411141368,-0.7977308789433744,0.16726385860726686
-0.24399022026742812,-0.008312260008981736,-0.6135272604480356,-0.525560798881888,-0.3145825047364128
0.12317272494744967,-0.4493561973838527,-0.05769009779020198,0.0016690501166516485,-0.1293653358696741
0.21396593926106958,0.1573239696249376,0.47411798838221597,0.43985237782881315,-0.1080390171850757
-0.22032601076745706,-0.07158828779269888,0.29322980452439085,0.6036602103425014,-0.17485968979000732
-0.07856515559674732,0.6693406939015872,0.865074251848896,0.24520844025998662,0.4057355454389522
0.052423186238560376,0.34739692534333816,0.5070990815425953,0.03722920466521098,0.11178202848056434
0.2608858401462419,-0.17683748342539662,0.09188425824218849,-0.14207442921557129,0.4032603087811182
-0.13440520154009208,-0.445847254909551,-0.3303117189821458,0.24619801334945574,0.2715128220939561
0.20434700903005357,-0.6700428876445557,-0.46274351855259616,-0.36266220558663487,0.037469686336040704
-0.206297286558641,-0.6790091072823877,-0.7151299660801052,-0.8379130427019996,-0.22996277578280205
0.13604134407752902,-0.4839507790332278,-0.9257737467229606,-1.1880178935923045,0.04000727868464547
-0.36449709453874746,0.19442311081970937,-0.23331828779949995,-0.16001078971321772,0.10458168013434271
0.1828511985800387,0.025102422959966425,0.2935039964248645,0.30311129418046356,-0.5344876816325382
0.10947005289010395,0.35262067621952503,0.539498225235854,0.6947709083018629,0.1447040893710464
-0.09556095165618782,0.0013600488418587797,0.9104504804166254,0.6749477879302109,-0.020829461111042877
-0.1017061736446615,0.4392902558009042,0.556041791250523,0.6036546638349457,0.2263847047243899
0.33005696679116475,0.43122905895199565,0.31302199465730496,0.39851362681519054,-0.27793882755128807
0.017630357693454154,-0.01823575288229038,0.043722649686676926,0.2660177666097259,0.06424209901028406
-0.3619484378507909,-0.8595777857175,-0.2587015503375225,-0.2709613892611003,-0.4130427878937676
0.362227358681228,-0.8106498781883399,-0.8362617649940294,-0.3681740646088303,-0.004868859066161684
0.1637844687719375,-0.5350400737138753,-0.44671055044462027,-0.27819491893031145,0.0507519138947993
0.23802206261993133,-0.005720996975342535,-0.3701273279973664,-0.31990662698624,-0.11696879520191589
0.06254483130522102,-0.01564401194329232,0.1305526473883564,0.14844055264191716,-0.06183421314708164
-0.10168950591537058,0.48994309028979965,0.7550738770078104,0.5853860033573504,0.10605685234878769
0.02632117110112172,0.4169572908599702,0.9024564481099426,0.797889513888828,-0.005777789595426872
0.3545791558539937,0.27066104745686026,0.5239624588812357,0.8980729773462799,-0.10399586154390472
-0.5856794422488165,-0.25196666727918804,0.4459335131303054,-0.004740447521168201,0.15668237492488252
-0.026909710199255917,-0.2367413472415289,0.23840028478162653,0.10055582276850861,0.178641758835823
0.20013040313292876,-0.0162503713426198,-0.2888528981443147,0.049843964482286396,0.19949354491618523
-0.13584593547679755,-0.4458079420159372,-0.8243618435751947,-0.7393358381115277,0.3300462635548661
0.1576170409503256,-1.113894005571674,-0.5779199404342017,-0.31603214049594,-0.08187212486633089
-0.1332121899597659,-0.9058948341314672,-0.6364132136859493,-0.1633800036142148,-0.2431593988593668
-0.06197346686561841,0.1886282678118283,-0.2547540182315189,-0.24544719224219974,0.20970517813388728
0.22816862574395377,0.4420265685773415,0.31765238096502535,0.03430653043832727,0.1894102733104276
-0.05446816780433629,0.6921922395557188,0.8421193475269915,0.2997944837388256,0.08705810809760314
0.3500002931124116,0.557834743049858,0.6842554773293202,0.7483865847993496,-0.05023488171780597
-0.06780818484604707,0.36425317244329636,0.6652779054850769,0.7865929241786734,0.2223741079891067
-0.41365134536620735,-0.34746913271689395,-0.28963515190460243,0.24988478041335158,-0.15489452410912924
-0.07389955177825512,0.3840246573209527,-0.22709723862740888,-0.6614394014326506,0.08766436261720802
-0.3230826596105816,-0.06587671970161268,-0.4123208614219144,-0.5565361913527971,-0.37567085078403367
0.09862942816367981,-0.5925117470614865,-0.664010233125386,-0.3774341631364871,0.011668975110203166
0.5447115285668183,-0.7126151366688774,-0.6637392577479743,-0.23519945967157604,0.08625095653115465
0.08968030111390923,-0.5494525712806165,-0.09208441641725681,-0.16738404283365926,-0.15222156873334952
0.017460915407961457,-0.4522034288751152,0.35778424603699877,0.10617855510179953,0.6135393593765825
0.14696159931591216,0.7216605388812896,0.17958570533838003,0.03729697788724144,-0.20688091052572719
0.14623048710192693,0.6669212426271051,0.20302868667852508,0.4582613467371405,0.07660042342448314
0.1261957849592032,0.3533692964958991,0.6568615249834138,0.05931371448873746,0.021936154293509664
-0.2539658889830541,-0.1869129562077374,0.7048598406204365,0.47133941937006907,0.32032761382068925
-0.025272842987512763,-0.09867463251445002,-0.24542407557795506,0.19484905785631634,-0.5461142597558527
0.2725247787822682,-0.041023009887473476,-0.8321495549661049,-0.634651012515571,0.17132552754549438
0.05981473497788022,-0.16826926871910958,-0.6163302287274662,-0.7226546795669927,-0.06728216745105568
-0.10423694223286742,-0.2072563381102137,-0.2706777331852588,-0.18114989165444473,-0.04976541104514774
0.24946984244101553,-0.4551338187093095,-0.0328730704739488,-0.08565626971858428,-0.004244043647652167
0.11874773665229307,-0.22501084641677332,0.07263678313147501,0.5304279318747404,-0.20169437775674265
-0.1597171650834769,0.38005566325878504,-0.04825344129055503,-0.18450914932786155,-0.26517667237467446
0.03317994050047136,1.1673717282548406,0.825518579552901,0.06239243569615953,-0.27642519499332024
0.2464701257691666,0.38201528922487743,1.0131509525512898,-0.22760811990063937,-0.13236714848463527
-0.10050738157297663,-0.03741582462501051,0.5462068758478695,0.10337829212192917,-0.49068029512931377
-0.039351089930387086,-0.37110097080433896,-0.27006076400025764,0.3083482077598513,-0.24571683921173995
0.5593755101351249,-0.3266440988798596,-0.39914203341037097,-0.04968791011390319,0.059369633631885674
0.05986872214258984,0.15195132682108595,-0.3083734960819039,-0.7758847099761804,-0.25265390444997443
-0.30836263970798294,-0.27914506225419344,0.04762811498148273,-0.7096446805157008,0.14729303539397165
-0.37123297186905285,0.42416460751146795,-0.2679831350523315,-0.30277100766416587,0.10516338280129807
-0.1095988167967934,-0.08344833563042392,0.08866986898321629,0.3797782516672329,0.17900776302469062
-0.20710061610432542,-0.28493095978958133,0.3481154872379246,0.5027432003774496,0.05192620308572931
-0.19848046891325813,0.18448967173507888,0.38363254527623447,0.49090796159009326,-0.14422488030328065
-0.006211034817456758,0.7763818778514453,0.699139309463179,0.18589413975484206,0.08083584097842805
0.25536644662097074,0.17571531990924225,0.23311604227778807,0.2414076663910278,-0.07358751783379198
0.004991971860114394,-0.34716070100882257,0.20081471617651922,0.21465684223892667,0.10425530669731549
-0.3690560475593346,-1.0494108279822767,-0.4436769821638104,0.1156074188965394,-0.1319663419354226
0.0007065434302106189,-0.5606662583144337,-0.597891682438738,-0.08550688068834422,0.1393180447354571
0.04549304944327919,-0.11458671291777844,-0.8673812254771043,-0.5380867508382358,-0.16406682983563553
-0.17930480472334465,-0.0019969269873466103,-0.04211078277615893,-0.526857535396754,0.21088862885418866
-0.024393249712845184,0.04088468138802337,-0.04701015171165879,-0.16583951616859424,-0.14956469178291018
-0.26020400469326405,-0.01636218416755828,0.3158728132777424,0.5579034049767664,-0.33766700299356756
0.6560581088163745,0.5084008596137005,0.6269007096423852,1.0068041830695171,-0.06257360392618028
0.07284825664163334,0.5447815928354545,0.7750868363311745,0.37603494406205457,-0.5205054544685169
-0.36360865887922905,0.42662156586089633,0.4872331988941738,0.002926562904680949,0.08458792892948917
-0.17819363666001084,0.15089522763050456,0.38233128844856334,-0.15973772193294417,-0.32901780796110647
