0.0,0.8770456252433564,0.022411283968566065,0.9370778164862191,0.0
0.0,0.392646857496778,0.4867387054291329,0.43868043491913944,0.0
0.0,-0.2585193175632278,0.8489676720544179,-0.29524375071424264,0.0
0.0,-0.06619502526920568,0.007528440759888479,-0.3915927089367697,0.0
0.0,0.24702172253633745,-1.075660835095758,-0.08551648183972918,0.0
0.0,-0.08425685821892208,-0.9813127397931978,-0.34930535841370275,0.0
0.0,-0.7243084226865746,-0.08511123543000577,-0.7833391210734735,0.0
0.0,-0.6149174548194499,0.11740703497231386,-0.38724231239482976,0.0
0.0,0.2555004601778523,-0.3520305404534332,0.4682637541550045,0.0
0.0,0.7092324896315939,-0.036423476970953404,0.570628049180513,0.0
0.0,0.3719021369422534,0.979595442433489,0.004220326424103679,0.0
0.0,0.1750213444013695,1.1835863174692351,-0.1838949726871918,0.0
0.0,0.5038224882284004,0.18328479929780592,0.24182160194238067,0.0
0.0,0.38510285924306825,-0.6249757749371988,0.4590156779380457,0.0
0.0,-0.39078876825216213,-0.2982806243349832,-0.25068205606879257,0.0
0.0,-0.8820681793633065,0.025337516392674987,-0.8624231976102573,0.0
0.0,-0.40089222105848776,-0.5887582499337011,-0.5043863945077915,0.0
0.0,0.23020633970608034,-1.032141572697633,0.10283302169515837,0.0
0.0,0.23555684778975183,-0.21006393629954725,-0.0686048040965397,0.0
0.0,-0.07406484245120865,0.9161978598831778,-0.3188448332814805,0.0
0.0,0.28173564963868186,0.8936731513546795,0.10091204499901661,0.0
0.0,0.8395079280394244,0.11999821056821464,0.7867679853483898,0.0
0.0,0.513384797037403,0.05961238609955478,0.6870199711484851,0.0
0.0,-0.3357406398973746,0.5700280450182023,-0.1361659253254905,0.0
0.0,-0.4367400267269951,0.1839333692046914,-0.578896867492234,0.0
0.0,0.08409226842000767,-0.9281309327758,-0.32350780209566793,0.0
0.0,0.16482980047020335,-1.2238751099876584,-0.23917003534792838,0.0
0.0,-0.3623142126856666,-0.3265013047723489,-0.6206355023629895,0.0
0.0,-0.6356831549711418,0.4076312873998346,-0.4772416358334791,0.0
0.0,0.06832209857707976,0.08957875782596968,0.3452147579219066,0.0
0.0,0.7746372294075602,-0.10966890846968062,0.8137161050987693,0.0
0.0,0.5806824155931677,0.645872150271191,0.32031913417612284,0.0
0.0,0.0703623438176245,1.180478767646027,-0.22208308295728546,0.0
0.0,0.21729439941226816,0.4280685048125885,-0.1107606748044364,0.0
0.0,0.3838074175932669,-0.7074027681595927,0.27356166881682237,0.0
0.0,-0.12435014062343441,-0.74681014411778,-0.1132493542051098,0.0
0.0,-0.8218621091894893,-0.08990481015055832,-0.8248510425578086,0.0
0.0,-0.6822494905435156,-0.18942336357636014,-0.6585830820507498,0.0
0.0,0.09467657994747752,-0.7780165465541369,0.14322307385049574,0.0
0.0,0.4549063300141167,-0.3856411524048387,0.2889499656854902,0.0
0.0,0.18227722654078823,0.8009288507524425,-0.14967409310085034,0.0
0.0,0.1858804204352449,1.1850334260757232,-0.12953063816321075,0.0
0.0,0.7004257706571342,0.3828123974401403,0.4601626304437579,0.0
0.0,0.6185907906845616,-0.23251203063511539,0.7340559112880128,0.0
0.0,-0.23241171935003263,0.1263979438471453,0.04729222392192305,0.0
0.0,-0.7269358239045625,0.23854441240061253,-0.6557800475317818,0.0
0.0,-0.25963133756163803,-0.6463467486869292,-0.5466346205173045,0.0
0.0,0.20410248573327816,-1.2692566039419289,-0.16564523905156645,0.0
0.0,0.011092736350047323,-0.5910178898726322,-0.37801724792431296,0.0
0.0,-0.4231883222499987,0.5026974127366939,-0.5006477545415277,0.0
0.0,-0.050454518713815996,0.573925791208048,0.10915481586917934,0.0
0.0,0.7383020796142624,0.0319314865317292,0.8513219243669915,0.0
0.0,0.7271618716350013,0.29514326788116574,0.6875254008117253,0.0
0.0,0.04556634316896098,0.9720679406223125,-0.05934181749090089,0.0
0.0,-0.08628707039080648,0.6040494567559447,-0.35899066461783596,0.0
0.0,0.2644946253001723,-0.6161194332761817,-0.051689447698142814,0.0
0.0,0.1045150784276131,-1.0940960925106635,-0.07047860660061021,0.0
0.0,-0.5808616413245473,-0.4031691309217051,-0.6892463175461497,0.0
0.0,-0.8455982845871237,0.06725212748736817,-0.7356588155762658,0.0
0.0,-0.14515243779193274,-0.37347685524787844,0.055927283962372155,0.0
0.0,0.5514831164150806,-0.4391454873320461,0.5465796156763952,0.0
0.0,0.48034801570062247,0.5491625578681156,0.13640554076018957,0.0
0.0,0.17065480409457556,1.2843541328243773,-0.19602594213385086,0.0
0.0,0.45915834744994893,0.7082989631791909,0.12400216530438743,0.0
0.0,0.6211275345850654,-0.30236515498649574,0.6030327822478052,0.0
0.0,-0.011331772824001943,-0.34195253145030713,0.20941344658886796,0.0
0.0,-0.7719323731503828,0.11336594073611979,-0.6417773253231209,0.0
0.0,-0.6125436352153211,-0.3064834835958165,-0.7451060807557487,0.0
0.0,0.05238827745172111,-1.0954777028964031,-0.16220542265480387,0.0
0.0,0.24140334256540047,-0.793310496315869,-0.0628646118839373,0.0
0.0,-0.11930711684935386,0.4159345668689253,-0.3838092930262236,0.0
0.0,-0.07174609239218219,0.9363002962447468,-0.14121118105988503,0.0
0.0,0.6481887495303973,0.34150910712164195,0.6160193762256094,0.0
0.0,0.8156306419795154,0.030198467777068024,0.8875626541422629,0.0
0.0,0.09091972717819018,0.580636040681616,0.2167744363566584,0.0
0.0,-0.3817824824959472,0.6439496784355321,-0.4262068331362779,0.0
0.0,-0.0008213164082987666,-0.4110147842336359,-0.36664217506137436,0.0
0.0,0.22926473999652752,-1.234378990003038,-0.13581956816445412,0.0
0.0,-0.2116448452312691,-0.7637960943055735,-0.5135627132696714,0.0
0.0,-0.7549327993769146,0.13141259589977877,-0.7240636451109967,0.0
0.0,-0.37866308997263515,0.10150835438248629,-0.08528837368248625,0.0
0.0,0.49879633284540326,-0.2971623316650886,0.6686169351462281,0.0
0.0,0.7157058059821386,0.260037121356803,0.4869027733784989,0.0
0.0,0.26035993364089866,1.1578570753980268,-0.10478348883293732,0.0
0.0,0.20032300973122608,0.9564112716368419,-0.15905289574749126,0.0
0.0,0.4877129941716589,-0.19517528831460002,0.30730556131720393,0.0
0.0,0.1800401812727829,-0.7262756893365648,0.283282577575021,0.0
0.0,-0.6112079130301686,-0.20594704957680215,-0.531050135953131,0.0
0.0,-0.8450660756657583,-0.05433655827153021,-0.8701112858186864,0.0
0.0,-0.19626883523791222,-0.7318714136567409,-0.2622609247171513,0.0
0.0,0.33949277468969963,-0.8517471182405975,0.214524791519228,0.0
0.0,0.19940978693338224,0.21831659034014267,-0.10405245653783718,0.0
0.0,-0.009481945188702885,1.1128836391031594,-0.2494644433958983,0.0
0.0,0.49675232525370544,0.7232327041866375,0.2669735435179106,0.0
0.0,0.834819981983723,-0.04217537058288407,0.8214519844580999,0.0
0.0,0.22897083259967205,0.10063198126251302,0.45217786418015304,0.0
0.0,-0.5514797398770327,0.4912926174543711,-0.3752578873661035,0.0
0.0,-0.3908683123188956,-0.16676921062341787,-0.6022720884615882,0.0
0.0,0.13972723200752563,-1.1633200918109172,-0.2538140740161547,0.0
0.0,0.10308849895883898,-1.0441548673061856,-0.3133181274552986,0.0
0.0,-0.43084697314734366,0.02175670991918443,-0.627645364170379,0.0
0.0,-0.4478483760877767,0.5172807380333329,-0.25350649447270274,0.0
0.0,0.3759243078706875,0.054698940111209356,0.6026102917247476,0.0
0.0,0.8336685929743867,0.054599795885860954,0.8173275983060742,0.0
0.0,0.3873342826581876,0.8574956107644436,0.1730741276163288,0.0
0.0,-0.012596736744814725,1.042369344829514,-0.28866666576289357,0.0
0.0,0.25876123489606,0.0026369609369235533,-0.07263620308273355,0.0
0.0,0.28529570574975904,-0.9425663289286788,0.1792614210454129,0.0
0.0,-0.3410675680987817,-0.6442494818926574,-0.3816895524703248,0.0
0.0,-0.9016869261551022,-0.01810924461713648,-0.876295264153578,0.0
0.0,-0.49839562002339305,-0.30105871576256427,-0.4017772942883561,0.0
0.0,0.29618216995950997,-0.7219240813287108,0.34810824574333354,0.0
0.0,0.49171714759180685,-0.011952728864600626,0.23522333417938598,0.0
0.0,0.16630067674962334,1.0837214342600026,-0.18377896300693647,0.0
0.0,0.3133108673870998,1.0682627717920228,-0.01766957170324239,0.0
0.0,0.7313830584729034,0.10475141176742346,0.5782207612768189,0.0
0.0,0.3911541474163403,-0.2954692418840561,0.5827876044336371,0.0
0.0,-0.4898157057665947,0.15736427839680178,-0.25384629733033437,0.0
0.0,-0.7178229678662741,0.031590401420358225,-0.761930365008601,0.0
0.0,-0.1295765177251767,-0.9009355382079348,-0.41769236748626803,0.0
0.0,0.223508380286803,-1.1743855217477346,-0.10838111140817452,0.0
0.0,-0.07334722747220995,-0.19382545752358155,-0.4051339876618073,0.0
0.0,-0.34401487733938535,0.7427913880494642,-0.3775161357054355,0.0
0.0,0.25877636026126355,0.5013943599719615,0.33619957377166787,0.0
0.0,0.8644950726361179,0.016155379222319632,0.9228932778814006,0.0
0.0,0.513937631698941,0.4517714323318406,0.5229893653476243,0.0
0.0,-0.1693053415873435,0.93181793870556,-0.2131363548815033,0.0
0.0,-0.06103519990005469,0.20939741895958086,-0.36642755324704646,0.0
0.0,0.2715429478931677,-0.9492545132241182,-0.05783619280543027,0.0
0.0,-0.026319523713612254,-1.0315451334514747,-0.27190589720103503,0.0
0.0,-0.705930132254327,-0.18954765140416605,-0.7860899513367189,0.0
0.0,-0.7189750028545197,0.08207393291889684,-0.5109389091786471,0.0
0.0,0.11493030914737827,-0.3985898146097,0.3485085216035229,0.0
0.0,0.6622576069921512,-0.17850279485520182,0.5576590572841689,0.0
0.0,0.41606468391427115,0.8673869840126667,0.02264430046672999,0.0
0.0,0.18662149389652105,1.2507257296661207,-0.1928990471286574,0.0
0.0,0.5112259458912086,0.3695912013528538,0.2316903540408819,0.0
0.0,0.46782438950098076,-0.5145607023649601,0.5529425493164807,0.0
0.0,-0.2813113429472727,-0.2880842434742712,-0.08535512420808478,0.0
0.0,-0.8516086365190043,0.07151127884555769,-0.8133874065720862,0.0
0.0,-0.4494632120259663,-0.517790666168563,-0.6111720880525481,0.0
0.0,0.18477046139171116,-1.0945582626598989,0.010464448520015702,0.0
0.0,0.21918019598371313,-0.4209347552666439,-0.07166859605953482,0.0
0.0,-0.13232903542704225,0.763807458979803,-0.34435394826968674,0.0
0.0,0.15493122975885346,0.9067725064959147,0.030398311687805855,0.0
0.0,0.8127577863061737,0.17571881290494915,0.7442219141164997,0.0
0.0,0.6430067282250834,0.05780960487667276,0.7501973066708029,0.0
0.0,-0.20247424271523445,0.6085932969920972,-0.030733859348226096,0.0
0.0,-0.4299596825179146,0.3493225708609068,-0.5236054466940377,0.0
0.0,0.06087094409372988,-0.7849728732208487,-0.31682095533900373,0.0
0.0,0.1860093329667227,-1.2522021680210682,-0.20582963388123565,0.0
0.0,-0.3244866990020863,-0.4685935978657395,-0.6231316850923694,0.0
0.0,-0.6926944729019426,0.32021467453866653,-0.5806681743290739,0.0
0.0,-0.08189867414065896,0.07591497953421777,0.22184934304208753,0.0
0.0,0.6914950917167658,-0.18008212007223434,0.7929548919172887,0.0
0.0,0.6330059622881248,0.5512731217859118,0.37490386231733314,0.0
0.0,0.14346999738375074,1.2175385503659206,-0.19123582935925929,0.0
0.0,0.24062901087637867,0.620654592270498,-0.12319957158304568,0.0
0.0,0.43474907123235623,-0.5470849678491424,0.3095083475013567,0.0
0.0,-0.0444529890805459,-0.7438046328582738,0.03322001202648098,0.0
0.0,-0.790360068843512,-0.12206860032551435,-0.7451906912189008,0.0
0.0,-0.7496551844247828,-0.16811146663949061,-0.7548295863164818,0.0
0.0,0.00826892542089458,-0.8118637596405491,-0.003512832065503294,0.0
0.0,0.4223818720376828,-0.5685830497725015,0.2492406293645878,0.0
0.0,0.1719267589572561,0.62067198683244,-0.15011503755822336,0.0
0.0,0.10492540247071994,1.1832827962943444,-0.15660937070116993,0.0
0.0,0.6535728256381662,0.49611616269478764,0.4323715609811164,0.0
0.0,0.7193209704769297,-0.1634923835671026,0.7919726278885113,0.0
0.0,-0.07186571427482606,0.15269308377147303,0.1772399770741743,0.0
0.0,-0.6701269042526581,0.3494245015519692,-0.5786950158573245,0.0
0.0,-0.293170902036652,-0.5039082792055203,-0.5671803053893626,0.0
0.0,0.18033563391991134,-1.2708219163719432,-0.18512890603724952,0.0
0.0,0.018582223206055473,-0.754510061916678,-0.3725867436546101,0.0
0.0,-0.457762086552964,0.3510076683784341,-0.5683598503817343,0.0
0.0,-0.18712242730394388,0.5474842036446879,-0.013092706088710084,0.0
0.0,0.6429902551898022,0.0220517939916074,0.7871843012491748,0.0
0.0,0.7811199575434453,0.23155019267856947,0.7392479864807462,0.0
0.0,0.15462248524365838,0.9798425884213154,0.01925152083580804,0.0
0.0,-0.05410881303378566,0.7751307731600945,-0.326370059663959,0.0
0.0,0.28794911701954884,-0.4246682230406896,-0.03977724551616385,0.0
0.0,0.16774084277113133,-1.0618554419230009,0.018375531167631194,0.0
0.0,-0.5285458197491746,-0.4824827550898131,-0.6142666279052635,0.0
0.0,-0.897870719321142,0.027881153619613852,-0.8058080576178279,0.0
0.0,-0.27523398897187484,-0.39236980031377466,-0.09282522141876284,0.0
0.0,0.4674621550226254,-0.5660943682176638,0.48088477229179943,0.0
0.0,0.48755290931890066,0.37557389762175036,0.14245296514097397,0.0
0.0,0.17137549063557495,1.2505829830751607,-0.2047167775320529,0.0
0.0,0.4294010192847582,0.8464405055045209,0.09957877573450857,0.0
0.0,0.6759595439380763,-0.16170719883999737,0.6427155724588973,0.0
0.0,0.11953130438277285,-0.30231677503146503,0.3617097789003745,0.0
0.0,-0.6854766293896954,0.16119701598425065,-0.5236885849720215,0.0
0.0,-0.6289143966326727,-0.19815771422489603,-0.7763523790886621,0.0
0.0,0.011939237776376059,-1.0671589300457724,-0.2561433033320818,0.0
0.0,0.22500772879909486,-0.9506767804275177,-0.07997672582049348,0.0
0.0,-0.1466174281060859,0.21493202936997105,-0.4014438154749921,0.0
0.0,-0.1946099916845536,0.8752087708351033,-0.22033973201757762,0.0
0.0,0.5402983141379321,0.37299270154797604,0.533106672160829,0.0
0.0,0.8694915291248568,0.01903393088348946,0.9002225016564288,0.0
0.0,0.23811024384456067,0.5680793843965509,0.3062709556433784,0.0
0.0,-0.3262100749819308,0.7714124338664257,-0.3539242877965662,0.0
0.0,-0.016066235383508713,-0.21561304113143753,-0.3438762381505408,0.0
0.0,0.2506117933905016,-1.1673597269269036,-0.09183806475793964,0.0
0.0,-0.15609571721242096,-0.8549087365439416,-0.4607976284117523,0.0
0.0,-0.7567467818592879,0.03200396655912351,-0.7806629544350423,0.0
0.0,-0.5020653341349719,0.07926278786399771,-0.22442407884463367,0.0
0.0,0.3717695553712066,-0.3564430292781752,0.5901074789842796,0.0
0.0,0.7010290832827729,0.12782581902927342,0.5130735111006708,0.0
0.0,0.31721200677849837,1.103035582776721,-0.0768900319625412,0.0
0.0,0.21923857708481248,1.0821622773645068,-0.1731415311617695,0.0
0.0,0.522437540191579,-0.00611796452199585,0.3039792958786766,0.0
0.0,0.26926001232201147,-0.658463089475057,0.4038765674680442,0.0
0.0,-0.5342189560615922,-0.21810469079511566,-0.3829733236898686,0.0
0.0,-0.8634439834028323,-0.016628862996352724,-0.8759814988813958,0.0
0.0,-0.2665191507150572,-0.7009113573815917,-0.39952434005972237,0.0
0.0,0.2989963556411075,-0.9741684691091828,0.13539812852227556,0.0
0.0,0.19186055958256337,-0.0002022899273260055,-0.10906385918999431,0.0
0.0,-0.08328883983992671,1.0157039810363475,-0.2783524964799179,0.0
0.0,0.38552862606653004,0.7845731928519284,0.21491321990006854,0.0
0.0,0.8619628884436631,0.02378286528543256,0.8229868833036296,0.0
0.0,0.3889135722171574,0.11010763616833702,0.5494126397701529,0.0
0.0,-0.43877800548978163,0.5682735329703236,-0.2757307258664624,0.0
0.0,-0.4015733371936309,0.007473209271461667,-0.5766457678789599,0.0
0.0,0.11593266722391078,-1.069764514647192,-0.2569267856606516,0.0
0.0,0.11681179165631507,-1.133595236309169,-0.28257195346534864,0.0
0.0,-0.4209740503113241,-0.13524550098056554,-0.6596370583846747,0.0
0.0,-0.543572593125812,0.4513424046528975,-0.37774894279996507,0.0
0.0,0.2369508938694866,0.04103325777340372,0.49256853316750526,0.0
0.0,0.8035365085534298,-0.0227063975775723,0.826730666903332,0.0
0.0,0.4706664784750423,0.795697377188474,0.24125814131092915,0.0
0.0,0.043212574808591,1.1399391659598166,-0.252916505586244,0.0
0.0,0.281193352368508,0.21057734850823134,-0.07616155513712103,0.0
0.0,0.34895617632894765,-0.8284904797607464,0.24126773211212327,0.0
0.0,-0.26417664893581444,-0.6795106725490938,-0.2523800459303971,0.0
0.0,-0.9023057480188217,-0.05422708780540858,-0.859337614446007,0.0
0.0,-0.5989743167076714,-0.29261107012754617,-0.5318160727327992,0.0
0.0,0.200707997943129,-0.8004821434119896,0.2306803761019005,0.0
0.0,0.4705941080132007,-0.20770265334185906,0.21741329982643418,0.0
0.0,0.16104903600506812,0.9547768522172564,-0.1927248970115506,0.0
0.0,0.24856986894831945,1.1291001232481719,-0.04889656481979175,0.0
0.0,0.7296528935361885,0.24032323974936057,0.5742316622628677,0.0
0.0,0.5136686834616399,-0.23318334487420975,0.6890144254277975,0.0
0.0,-0.3535869409228758,0.19740739554053763,-0.11035630805963159,0.0
0.0,-0.6909064389639967,0.15432801136518337,-0.7198744070450261,0.0
0.0,-0.1611350211622968,-0.7938002418398908,-0.47760939390153195,0.0
0.0,0.20675026889529435,-1.2424597371276835,-0.13225586640823914,0.0
0.0,-0.07771198426365467,-0.39074268184340766,-0.4075192384312373,0.0
0.0,-0.42529938196120476,0.6166927866951801,-0.45309465933019,0.0
0.0,0.11085193004614552,0.4976545150611353,0.22345103849016676,0.0
0.0,0.8248027965204525,-0.0010093451809546315,0.8836225744753262,0.0
0.0,0.6228758777773773,0.3975654044097414,0.5855858958647753,0.0
0.0,-0.07218381147556083,0.988712097069738,-0.13869697590315574,0.0
0.0,-0.05721937374852294,0.40884459560976005,-0.3346862439671643,0.0
0.0,0.2915163119790513,-0.7974416498967916,-0.022772981179038115,0.0
0.0,0.03868896006659325,-1.0512199480740205,-0.18114207765477527,0.0
0.0,-0.6643758628256601,-0.2778655347917295,-0.7681317771050944,0.0
0.0,-0.7953901270026583,0.05427682702666388,-0.6263933188461708,0.0
0.0,-0.019705240276163247,-0.43235146576886513,0.22072632462690284,0.0
0.0,0.5955165298450125,-0.31905157441987175,0.5405021836547736,0.0
0.0,0.43876597038896414,0.7343251564109965,0.04353677177561016,0.0
0.0,0.19394055102373964,1.2838811812175688,-0.20642215296423982,0.0
0.0,0.5147879751156599,0.5385845793379405,0.2045078448334718,0.0
0.0,0.5475386855942839,-0.3963607561163039,0.6206903547912956,0.0
0.0,-0.1692639958592508,-0.272899083930779,0.08165829667957418,0.0
0.0,-0.8147808920889033,0.11746046976262367,-0.730628538028144,0.0
0.0,-0.4938986506636928,-0.4353356316437676,-0.6907787936499944,0.0
0.0,0.14525806998812818,-1.128920593878289,-0.0912349513860206,0.0
0.0,0.21295864115729474,-0.6209664360561644,-0.0875865136224618,0.0
0.0,-0.17660018987611298,0.5896425602061156,-0.3698836519514583,0.0
0.0,0.01596800530312837,0.898559065347633,-0.03765785278329317,0.0
0.0,0.7483515805827899,0.22484113300312755,0.6968877471887327,0.0
0.0,0.7531624207815666,0.052264987669254706,0.800272470360342,0.0
0.0,-0.05039422687318429,0.6328567246264665,0.0642420625238345,0.0
0.0,-0.4013595228266845,0.5131436722810079,-0.4693048702426109,0.0
0.0,0.039157208648967316,-0.6151862660776652,-0.30279418215985826,0.0
0.0,0.2020646866262906,-1.249078280600885,-0.1541637467956188,0.0
0.0,-0.2855635316508217,-0.5934563766668333,-0.6001711599411675,0.0
0.0,-0.730298507307105,0.23066558845270219,-0.6782259753694845,0.0
0.0,-0.21762682648792,0.05848325869465429,0.07931249160452496,0.0
0.0,0.5963269142715455,-0.25443457266748937,0.7497183381415699,0.0
0.0,0.6576195627401179,0.43694573731065356,0.4250981230527621,0.0
0.0,0.20102128453196633,1.2232837220709551,-0.15557773000106725,0.0
0.0,0.2598528134422794,0.791335235690045,-0.1341277233378516,0.0
0.0,0.48985883458403845,-0.37724552723437654,0.327398592374863,0.0
0.0,0.04874668332943831,-0.7206845325173197,0.16748342313273498,0.0
0.0,-0.7427773700284162,-0.14720577970269072,-0.6411982860770173,0.0
0.0,-0.8093756784343313,-0.13914066945563736,-0.8162883425126695,0.0
0.0,-0.08092565893347992,-0.8255992812739713,-0.14367304838382594,0.0
0.0,0.3855910841939111,-0.736125841761658,0.19512291328172407,0.0
0.0,0.16882401394060542,0.4232908925639686,-0.16099278539269835,0.0
0.0,0.028183251512928602,1.1509152251499852,-0.1916550216228426,0.0
0.0,0.5806426377923504,0.5970544962433116,0.397841598326585,0.0
0.0,0.7930180744023437,-0.09268229258199076,0.8416175498017032,0.0
0.0,0.09074119667214883,0.17761067264722336,0.30726649433489855,0.0
0.0,-0.5890064680781093,0.45811738663656937,-0.49132825865513746,0.0
0.0,-0.30957331171120145,-0.3415845945389135,-0.5780459601943254,0.0
0.0,0.16359697359588812,-1.2382212997619606,-0.2012873308694938,0.0
0.0,0.025801939614858528,-0.8994298243200556,-0.35165683170601814,0.0
0.0,-0.48785604084772616,0.19187412327737746,-0.6214936585998055,0.0
0.0,-0.3221059385823033,0.5032066731160273,-0.14156834763930898,0.0
0.0,0.5303729828068375,0.0013374314157335431,0.6974956966223945,0.0
0.0,0.8129643782110911,0.15148102016751394,0.7664684816636045,0.0
0.0,0.2578170780062665,0.9581047514897651,0.08756544621152702,0.0
0.0,-0.02375823634351829,0.9262250929180793,-0.29021873928384634,0.0
0.0,0.3054996758700477,-0.22271512624639606,-0.023640597190606676,0.0
0.0,0.2368977027983194,-0.9997403678739042,0.10798618531396134,0.0
0.0,-0.45570138869412397,-0.5407304505797131,-0.5213325848137129,0.0
0.0,-0.9224737335956965,-0.0009071702560783865,-0.8540053220248334,0.0
0.0,-0.39222930629300423,-0.39514710067722664,-0.2366323837818008,0.0
0.0,0.3745384497502311,-0.6789673106557165,0.4090586983722846,0.0
0.0,0.47693218425527023,0.19213924956764633,0.14836879082454763,0.0
0.0,0.16701008740778933,1.1847481663727166,-0.2179233093394958,0.0
0.0,0.3927744411442755,0.957514015812803,0.061598025432157144,0.0
0.0,0.7183101575559449,-0.024377684973227433,0.6585955193311592,0.0
0.0,0.24607135126556043,-0.25902402772318556,0.502083596172131,0.0
0.0,-0.5920250556668241,0.2063110700183679,-0.38624227033036573,0.0
0.0,-0.6373433816328806,-0.0834274011442013,-0.7771479560881366,0.0
0.0,-0.021014020150420747,-1.0122509545874496,-0.34485005744584385,0.0
0.0,0.21806093530808768,-1.0819823608864332,-0.10714009333662261,0.0
0.0,-0.16023991168410304,0.007933839495735586,-0.4165002989960496,0.0
0.0,-0.3136424671654636,0.7918672005114662,-0.29495757819979357,0.0
0.0,0.40388618710741364,0.3931956017240775,0.446209360313789,0.0
0.0,0.8913400668158914,0.0023643441014568264,0.8976260602246627,0.0
0.0,0.38571689002383813,0.5390168847748857,0.38041803556409337,0.0
0.0,-0.2494009432044782,0.8809651200601802,-0.2893105928745742,0.0
0.0,-0.02823153590421624,-0.007733890361135427,-0.3190015711651371,0.0
0.0,0.2665986610525004,-1.0690104385503851,-0.03748347146604061,0.0
0.0,-0.10022221814046645,-0.9212873438568779,-0.38213368916244955,0.0
0.0,-0.7406837036441313,-0.05874294831150079,-0.8173343147013705,0.0
0.0,-0.6014918524591176,0.05944585423775499,-0.36992031292499233,0.0
0.0,0.24793816592367499,-0.4098687709788525,0.49039434929722997,0.0
0.0,0.6646912365312968,-0.014789949037764233,0.5328585107034262,0.0
0.0,0.3513115883880036,1.0202031546308403,-0.043986875617614093,0.0
0.0,0.22839846230144956,1.1765015967213206,-0.18557392823034913,0.0
0.0,0.5548132397048287,0.17413218455618132,0.28538525786709706,0.0
0.0,0.36607693996939944,-0.5766800378578465,0.49868651094202643,0.0
0.0,-0.4443969281990386,-0.22397897232327107,-0.2281118133147257,0.0
0.0,-0.8738434588276758,0.024712721085190598,-0.8453658866259525,0.0
0.0,-0.33809658297166906,-0.6538609591335255,-0.5126855623314795,0.0
0.0,0.25717058758078865,-1.0705398337171685,0.046490248457309216,0.0
0.0,0.19268866394527925,-0.2173981906159156,-0.12648635274417205,0.0
0.0,-0.1412375280058823,0.8913779074715344,-0.313974161606689,0.0
0.0,0.2582857243677119,0.8283127865050246,0.1591167212521316,0.0
0.0,0.8519423994500591,0.08791238189854322,0.8188709134163739,0.0
0.0,0.5344007403935537,0.11774016198097045,0.6420294034941216,0.0
0.0,-0.304458269744762,0.6349848172914074,-0.17531485141885758,0.0
0.0,-0.3901350681153561,0.18934741921392967,-0.5470402446808118,0.0
0.0,0.09958953077790503,-0.9442393594782191,-0.25762644377052085,0.0
0.0,0.12908645866848573,-1.1957902567479148,-0.23566512468140857,0.0
0.0,-0.4106547122835422,-0.2863718704793553,-0.667169167504131,0.0
0.0,-0.6294766660135098,0.3739817907101342,-0.4989225739531411,0.0
0.0,0.09657456968338046,0.01873669963832019,0.3594792327051011,0.0
0.0,0.7552055265769592,-0.11128583589803065,0.8088367551679525,0.0
0.0,0.5361508278617968,0.7069185632904071,0.29803447200749955,0.0
0.0,0.09100799929505189,1.2071863017352344,-0.21530815300670403,0.0
0.0,0.2952996375582045,0.4101742838291371,-0.07493048301242375,0.0
0.0,0.4153031575947372,-0.693408173711702,0.2949876699039158,0.0
0.0,-0.1693859204926833,-0.6914780767413974,-0.11981667263550241,0.0
0.0,-0.8770626866859704,-0.07876602041141142,-0.8169452128341442,0.0
0.0,-0.6839683556616296,-0.2692044668234785,-0.6402861690479036,0.0
0.0,0.10317845665589437,-0.8566419650703002,0.11300225512790202,0.0
0.0,0.4376444934269416,-0.3977524249067546,0.195401442917532,0.0
0.0,0.15414732693832178,0.8016102760840377,-0.2064793892493751,0.0
0.0,0.1815275348103494,1.1585005116193825,-0.091802567251317,0.0
0.0,0.7080786564269554,0.3637848188667424,0.5518638950129738,0.0
0.0,0.6201856906696832,-0.1704453015966588,0.7788229676666049,0.0
0.0,-0.21416314230540945,0.232570633658532,0.03869385467025376,0.0
0.0,-0.6511063406843997,0.27675747319503236,-0.6551108281520464,0.0
0.0,-0.1828227444201758,-0.6653725725019322,-0.5240322816191403,0.0
0.0,0.19931042304398938,-1.277498653785105,-0.16018743123008877,0.0
0.0,-0.07264629292193887,-0.5767898567133154,-0.40350752006087304,0.0
0.0,-0.4958727377455181,0.47524886667159094,-0.5192196537670526,0.0
0.0,-0.04858999747217079,0.47915660646425084,0.10837730865002958,0.0
0.0,0.7540820755768267,-0.02509278141367436,0.8271977751962284,0.0
0.0,0.7146589697344348,0.32812834195234003,0.6290815791305021,0.0
0.0,0.036324360267859485,1.0182389490655286,-0.07605967135786887,0.0
0.0,-0.04855786165423525,0.6014881886450221,-0.30417528895869517,0.0
0.0,0.30505592429154926,-0.6222160757420137,0.015610019691155236,0.0
0.0,0.10404695258985466,-1.041981415385528,-0.07447780907579468,0.0
0.0,-0.6067810012894791,-0.3498095252405888,-0.7232726490228152,0.0
0.0,-0.8443963727951865,0.0344493375969392,-0.7312984948557901,0.0
0.0,-0.13993609933264023,-0.4521352117587176,0.07999573216115148,0.0
0.0,0.5186715438236322,-0.4564357444192364,0.513799795588337,0.0
0.0,0.439453362185974,0.5807529079051367,0.06911807461655309,0.0
0.0,0.18782866070005094,1.2835147418192183,-0.2185772049265543,0.0
0.0,0.5092580873578313,0.684680905472661,0.1655814146569935,0.0
0.0,0.6258397317958613,-0.27602583022112037,0.659425079384471,0.0
0.0,-0.04955394647905493,-0.25349505610601836,0.23695040502144898,0.0
0.0,-0.7694827592348342,0.1626201427212232,-0.6226367569641932,0.0
0.0,-0.5381487333832035,-0.34257985681003256,-0.7360979093550989,0.0
0.0,0.10584195292264813,-1.135583350788016,-0.1895928594811652,0.0
0.0,0.2144835705226412,-0.8013463889622338,-0.11563630635996865,0.0
0.0,-0.2003159217970575,0.40079730753025056,-0.4003151889644633,0.0
0.0,-0.12099388989352373,0.8693204438182233,-0.10726897641005852,0.0
0.0,0.6487052762270795,0.2688300630571972,0.6462344168475189,0.0
0.0,0.8319923116108452,0.04493638315010217,0.8438492549029246,0.0
0.0,0.10997819536970439,0.6432156435500168,0.15426901553678668,0.0
0.0,-0.34691361299900575,0.668445374955158,-0.41777567337160726,0.0
0.0,0.026231954031328622,-0.4225969795496346,-0.29085434737936156,0.0
0.0,0.21640646529662483,-1.2143971542377814,-0.09271623961770295,0.0
0.0,-0.24913536859163288,-0.7026405415907118,-0.5470011591838695,0.0
0.0,-0.7574312759383125,0.1394019811687205,-0.7586029068910505,0.0
0.0,-0.34176863004000163,0.036824957488713506,-0.07782793005050374,0.0
0.0,0.4957854275513163,-0.3317766443861049,0.6774385796538087,0.0
0.0,0.6628291364958089,0.30193471401355576,0.4624190330053472,0.0
0.0,0.24227617635399495,1.1964779140914987,-0.11843280460069919,0.0
0.0,0.26621830126351587,0.938565888593826,-0.13948069775073058,0.0
0.0,0.5416108498957894,-0.20291510295420698,0.3361239273292645,0.0
0.0,0.15570250388239779,-0.6766855165304249,0.2878171483633677,0.0
0.0,-0.6718163326820358,-0.16128187759246373,-0.5223516838816649,0.0
0.0,-0.8530433298308812,-0.09878300701973856,-0.8462310179986523,0.0
0.0,-0.169482242156568,-0.8163607631744757,-0.2693466914462412,0.0
0.0,0.3416142386388803,-0.8828445508365932,0.13594516270067614,0.0
0.0,0.16706512359117262,0.2167325595090476,-0.177819591381105,0.0
0.0,-0.039848843650218346,1.0876356795262239,-0.2370109391322877,0.0
0.0,0.49010037175838855,0.6803832370656133,0.3495431005793113,0.0
0.0,0.8380187926874504,-0.024570322184103387,0.8765179869821693,0.0
0.0,0.2451442299044478,0.19707055586171396,0.43491109438080316,0.0
0.0,-0.4924362744058911,0.5583791707864982,-0.3920856776352196,0.0
0.0,-0.31172665506143904,-0.16679504374462353,-0.5767262441920763,0.0
0.0,0.1565360302023413,-1.1722912468300826,-0.21798382868301575,0.0
0.0,0.039087595819771115,-1.0214816992280942,-0.321348628848762,0.0
0.0,-0.5095727016723582,0.029483898598149778,-0.6569120062541618,0.0
0.0,-0.45477583981867215,0.44475399930905585,-0.26721103541524516,0.0
0.0,0.3991106121258454,-0.02676777348169207,0.5900422439965095,0.0
0.0,0.8213460374716759,0.05899042173428891,0.7706326346795556,0.0
0.0,0.3572242915800751,0.9076326785585601,0.1416074593417557,0.0
0.0,0.009399234018435388,1.053825706233873,-0.25718396075409805,0.0
0.0,0.31481726780890923,-0.01340401665482137,-0.00578991470244181,0.0
0.0,0.3051116806142453,-0.9099788962998645,0.20042288946841025,0.0
0.0,-0.3680205933222588,-0.5775858943061519,-0.40775653888033786,0.0
0.0,-0.9192045078170493,-0.018021131741539853,-0.8789156834751283,0.0
0.0,-0.48893307462836333,-0.3805096369753194,-0.37737017870367645,0.0
0.0,0.2815363421783547,-0.7745664455187872,0.3279856959218607,0.0
0.0,0.45032545427626297,0.001148135658785944,0.1566864712308838,0.0
0.0,0.1509908021778897,1.0888107914656528,-0.2297222386050419,0.0
0.0,0.3451370905622932,1.0382182769342714,0.013629916615186258,0.0
0.0,0.7486874949419297,0.10296496894845306,0.6487693918592414,0.0
0.0,0.3709043430965593,-0.21566165426672437,0.6197770114030215,0.0
0.0,-0.49123872425534937,0.24590143441592688,-0.2399101747256486,0.0
0.0,-0.6424848489473143,0.03492114184443587,-0.7464551222213325,0.0
0.0,-0.052877401402618394,-0.933982163261368,-0.4171834860803492,0.0
0.0,0.21840518787822166,-1.18252406067473,-0.14140398799466816,0.0
0.0,-0.15587291908515807,-0.19581146837197386,-0.43346417895393263,0.0
0.0,-0.4163533119650877,0.6897953722002289,-0.36785636271789945,0.0
0.0,0.24678433280032022,0.4047164444428172,0.357808688947038,0.0
0.0,0.8747063866954923,-0.016315719356266342,0.8871557681349639,0.0
0.0,0.5219027620612362,0.49713462267835584,0.44596947655738384,0.0
0.0,-0.15049674388702286,0.9687439448513362,-0.2323012386046711,0.0
0.0,-0.029044851112439443,0.20609153171692812,-0.2998380067351126,0.0
0.0,0.2803206318577623,-0.9405246616024506,0.016853008456956878,0.0
0.0,-0.047656681064027755,-0.9651201641463177,-0.27801110817859964,0.0
0.0,-0.7160684468568,-0.14236999442005815,-0.8238787071042746,0.0
0.0,-0.6825871078636311,0.04078818419461335,-0.5145446603278989,0.0
0.0,0.13191555728879392,-0.4567125982238259,0.3647129251181993,0.0
0.0,0.6170690035216388,-0.1669977959787919,0.5367427119599211,0.0
0.0,0.36611877635353873,0.9080089687238664,-0.009264473530278022,0.0
0.0,0.21995136706599785,1.2396641769451882,-0.19260327655715812,0.0
0.0,0.5756047052450238,0.34168342680424685,0.2608307892037497,0.0
0.0,0.4691151537912536,-0.4833908031096999,0.5699947445094606,0.0
0.0,-0.33496367683755945,-0.22086964792537112,-0.07705337184013694,0.0
0.0,-0.8680044336827533,0.07254761109563032,-0.7870374166583985,0.0
0.0,-0.4083981548353417,-0.5884241757992832,-0.5965961524340474,0.0
0.0,0.2106162098811871,-1.1383858427104472,-0.03994906755333287,0.0
0.0,0.19539043967224334,-0.4245560734809335,-0.15076628827048805,0.0
0.0,-0.18131318037154642,0.7443940461562162,-0.35815343467740834,0.0
0.0,0.12760575375184877,0.8508472507601783,0.09282392154254565,0.0
0.0,0.808033576356068,0.14723355149363684,0.8035423207125337,0.0
0.0,0.6550255313353093,0.12117800940776402,0.7295404345578099,0.0
0.0,-0.1604459096184021,0.6876246499397554,-0.07085916420613778,0.0
0.0,-0.3588314378286606,0.37020264472731995,-0.5113836699089613,0.0
0.0,0.09404233526331154,-0.7907918913520734,-0.2606571199472004,0.0
0.0,0.14599305501097323,-1.228376834693767,-0.1818148732201618,0.0
0.0,-0.39705910060440286,-0.4296093187282693,-0.6488023156772801,0.0
0.0,-0.7081492541848055,0.28797927891464126,-0.6066549973850803,0.0
0.0,-0.047656274699256956,-0.009777723118284445,0.21210947852106501,0.0
0.0,0.6899331569783897,-0.20726703947106692,0.763874949813409,0.0
0.0,0.5879502763417362,0.5928253791832219,0.33835972272341414,0.0
0.0,0.13461938264170126,1.242301851989293,-0.18191664617918055,0.0
0.0,0.29807511772072004,0.5989684726306467,-0.07041807971578803,0.0
0.0,0.47656928133568605,-0.5406863898332697,0.3450170673746932,0.0
0.0,-0.06165757039260763,-0.6799627071028322,0.017465492358080426,0.0
0.0,-0.8245419801051455,-0.08987329444471154,-0.7511844144696634,0.0
0.0,-0.7461215538237895,-0.2290952322284699,-0.7292084407681471,0.0
0.0,0.011272397030219507,-0.8874043940574585,-0.004840576001845743,0.0
0.0,0.394959702465901,-0.5782123362370426,0.1728640681937659,0.0
0.0,0.14002390915605878,0.6282636219302269,-0.21876136775059504,0.0
0.0,0.10998792249345044,1.155164315700257,-0.14384377055007458,0.0
0.0,0.6688404269878773,0.4690526984299034,0.5082317729276764,0.0
0.0,0.711764402501271,-0.11242317921877772,0.843534494645259,0.0
0.0,-0.07389957826675017,0.2585901602446482,0.18385666487133823,0.0
0.0,-0.6040685706051762,0.39414982434459306,-0.5698939587773236,0.0
0.0,-0.2012309740902109,-0.5207468699973294,-0.5497920691659642,0.0
0.0,0.19918042528642776,-1.279013935181247,-0.18852960998297164,0.0
0.0,-0.054059225449238746,-0.7439739211521295,-0.39742621622447566,0.0
0.0,-0.5466357731755946,0.3247060293911971,-0.5776006666377973,0.0
0.0,-0.210552681842897,0.44967829074526705,-0.005220374424153976,0.0
0.0,0.6514831324874383,-0.05166555410483845,0.7615435240259993,0.0
0.0,0.7803376969431154,0.24864722513934054,0.6604439947942604,0.0
0.0,0.15347538020890844,1.020935726438094,-0.02403453193673255,0.0
0.0,-0.027331641361405104,0.780600056343582,-0.2810033442964088,0.0
0.0,0.31521167659935145,-0.42714578537266273,0.04831863497549133,0.0
0.0,0.16575639091850036,-1.0059631911483629,0.043836887434341346,0.0
0.0,-0.5418944096585078,-0.4079608421463772,-0.6453868644016543,0.0
0.0,-0.8725759792156479,0.020628796714246195,-0.8176343503499062,0.0
0.0,-0.2434836175203393,-0.45843230624974285,-0.07480917491258192,0.0
0.0,0.44138149073757604,-0.5879454718013004,0.4683943633153661,0.0
0.0,0.42490480875060715,0.40638366903163753,0.09597748993761944,0.0
0.0,0.1638446370396998,1.250296624322409,-0.22558374403228665,0.0
0.0,0.48538239390499366,0.8063314472720137,0.12291823509437785,0.0
0.0,0.6989848978547408,-0.15776992538621862,0.6740449076776637,0.0
0.0,0.08265163540389706,-0.2296317309979982,0.3721902045232511,0.0
0.0,-0.7081095620468117,0.20797266549931603,-0.5016207810819066,0.0
0.0,-0.5801844036347868,-0.2379380687439912,-0.7479710808212162,0.0
0.0,0.062439345330124865,-1.1146032414706137,-0.2722774583073869,0.0
0.0,0.2176539484208448,-0.9559903943607067,-0.14798196806428493,0.0
0.0,-0.20463430260082835,0.2058286932933182,-0.43659957877241984,0.0
0.0,-0.24319567216044208,0.8187479650101477,-0.18426344859814586,0.0
0.0,0.5235473566097032,0.3062165014216182,0.5875910705679713,0.0
0.0,0.8730739800932621,0.035278562545332307,0.8818543976221579,0.0
0.0,0.2640854911729259,0.639453131622641,0.2442991384874327,0.0
0.0,-0.27055999579592893,0.8081222388942801,-0.3658796163215817,0.0
0.0,0.02662111060500154,-0.21477153110137961,-0.2849040173037463,0.0
0.0,0.23479818089225535,-1.1478513969428374,-0.03331776311902988,0.0
0.0,-0.21284809103489424,-0.7959687870460395,-0.4668705437735223,0.0
0.0,-0.7787033626557898,0.046941425292261835,-0.811684933489633,0.0
0.0,-0.45978067457018995,0.011699911453800362,-0.23863731372928698,0.0
0.0,0.39061991212464736,-0.4089276904978391,0.5765376326694931,0.0
0.0,0.6554356398133728,0.14892876006280545,0.4800488301448644,0.0
0.0,0.2730663895392029,1.1361446593788562,-0.08585525840064205,0.0
0.0,0.25693461941593854,1.061661381292947,-0.14047109819994114,0.0
0.0,0.5809069511804114,-0.02706746001001437,0.34244638747706735,0.0
0.0,0.2708446378689033,-0.6128968548340924,0.3982687718803364,0.0
0.0,-0.5752185120894349,-0.16203497621670238,-0.3931625841035575,0.0
0.0,-0.8725845822527425,-0.044795274923917834,-0.8502239824040352,0.0
0.0,-0.25027139482168725,-0.7814976745465166,-0.37967344477177134,0.0
0.0,0.2920743756902003,-1.0053594640513455,0.07783924411901516,0.0
0.0,0.16060454773808358,0.006874489487254269,-0.19352711431865494,0.0
0.0,-0.10165579638577688,0.9950946100463907,-0.2901512266642931,0.0
0.0,0.3877495404076065,0.7409064366418686,0.2834766080052982,0.0
0.0,0.856968568452952,0.03549244420967966,0.8886330600274402,0.0
0.0,0.38676685762625884,0.2065734955341148,0.5525158828981658,0.0
0.0,-0.3883187844276069,0.6448389543341384,-0.2833310218867367,0.0
0.0,-0.3061054387696957,0.013442174383728224,-0.5589619240490609,0.0
0.0,0.15723061366450314,-1.075964565222853,-0.23262650134740315,0.0
0.0,0.06297772070509196,-1.1153573695186434,-0.28714701819674804,0.0
0.0,-0.5157795797508369,-0.12980436733942333,-0.6763598303651762,0.0
0.0,-0.5785051967850209,0.3768838988977104,-0.3846378753766231,0.0
0.0,0.25072303617067887,-0.05754365254455796,0.4736400510345668,0.0
0.0,0.8019771009675647,-0.04016836537814286,0.7582464580116806,0.0
0.0,0.4497192077942715,0.8319029612835641,0.1826101598181041,0.0
0.0,0.05112719532490176,1.153752479140585,-0.23238020584863286,0.0
0.0,0.31892327802389603,0.198373806875642,0.006944968160523889,0.0
0.0,0.36773089510148044,-0.7954767704661171,0.2917541421305452,0.0
0.0,-0.27367696222709054,-0.5954943397045227,-0.2716123263226143,0.0
0.0,-0.8940952439756673,-0.025453128313057287,-0.8749787427462407,0.0
0.0,-0.5639895404589227,-0.3499912843532328,-0.5135820521230139,0.0
0.0,0.19634540113166637,-0.8501287193641974,0.23126174426731114,0.0
0.0,0.4151352753820693,-0.19540310927970758,0.16388009555311323,0.0
0.0,0.12199496019322191,0.9638656578467941,-0.2360536692775369,0.0
0.0,0.2796306411911089,1.0884697226640572,-0.037705450551057756,0.0
0.0,0.7625109839206284,0.2163592290426068,0.617940833034122,0.0
0.0,0.49605904940603457,-0.17440276962799184,0.7093860951366427,0.0
0.0,-0.3774606617688897,0.27878093159731393,-0.09689417823454625,0.0
0.0,-0.6428409813564362,0.1564787431692018,-0.6902403151125116,0.0
0.0,-0.0884090129378003,-0.8336224367049239,-0.46470883834104926,0.0
0.0,0.22053063742994503,-1.250241530076578,-0.17321047603589562,0.0
0.0,-0.13560220941991522,-0.3871163255145868,-0.45209622873762445,0.0
0.0,-0.4933992539275015,0.5733122808877933,-0.44341880352810387,0.0
0.0,0.08259202020399208,0.40790581923632996,0.2644888104728899,0.0
0.0,0.8198731995298532,-0.03577211959723746,0.8708532446143431,0.0
0.0,0.6333352791915916,0.44480238455072985,0.5091663389707192,0.0
0.0,-0.037257520877645084,1.0321954271592413,-0.17845942056726094,0.0
0.0,-0.013521150188094768,0.4164678784441298,-0.28866372061381423,0.0
0.0,0.29745948473084066,-0.7849758994353999,0.05986504962113991,0.0
0.0,0.0033054898592732203,-0.9869929659841413,-0.15727801829736385,0.0
0.0,-0.688238857017896,-0.22074465511798802,-0.7937733681485439,0.0
0.0,-0.7532058374263123,0.021981561438574916,-0.6458032675040722,0.0
0.0,0.021921612734335693,-0.4958711312592797,0.2160750937664811,0.0
0.0,0.5652057236379728,-0.3246080216951297,0.5165866167209463,0.0
0.0,0.37058245654843674,0.76629643748932,0.020626385424411496,0.0
0.0,0.19382845160427425,1.2718135896977119,-0.1952427210349925,0.0
0.0,0.5752298702110595,0.49585190099393395,0.23729666331243857,0.0
0.0,0.5709073512241956,-0.38086002062951924,0.6255763325722696,0.0
0.0,-0.2041398777133674,-0.20705909636247732,0.06665717451160744,0.0
0.0,-0.8371183103295782,0.12884484371128654,-0.7103113536933368,0.0
0.0,-0.4702668336344098,-0.50177379001521,-0.6538309982524444,0.0
0.0,0.16037226577333294,-1.1758998764844975,-0.11612481553447618,0.0
0.0,0.19378753901583168,-0.6162863435097501,-0.17312778477863855,0.0
0.0,-0.20882645008025424,0.5802246119732861,-0.4075328093172061,0.0
0.0,0.0012346761946717723,0.8488176810361522,0.011784486946557732,0.0
0.0,0.7377038579486648,0.19693345359798617,0.7689938116844489,0.0
0.0,0.7471331492534794,0.11644383324329588,0.8055989128425536,0.0
0.0,-0.017780465272681956,0.7222961081931993,0.03662882965692755,0.0
0.0,-0.314848207707024,0.5422161271872123,-0.4660647190061762,0.0
0.0,0.09777933678194525,-0.61582613366361,-0.2639626197810439,0.0
0.0,0.1721706262155037,-1.2287902510109063,-0.1286739401310356,0.0
0.0,-0.3735523819961027,-0.5602703911322753,-0.6088687614514094,0.0
0.0,-0.7758103670103287,0.19759858918899997,-0.6947067448509175,0.0
0.0,-0.19550765064145464,-0.0404030188678159,0.06101555511832605,0.0
0.0,0.6060146760544985,-0.30480442126504814,0.6980772935632624,0.0
0.0,0.6255500726093904,0.4583825898068314,0.36239582875933096,0.0
0.0,0.17903067759470315,1.2440340375438115,-0.15749856774545612,0.0
0.0,0.29250266505989647,0.7730960884126563,-0.06833081074729636,0.0
0.0,0.527259233334944,-0.37393885987013853,0.39018833040252343,0.0
0.0,0.05082171931523649,-0.6472728146416931,0.16065190795431453,0.0
0.0,-0.7497245778723093,-0.08891716277513087,-0.6602265224357607,0.0
0.0,-0.7834840134815666,-0.17374019645459082,-0.7981181088568486,0.0
0.0,-0.06820741554112494,-0.8913073402347238,-0.12594925970406298,0.0
0.0,0.34908262549352326,-0.7457518623429922,0.14738344332494072,0.0
0.0,0.11795421474723773,0.4372685684102669,-0.2251047977428796,0.0
0.0,0.029479489483151353,1.1199198616445412,-0.1990649981919331,0.0
0.0,0.6093705686622687,0.5528513653007595,0.44637152089356513,0.0
0.0,0.7889158734221663,-0.0626966910916843,0.878992458758187,0.0
0.0,0.06974663886467085,0.2727554954834189,0.3146692713020204,0.0
0.0,-0.5495771286901584,0.5035664075241983,-0.47201413807332787,0.0
0.0,-0.2215616889669775,-0.36257448899772043,-0.551259151967899,0.0
0.0,0.20102240462574383,-1.248112575535561,-0.20851104472388332,0.0
0.0,-0.023020617681812787,-0.88542006855591,-0.38838589064487294,0.0
0.0,-0.5714064627463142,0.17252460618231508,-0.6312254847700716,0.0
0.0,-0.36198141385568827,0.41213956342827746,-0.11898453791149564,0.0
0.0,0.5227657893566307,-0.07774756986007184,0.689892033098215,0.0
0.0,0.8117974700701994,0.16294588991434653,0.686652033410408,0.0
0.0,0.26906921889637714,0.9989147913191594,0.022736952999066425,0.0
0.0,0.009871810678416564,0.9385923733209829,-0.2664249161405695,0.0
0.0,0.3278501439586117,-0.2188846455285173,0.06673949666003995,0.0
0.0,0.22466065150837278,-0.9448857112375794,0.16246451123576866,0.0
0.0,-0.47538598599298676,-0.455390419659608,-0.5338860639485803,0.0
0.0,-0.8887371528670085,0.009809059106797621,-0.8743924352820137,0.0
0.0,-0.33434996791399607,-0.45307420640847434,-0.23713040699180357,0.0
0.0,0.3688118063811898,-0.7092412936600863,0.39708065026116723,0.0
0.0,0.40521294386485507,0.21317513334541266,0.11642465308287904,0.0
0.0,0.12601522287528016,1.1843241135446354,-0.22814069135729786,0.0
0.0,0.4356588542981053,0.9048422654585656,0.08281097784491682,0.0
0.0,0.7577210091593697,-0.04332889569315691,0.6740161265822842,0.0
0.0,0.22695663555098874,-0.20081679895894522,0.48710172269994756,0.0
0.0,-0.6221956925713068,0.254421207745853,-0.37781673189720333,0.0
0.0,-0.6125094213421621,-0.11922755070830056,-0.7340289088119853,0.0
0.0,0.015493818147576199,-1.0648010004772763,-0.3335526045834054,0.0
0.0,0.2167740626184909,-1.0821994128835548,-0.17386919335633,0.0
0.0,-0.19707130328661912,0.012263201844523553,-0.4738431591131372,0.0
0.0,-0.3450387260061741,0.747337444460135,-0.272022379381605,0.0
0.0,0.38522294890547015,0.33328064856427875,0.5132729009390204,0.0
0.0,0.8777322100022249,0.020311713926967633,0.9088211346283848,0.0
0.0,0.3998586820009085,0.6197483708226789,0.33477837242234604,0.0
0.0,-0.1822606188569546,0.9265310710437044,-0.30939504100097603,0.0
0.0,0.03927954142418594,-0.0010986860879836774,-0.28210751356107416,0.0
0.0,0.26171599870964185,-1.0504734747511482,0.015839249842590615,0.0
0.0,-0.17038857945354136,-0.8703375496682476,-0.3691239206310073,0.0
0.0,-0.7920222865620165,-0.04444857461090014,-0.8330833538799777,0.0
0.0,-0.5741158822529405,-0.014501940459414029,-0.39061782548939283,0.0
0.0,0.2784047612718937,-0.4812534121779258,0.4545229331085649,0.0
0.0,0.6370254139970489,-0.015764519437977388,0.47649777657514175,0.0
0.0,0.29993578451408587,1.0430948182752249,-0.06297326030544573,0.0
0.0,0.23622313639730813,1.1586282642770143,-0.14236676766033465,0.0
0.0,0.6017767184235148,0.14791034971214254,0.3471458972423066,0.0
0.0,0.38500483519542483,-0.5319070450029223,0.5028679069875315,0.0
0.0,-0.45743798016600146,-0.15008786088193915,-0.2532670984638814,0.0
0.0,-0.8646980351445858,0.021937236172662355,-0.8311970772018282,0.0
0.0,-0.3163887731416131,-0.7201817867989504,-0.4774871157010126,0.0
0.0,0.2426295898866462,-1.101011166084491,0.020604859743144043,0.0
0.0,0.14797673033547917,-0.2027238787486806,-0.20281816151925275,0.0
0.0,-0.16224546569455064,0.8759558030525886,-0.3448934443067341,0.0
0.0,0.27402325965387037,0.7758362770958528,0.20117739666098647,0.0
0.0,0.8521249134034393,0.08330051083376745,0.8733725542311266,0.0
0.0,0.5160128411494154,0.20263717429122227,0.6509587180213839,0.0
0.0,-0.2792210790423089,0.713378829132518,-0.17222291989579303,0.0
0.0,-0.29841403472184963,0.19442528833994763,-0.5237446709968464,0.0
0.0,0.160241434048359,-0.9528898922898179,-0.23847221459403403,0.0
0.0,0.09754861274037185,-1.1771180729204669,-0.24912823734332123,0.0
0.0,-0.5010597906525476,-0.2783556685472953,-0.6828281914967165,0.0
0.0,-0.6830961272333457,0.30477184909773025,-0.4935663761276271,0.0
0.0,0.09255866932454744,-0.08661058729402782,0.3532356359514319,0.0
0.0,0.7522747219258977,-0.14090146799601605,0.7367135566017285,0.0
0.0,0.5267046041572748,0.7357560834103563,0.21620029084250914,0.0
0.0,0.10236960239024692,1.2226375520191037,-0.21660614613786014,0.0
0.0,0.32369982767975314,0.40485883007154005,0.007932701874239055,0.0
0.0,0.424713457864213,-0.6601458126183245,0.3724258122597644,0.0
0.0,-0.17880743063685295,-0.5977860174779414,-0.11675883176250698,0.0
0.0,-0.8559535810318188,-0.027019647177713026,-0.8357183405865217,0.0
0.0,-0.6221752905230622,-0.30740767648377115,-0.637567883811141,0.0
0.0,0.12210826495217664,-0.9036306252446489,0.1152356546931956,0.0
0.0,0.38035489590629024,-0.3932519715290538,0.16174207624656264,0.0
0.0,0.08620817496684702,0.8107537623767984,-0.23739795531341326,0.0
0.0,0.1928663448963051,1.109975407968733,-0.0865946675915297,0.0
0.0,0.7510463914889508,0.315500579995458,0.5749785219138855,0.0
0.0,0.6183979927349849,-0.13566414904487817,0.7732373613228017,0.0
0.0,-0.24447547745084547,0.30481011803058994,0.03432452763056384,0.0
0.0,-0.6308382559290289,0.2812764340955971,-0.6190430315419579,0.0
0.0,-0.1275882706402694,-0.7101698214273396,-0.48665443717966944,0.0
0.0,0.2190659675020127,-1.2849676779706978,-0.19189336835585502,0.0
0.0,-0.10667214117039044,-0.5596756347778622,-0.4657888040069126,0.0
0.0,-0.543239347622821,0.4473075006455691,-0.5232053450693194,0.0
0.0,-0.07499190267851424,0.4013104429958511,0.15966889418587746,0.0
0.0,0.7345611738686949,-0.05737456154428673,0.8441089779299238,0.0
0.0,0.7115052744493245,0.3815731908088501,0.5716208918149195,0.0
0.0,0.0770399256325407,1.0698861288448924,-0.12262678027107811,0.0
0.0,0.016497758417259287,0.6138613210649804,-0.2818924303231299,0.0
0.0,0.32241588359490947,-0.6081518227788376,0.08567775610123345,0.0
0.0,0.05827895461106891,-0.9854331512444968,-0.03349220966310971,0.0
0.0,-0.6560449231217789,-0.2936769379023491,-0.728036719616775,0.0
0.0,-0.817917351402296,0.0031136692732675816,-0.751346734639951,0.0
0.0,-0.08679534376574038,-0.5257698996026998,0.05509879038278254,0.0
0.0,0.5102810751200142,-0.48067795760551063,0.47023944133424905,0.0
0.0,0.3727836116524905,0.5981532172887102,0.039359619898926335,0.0
0.0,0.15751103262484314,1.2720546270208235,-0.19842629277499718,0.0
0.0,0.5490973207693539,0.6366807514492754,0.21603382625005596,0.0
0.0,0.6607834739519179,-0.2709984102081924,0.6726473175522343,0.0
0.0,-0.057255651758614454,-0.18276095013213914,0.205424898654385,0.0
0.0,-0.7768587515094517,0.19300712788719668,-0.6203133805046156,0.0
0.0,-0.5157888158189,-0.3930706664234802,-0.6904351279649168,0.0
0.0,0.11157364527600537,-1.1813795037210697,-0.18167870123788504,0.0
0.0,0.18609246583395342,-0.7899962949126745,-0.18682933748955483,0.0
0.0,-0.23129729888880057,0.4035616084961323,-0.4548454940035434,0.0
0.0,-0.12012071510857195,0.8209492100989767,-0.08289826576963746,0.0
0.0,0.6472354245591949,0.23258727086778952,0.7097343315365078,0.0
0.0,0.8125563088400142,0.09964634772084809,0.8614583410862869,0.0
0.0,0.1180916160071991,0.7353220601710037,0.14120425293851163,0.0
0.0,-0.26554062416690377,0.6998181553949382,-0.41045903050121063,0.0
0.0,0.10524863018386849,-0.4257830000321306,-0.2616393707322443,0.0
0.0,0.20810401695007258,-1.196085056257793,-0.07767688904057828,0.0
0.0,-0.3341742066683318,-0.6720509804994564,-0.5530053600091434,0.0
0.0,-0.8245037024916206,0.10847171768152483,-0.7622650822435281,0.0
0.0,-0.34116117406973573,-0.06832068509300285,-0.08656735070289655,0.0
0.0,0.503335660564043,-0.3979556890203302,0.6197108062053112,0.0
0.0,0.644050224666275,0.31007863853719103,0.3752622094678373,0.0
0.0,0.22457349033106844,1.2129038730657808,-0.14271679288904954,0.0
0.0,0.2844993801993674,0.9265469684659211,-0.07471375953290724,0.0
0.0,0.5667020643559124,-0.19834902061481516,0.42398525751251814,0.0
0.0,0.16106516041422742,-0.5971096476755042,0.305769976204875,0.0
0.0,-0.661204401949238,-0.07965757683654263,-0.5420056887533001,0.0
0.0,-0.8003235957055123,-0.10740254042529344,-0.841927650481453,0.0
0.0,-0.1329920108204766,-0.8692019514449785,-0.250799921173558,0.0
0.0,0.3074293894724327,-0.8959143399631055,0.11203585548718437,0.0
0.0,0.09345449461392569,0.2312005847688959,-0.22589041009337255,0.0
0.0,-0.06069392377312435,1.0545503773880636,-0.251624797080634,0.0
0.0,0.5241498750813374,0.6155388228421123,0.37372385031086935,0.0
0.0,0.8476732183796235,-0.022098492055112533,0.8879942232865883,0.0
0.0,0.21955364519579942,0.2744444957513137,0.42472891225266735,0.0
0.0,-0.48140950326551035,0.602795905459444,-0.37188341280797255,0.0
0.0,-0.24398009694423203,-0.19128778047713504,-0.5317629191850423,0.0
0.0,0.1993741248969462,-1.1859402997201052,-0.21226436922258587,0.0
0.0,0.014801875263429052,-0.9975714150643941,-0.36939747899542147,0.0
0.0,-0.5707758969380602,0.025678934016803632,-0.679795746618968,0.0
0.0,-0.4915057700163963,0.3684691221645209,-0.23743619483104086,0.0
0.0,0.3795922873826683,-0.1025577682780593,0.6089326637974235,0.0
0.0,0.8070181718750058,0.07193163148250908,0.7102198204355163,0.0
0.0,0.3697411135203418,0.9540773713872668,0.07030453615939858,0.0
0.0,0.05860906864380115,1.06942004568345,-0.2567457531011796,0.0
0.0,0.34723890603229857,-0.00674473402867517,0.06774548242162388,0.0
0.0,0.2854010936718664,-0.8603753234555793,0.26781563644204925,0.0
0.0,-0.40701997147575364,-0.49323910812330474,-0.39629615397392615,0.0
0.0,-0.8986574475688046,1.0010650845902747e-05,-0.8931948723870332,0.0
0.0,-0.4192483940724336,-0.4380044820757025,-0.3938724063304052,0.0
0.0,0.30021964196305184,-0.8153677105459104,0.2998247244631066,0.0
0.0,0.38791199764289114,0.007052124569312396,0.12264309528685065,0.0
0.0,0.08481446821909885,1.0857763155267874,-0.23099205130741898,0.0
0.0,0.35970830951661265,0.98165557754253,0.04660645356522235,0.0
0.0,0.7911740067164144,0.06752666442576606,0.667815096918356,0.0
0.0,0.3757796443158874,-0.16681697886757677,0.5874840056994961,0.0
0.0,-0.5079915243844781,0.30157576471771774,-0.25541897895406757,0.0
0.0,-0.62589139973544,0.013549980965447413,-0.7035887015756114,0.0
0.0,-0.029990549799737063,-0.984472195487572,-0.37605075209459,0.0
0.0,0.21010519942474493,-1.1792821720076139,-0.18596506718226655,0.0
0.0,-0.18646857806164605,-0.17533810830010368,-0.5030979707660741,0.0
0.0,-0.4291328991130878,0.6568895804493757,-0.3684524135679887,0.0
0.0,0.24269454602993912,0.3461870409031923,0.4174797254647592,0.0
0.0,0.8525438975848507,-0.0037083032395374485,0.9159317178472415,0.0
0.0,0.5122103177488415,0.5809863200223637,0.42067089292707804,0.0
0.0,-0.09242712987745377,1.0197696842494823,-0.247126656331758,0.0
0.0,0.058107396646300616,0.21016555661807168,-0.27631212639518404,0.0
0.0,0.29746470689764193,-0.9253846230766546,0.054164482921656806,0.0
0.0,-0.11548606543385699,-0.9210019782798851,-0.26347241831815366,0.0
0.0,-0.790412342500502,-0.13020643869531773,-0.8247800216280314,0.0
0.0,-0.6812305435217899,-0.03779955999171645,-0.5250718008785388,0.0
0.0,0.15831258392808692,-0.543648942971941,0.3219307369243046,0.0
0.0,0.6049260681775317,-0.18426800681754546,0.45614530551790966,0.0
0.0,0.3245062455804797,0.92084629735507,-0.05090728671226696,0.0
0.0,0.21133848834319655,1.2259958894062934,-0.1510507568207678,0.0
0.0,0.6039951159407342,0.3179871064765419,0.345356092226606,0.0
0.0,0.4899583622572032,-0.4375757780521101,0.6006047942210382,0.0
0.0,-0.32739919263690254,-0.12863149667163554,-0.10165302979533587,0.0
0.0,-0.8325782411890901,0.09743269865793927,-0.7878604974577664,0.0
0.0,-0.3650477870038566,-0.6346456934748181,-0.563681765143866,0.0
0.0,0.19970218572608878,-1.1671704676351629,-0.04045431786294334,0.0
0.0,0.1333130778224343,-0.40876139793049393,-0.2056292444450209,0.0
0.0,-0.22318658898741053,0.7330197252601429,-0.39486017897857434,0.0
0.0,0.146371460961659,0.7855206366219069,0.10899020488978367,0.0
0.0,0.8218427138066874,0.11754276472142325,0.8324911480259607,0.0
0.0,0.6337940744700287,0.18420900537139479,0.7245853382036447,0.0
0.0,-0.16210364280835304,0.7611134349669462,-0.06778989665635662,0.0
0.0,-0.28938015222052077,0.3733950193732735,-0.4757381374848284,0.0
0.0,0.15980071354871117,-0.8055594262376066,-0.23050571528347888,0.0
0.0,0.13840797776534605,-1.2055026381134306,-0.20188685859127817,0.0
0.0,-0.4654256528111348,-0.40966213514055194,-0.6758749018415625,0.0
0.0,-0.7601346847664275,0.23317157592379706,-0.596241165109296,0.0
0.0,-0.06358012350107375,-0.11100099818130045,0.22770905393010207,0.0
0.0,0.6754609776968579,-0.24027823959456113,0.7094558783233685,0.0
0.0,0.5787702471968358,0.6228805709118427,0.24902014588037844,0.0
0.0,0.1565070910892014,1.2591674388786966,-0.20616396316658914,0.0
0.0,0.33280971512732427,0.5968044144663087,-0.005072063131267821,0.0
0.0,0.47969776579514306,-0.5095061182671343,0.4320968595328752,0.0
0.0,-0.0843341963040028,-0.5868394769916657,0.04580865718681891,0.0
