0.0,-0.4831172989339488,0.31066231965134666,0.19724686718688839,-0.4150220714775853,-0.5578315715329566,0.0
0.0,-0.11222405836102903,0.057578640687775524,0.030073545019759413,-0.2585390687305821,-0.39578731401101536,0.0
0.0,0.44085363384551246,-0.34036861306012295,-0.2720968893321552,-0.02033946755945083,0.05739937221409354,0.0
0.0,0.25497918539335096,-0.22697753313752292,-0.4224132256558977,0.09845738590589141,0.49651157634541776,0.0
0.0,-0.3573041689542128,0.047142217317727005,-0.1946550270994697,0.1604387620022879,0.4377928112380639,0.0
0.0,-0.5034321388198458,-0.020290140553811915,0.3341873070420234,0.19211147999576728,-0.08462700232761079,0.0
0.0,-0.10205048361656932,-0.13560968715620866,0.6166822540646829,0.1246026959166201,-0.4025938504213983,0.0
0.0,0.3069110552945643,0.12958784658370756,0.21045706447817805,0.012214905663199592,-0.13789399293322735,0.0
0.0,0.45246630424665046,0.5783821007444061,-0.41589974669469276,-0.06468311863155687,0.3003046530485811,0.0
0.0,0.44409047964248527,0.35756283433845537,-0.22816524090603774,-0.10857188358840224,0.32823785066163025,0.0
0.0,0.15560378724903415,-0.13546821620662175,0.35508870313255075,0.03159115331474026,-0.10075952869473342,0.0
0.0,-0.42238051747887095,-0.18805613460820778,0.45041622198361736,0.2784814987688201,-0.3820942233494842,0.0
0.0,-0.6455978073184778,-0.054651701446533966,0.12771977610576274,0.21266261121831512,-0.038146190720329015,0.0
0.0,-0.11599159152573657,-0.10836449176022235,-0.26725889913091055,-0.017593741189604224,0.43180301061318216,0.0
0.0,0.5085608028587859,-0.260891506155466,-0.4649614527102463,-0.1322724601263388,0.3847311361655684,0.0
0.0,0.3441222963152826,-0.058877458245547694,-0.3370478319084693,-0.17920704840602805,-0.10215904765659227,0.0
0.0,-0.2680939001623651,0.19658531089065104,0.08720759057213796,-0.26918262387319397,-0.5496789074637484,0.0
0.0,-0.445416039191902,0.1124884788783091,0.34593939215642205,-0.28607372679417215,-0.6033102610830341,0.0
0.0,-0.02484880456989577,-0.1488362973244824,0.06694032545403923,-0.09414573873662373,-0.17959372415660718,0.0
0.0,0.34670714306357825,-0.23616377235634547,-0.3740893420911496,0.10739903344777156,0.4625353231054572,0.0
0.0,0.16312795865815277,-0.050299033668194645,-0.45350677212626483,0.22748927885833103,0.6749038882350135,0.0
0.0,-0.22562008383462653,0.029971598963226563,0.024950442691806872,0.2593848704845109,0.1700247364674153,0.0
0.0,-0.32827193588126824,-0.011747013191917111,0.6602745941455207,0.08446540498484041,-0.412187464402583,0.0
0.0,-0.0843644384562011,0.11476727768445039,0.6263013560746821,-0.0813180055762681,-0.41585880510236145,0.0
0.0,0.2898384683009001,0.4286250748044764,-0.1678930896140982,-0.016871899396121312,0.049671993620727,0.0
0.0,0.5906652144001746,0.3316043827197766,-0.529494847515019,0.008789674039269413,0.4334385117097215,0.0
0.0,0.45986887805174215,-0.14495921909647527,-0.058915811056427465,-0.013860400373785066,0.2926175243496043,0.0
0.0,-0.30785042731902834,-0.19990395652560083,0.3686922535364783,0.0960800183095785,-0.19526257179947126,0.0
0.0,-0.8745809327793728,-0.04087232486598122,0.3383931242795338,0.18710194183794052,-0.38312519300386094,0.0
0.0,-0.4093245139209467,-0.09697799669419498,0.0030891369493269588,0.03482079548642752,-0.031520085123748265,0.0
0.0,0.5208863199058364,-0.2854030861431616,-0.4033459821843337,-0.14333475421448882,0.3383664559577493,0.0
0.0,0.6307422344366395,-0.047074803128011336,-0.5944042377654883,-0.218949238599882,0.2693071249225544,0.0
0.0,-0.047361918405396386,0.25379250860134583,-0.20201659727674617,-0.258058261397226,-0.17282957463037701,0.0
0.0,-0.5241667631419377,0.09461387408596204,0.4223921777211171,-0.19313394954445984,-0.5896533659476719,0.0
0.0,-0.3288201480180085,-0.18716875573122035,0.44092738234297457,0.03186224579732782,-0.49890319175552333,0.0
0.0,0.16397551606241084,-0.2379996909931545,-0.09049164090030741,0.16179198923139781,0.2209209177529941,0.0
0.0,0.3214182478081838,0.03532425487056812,-0.5382878098233905,0.16918388309893106,0.8228022349454684,0.0
0.0,0.12598993911624232,0.15488583366253736,-0.3041315678114321,0.17012046393238153,0.5075039743184019,0.0
0.0,-0.11948986282297809,0.01693088761972478,0.46834961707037176,0.09569086573784474,-0.34695442086403744,0.0
0.0,-0.21325095951415876,0.04412219902820575,0.8081743526160766,-0.0544198347648292,-0.6961481681766212,0.0
0.0,-0.05091473392025167,0.32482608062829055,0.17386136961355816,-0.06414422363892121,-0.22778207833482803,0.0
0.0,0.333499145109829,0.35470051801503005,-0.5302903511191382,-0.019403903564270082,0.46045853835977335,0.0
0.0,0.5648102701285432,-0.18154029217257178,-0.39495235262634504,0.013530654551896965,0.5857745832997485,0.0
0.0,0.023242221845917156,-0.37407684525654866,0.0746602522164758,0.1230403924873145,0.03786014664910504,0.0
0.0,-0.7913667784280768,-0.11282178640171775,0.335320017113511,0.15967792589467641,-0.46753399731889256,0.0
0.0,-0.6936450883026819,0.020131334553583315,0.24763525781467982,-0.06974017565483924,-0.34939011096541966,0.0
0.0,0.25358149704904537,-0.09283703374453178,-0.19018636066807398,-0.25076823303572954,0.08646912083298303,0.0
0.0,0.8186867954681776,-0.07922594864932173,-0.6113485320360595,-0.21858348220827478,0.2976630947311035,0.0
0.0,0.35776004961712476,0.15522520936114267,-0.44540633118315187,-0.1414702502988114,0.09269354585623475,0.0
0.0,-0.4229001183129404,0.11989911160264384,0.2475007097472179,-0.08020532341441515,-0.3127344186355297,0.0
0.0,-0.6504070746628436,-0.09565069725130576,0.6108342357678747,0.056852358570396784,-0.4373793828353303,0.0
0.0,-0.1670142755279447,-0.2410066076450435,0.2818123658521499,0.21321119179563716,0.013142797021290894,0.0
0.0,0.3664827496300292,-0.08756525462770054,-0.33082579057197065,0.25699176298972204,0.6056412729069158,0.0
0.0,0.42260507921998663,0.22565990331456287,-0.5290097692636135,0.18785683081069224,0.578474147982582,0.0
0.0,0.14811610648145873,0.21234501536990633,0.1210474913264637,-0.052105765716121154,-0.056926085895755776,0.0
0.0,-0.16478704230795405,0.11478585325614224,0.7657381990693121,-0.23380191171205317,-0.6142097024083807,0.0
0.0,-0.24506345383764,0.19713286203323474,0.40770590152442276,-0.014809623993333645,-0.5627390500011232,0.0
0.0,0.0485704117121256,0.17116441223622994,-0.3159256785340036,0.11052236998000017,0.12865067785004086,0.0
0.0,0.40557177531720545,-0.21970674913076338,-0.4908769173763984,0.026322256664052524,0.7131939958298692,0.0
0.0,0.1455699185561576,-0.39170276599661785,-0.2328657674455121,0.021950280915969067,0.4877282932042507,0.0
0.0,-0.5401912251017982,-0.1561536810846756,0.08953425587544979,0.11552134049032109,-0.25218160494398567,0.0
0.0,-0.6279755803642225,-0.006208996494386105,0.30305312955735286,-0.00521879436528951,-0.6238770500276662,0.0
0.0,0.035226332327229444,-0.011026085595203171,0.14004459271002587,-0.3005483001114668,-0.341719395157945,0.0
0.0,0.6182431225129027,0.08630793233314585,-0.3952099500295483,-0.33521162168581653,0.12692724259984584,0.0
0.0,0.5226861348835291,0.19630031328789957,-0.5614433992711381,-0.1685483375670959,0.32073793656805183,0.0
0.0,-0.06320543624967377,0.032688271399354346,-0.041418490878330896,0.054481325038009516,0.07339663431797033,0.0
0.0,-0.5663500753771606,-0.167246728444941,0.4918713658799708,0.2654676207947972,-0.2694432710922966,0.0
0.0,-0.49500878914542046,-0.22804391712638808,0.5411777635296906,0.2792482796705786,-0.12830722968089525,0.0
0.0,0.015898712545789093,-0.06694130862613744,0.07891396879666907,0.17867852217273308,0.35697989725153495,0.0
0.0,0.4372102906063645,0.27430169987474956,-0.4628400600236925,0.11481889468454963,0.48742236216330004,0.0
0.0,0.5228659709286183,0.29881366278056987,-0.2728064955297612,-0.0459792943755188,0.08396920081048605,0.0
0.0,0.23028998377254928,0.10414927325318239,0.43218269567678463,-0.27389251355797234,-0.41389236129015117,0.0
0.0,-0.26469942093550947,0.13829751777189436,0.5039132740009282,-0.14821435361752677,-0.5689608007341022,0.0
0.0,-0.42976528543020465,0.15111795751312496,-0.026733672582022427,0.1132252538950207,-0.15971480589680773,0.0
0.0,-0.0062370553616453075,-0.2388161114556581,-0.3459368180830915,0.12211443256436758,0.49194095926307824,0.0
0.0,0.31953228884000434,-0.5749316996041508,-0.35357084053140364,0.08568553978019888,0.6355958992546779,0.0
0.0,-0.10623886164319027,-0.23436768072832767,-0.24168332574914256,0.0931018408074007,0.11533608293981691,0.0
0.0,-0.5095344188341592,0.1618991445577302,0.07958462026692771,-0.07390342298886715,-0.4496259108483758,0.0
0.0,-0.21353019775192975,0.1550611311034635,0.37482929291080574,-0.38512244180916755,-0.5661222064821774,0.0
0.0,0.3885925255891704,0.04647706290660038,0.05738511652008206,-0.32363430877945776,-0.30540857181249714,0.0
0.0,0.5715470920413891,0.11329025555239389,-0.4632654649791208,-0.036247526388275705,0.13985495180359095,0.0
0.0,0.17437772343977367,0.09802382332650733,-0.3578856380100371,0.10559609050125657,0.45342334997461853,0.0
0.0,-0.3809685599346113,-0.10136778455406441,0.2057898952025271,0.19930943473741589,0.2856850846895903,0.0
0.0,-0.5565499768082841,-0.23957433532619266,0.5659111048914998,0.3395000153675931,-0.14309746783190555,0.0
0.0,-0.2149626696931875,-0.1751158922743194,0.4342594404267917,0.29701122460764284,-0.1792981244886697,0.0
0.0,0.2520403703126504,0.21128683964060688,-0.13746320188050093,0.03664816890672968,0.18190004577483007,0.0
0.0,0.5355649484667526,0.4906463096354599,-0.486409003014975,-0.21418101017702496,0.3164016804680552,0.0
0.0,0.5222163216585392,0.17860830613858913,-0.04969029087739132,-0.3174993006190583,-0.019453362163823908,0.0
0.0,0.029793254907955802,-0.07204185071362366,0.3614411412390534,-0.08431058489809495,-0.48675334516057844,0.0
0.0,-0.5925241539637304,-0.03439290566179144,0.24010081107952963,0.183956225187643,-0.46125029344503443,0.0
0.0,-0.5535017289504688,-0.13380503659561893,-0.06111920125370297,0.10241631567483281,0.18700399802803477,0.0
0.0,0.12186372241088816,-0.43027795922731304,-0.3079682959324416,-0.0035469780284699617,0.6677926023849916,0.0
0.0,0.38789845279472485,-0.3313597742841433,-0.4568918538183231,0.04909012740733575,0.4003669437232639,0.0
0.0,-0.024186534355218555,0.1404181740044568,-0.25157866206460766,0.026579053610556614,-0.26431206471974955,0.0
0.0,-0.3049980761364553,0.26833091538588966,0.3841903081310068,-0.3265697379003632,-0.6221081725679275,0.0
0.0,-0.09782214596139116,0.1473223191983457,0.5086435317413479,-0.41913781015636153,-0.5057240762470694,0.0
0.0,0.2990349665153973,0.06450500066017209,-0.14533487687289204,0.006999263143474524,-0.034705684380353936,0.0
0.0,0.40311855986801665,-0.013190089681360746,-0.5138294024016442,0.2662884324373024,0.5465659830557509,0.0
0.0,0.036680600986695004,-0.12015651013188594,-0.19579237770086086,0.28472416827081554,0.6271760821035004,0.0
0.0,-0.4387199574844333,-0.15279809870425012,0.3865013055446297,0.23273904423090266,0.06351483698383284,0.0
0.0,-0.4823244506170586,-0.07039481778461851,0.6520997003037127,0.12859660839214224,-0.422238960531307,0.0
0.0,-0.0318230539199574,0.17292968620658783,0.222778392595319,-0.016103163064724986,-0.28906678331709124,0.0
0.0,0.5232622294477753,0.3861322521993367,-0.46107878429650473,-0.15806418047970172,0.15053237475048578,0.0
0.0,0.734883096703145,0.14103122235667745,-0.44629290904395896,-0.2650394633312015,0.3097119698831523,0.0
0.0,0.20008655764867847,-0.11474374077217438,0.05591573261680461,-0.17354504720157427,-0.0034483011239118695,0.0
0.0,-0.6974850120253154,-0.0880593263933081,0.29961258152325854,0.15073380663534153,-0.41129066359228506,0.0
0.0,-0.8315400417900232,-0.168246244463304,0.22387552843316055,0.2381362479126455,-0.2792629144105279,0.0
0.0,-0.007622230971084143,-0.40281625288206335,-0.0575594485821976,0.031592594318461564,0.29666999881190886,0.0
0.0,0.5743889631488255,-0.22324135802180078,-0.48681747847988566,-0.07730866177651045,0.5414405751905363,0.0
0.0,0.31614132702553915,0.31497672972505936,-0.5464648905870116,-0.10357496409575506,0.15347855648735834,0.0
0.0,-0.11287615072408197,0.3016776750180111,0.206050166943898,-0.22543342084398565,-0.4565937270203612,0.0
0.0,-0.25276304903065633,0.02847006024370807,0.730501706267103,-0.20790322118633495,-0.7089026693973836,0.0
0.0,-0.08628226245059024,-0.0321705243032843,0.2648300931045372,0.09088032832111125,-0.2601093268854135,0.0
0.0,0.17057618069487776,0.036477758493422295,-0.40295547217583805,0.23349455948657696,0.6120726807682216,0.0
0.0,0.2501109978216792,-0.05022270071973766,-0.4720392229241268,0.24398896629480063,0.8818087830838044,0.0
0.0,0.009464430408010214,-0.18128508102932323,0.043280969812597964,0.24137587156145524,0.17660754773468634,0.0
0.0,-0.3291431966210114,-0.08312477634372487,0.5968442266785275,0.058861645247308414,-0.5660735344773282,0.0
0.0,-0.3233142277561537,0.21957176030760941,0.490004185512989,-0.20944714909025008,-0.5644474740828844,0.0
0.0,0.14655523425234643,0.4265230764605808,-0.2664508191279689,-0.23416929799604597,-0.06333283583224612,0.0
0.0,0.6976452474758029,0.031540108960265,-0.5753593324708731,-0.1601034119736923,0.3646084447960286,0.0
0.0,0.4715449135030815,-0.3456323998274732,-0.2509320218750261,-0.04923592001538564,0.3193439630344861,0.0
0.0,-0.5660157922804527,-0.16431030273013775,0.11775693305630969,0.14416602064188608,-0.11554263312160329,0.0
0.0,-1.0057508600792529,-0.06870956216691093,0.3235267730743771,0.19162029952154286,-0.35597374577228724,0.0
0.0,-0.24675086313839856,-0.24043473196606635,0.2343702567134355,-0.004014229516223531,-0.08546632729209956,0.0
0.0,0.6291877062303481,-0.18513526422109097,-0.26124997345755907,-0.11164773460255721,0.2767311852650589,0.0
0.0,0.6319608940878767,0.34395213854881185,-0.6454294943446507,-0.10499796288360216,0.2700241440397266,0.0
0.0,0.1484598802560526,0.40244557417163884,-0.0864781128105689,-0.1770049926774182,-0.1052882212117419,0.0
0.0,-0.28567236774482374,0.05562276348641588,0.6753349886401065,-0.13830909051582485,-0.4797660044495452,0.0
0.0,-0.38932823872805117,-0.11315631177563167,0.5500787695308,0.19701408073162907,-0.3623130946835421,0.0
0.0,-0.10360037458129409,-0.1040440028766844,-0.07308996926038798,0.34915262751885057,0.3535420586246612,0.0
0.0,0.2526674399250864,-0.056925754141518285,-0.47825079663444214,0.2632801954521227,0.8236440620934351,0.0
0.0,0.2825945141878572,-0.05243476966546794,-0.2933133729373363,0.11896582536704978,0.4016136083307097,0.0
0.0,-0.037628357137685184,0.01215634879273666,0.30673011418159774,-0.13001545321037059,-0.3722275174521037,0.0
0.0,-0.2976087635010763,0.19130097606501362,0.5262146877926362,-0.2909368696846208,-0.7287870169060071,0.0
0.0,-0.11887667061988674,0.2913144436068871,0.00934732696102266,-0.18688857009986465,-0.46453483127651907,0.0
0.0,0.3687548471003101,-0.017211269283634385,-0.4483712582523308,-0.1099563298877446,0.17628025255490953,0.0
0.0,0.41877598017586304,-0.37222774290501864,-0.41725982611741297,-0.06880466950532334,0.5954546543850765,0.0
0.0,-0.2932983206307517,-0.2542157784069913,-0.16706663864613364,0.09942273333548086,0.33811946939302356,0.0
0.0,-0.7745808528316047,-0.11606442544845895,0.1587503008557823,0.27897600125305433,-0.2755497103332072,0.0
0.0,-0.36138521338690066,-0.16788620219212724,0.40200069096739505,0.07859131285368001,-0.4293562759510703,0.0
0.0,0.334598323780678,-0.030483425792586397,0.14924394268311117,-0.24361777875338708,-0.05166374416635395,0.0
0.0,0.5888313075065684,0.44089925240567124,-0.474169810502013,-0.22571395133426286,0.2587321140159747,0.0
0.0,0.4557125893558108,0.4236274964418413,-0.36977994022693217,-0.07229198171707955,0.15828823487464527,0.0
0.0,0.06704482738714664,-0.02629364837371474,0.3558970786778172,0.0748996826592664,-0.19211532861511607,0.0
0.0,-0.4308622158067187,-0.16734065004765575,0.6307909455229728,0.22927234112612943,-0.27330841008785167,0.0
0.0,-0.5459428767968942,-0.07113196362724618,0.2903232816924002,0.2867760553664888,0.14564160356654107,0.0
0.0,-0.07371706573506474,-0.008561997530938666,-0.23067393245433554,0.2412605016908397,0.5421988190868137,0.0
0.0,0.47907888298764967,-0.08399242033022815,-0.4274035356685817,0.12270811945660486,0.38540565260208975,0.0
0.0,0.43521059253664846,-0.025503219643196066,-0.11496559463294234,-0.15038573742298098,-0.1201053203677734,0.0
0.0,-0.11256952102120779,0.2278586355606472,0.2931412361640432,-0.4208935758175138,-0.51185228564894,0.0
0.0,-0.41819547378553196,0.2971368964100818,0.21332774636020968,-0.29284890855897727,-0.5822249480657867,0.0
0.0,-0.08024939293050884,-0.07237572979890272,-0.13488665373845007,-0.020640388902223604,-0.2170882366740521,0.0
0.0,0.3466552061860341,-0.506615675173242,-0.3429903172130696,0.05860793470608141,0.39701967963538876,0.0
0.0,0.032898916050221716,-0.32006075340190143,-0.3988649916613932,0.09045311264793351,0.6356684409557021,0.0
0.0,-0.4936960854604357,0.01972549235197757,-0.16825717302634677,0.15184532388501754,0.1935289352414995,0.0
0.0,-0.39883017602630605,-0.012523903364197736,0.3470260732401058,0.0681451321069569,-0.40511556271078314,0.0
0.0,0.11712852665042976,-0.05558648242305509,0.5326947820582973,-0.15741347142719975,-0.49813263351120385,0.0
0.0,0.43948147606234395,0.3014205591438562,-0.05198380989363956,-0.16632431140135404,-0.09891443593016977,0.0
0.0,0.4598826286374372,0.5374712509764727,-0.5024656349360435,-0.05863504155385075,0.3406865397110425,0.0
0.0,0.28442940368887615,0.09949225851527788,-0.05404356256882788,0.038950505597259044,0.34924686910898195,0.0
0.0,-0.16642185337065468,-0.25114523821500023,0.464258047115074,0.2606493508369346,-0.06311022296392846,0.0
0.0,-0.5892718800705762,-0.19758142842349175,0.4912724427907842,0.39241282398924404,-0.24040686676927522,0.0
0.0,-0.43695429563518307,-0.013618480287207416,0.1285654130202453,0.18354469898459305,0.11911967673830443,0.0
0.0,0.21218304189402332,0.07567217435110843,-0.3397157598376683,-0.06881377183502976,0.40184142367889397,0.0
0.0,0.6565454946267619,0.006165907179975692,-0.44744804093800067,-0.20821368956685188,0.18623939062999378,0.0
0.0,0.34345944485421037,0.04102673866771481,-0.10093510574721642,-0.27935045108888656,-0.29236014091514373,0.0
0.0,-0.36315868761317094,0.1406379434427689,0.24103361412286417,-0.2390389008299411,-0.6013063833799899,0.0
0.0,-0.58365080593443,0.0157722347738865,0.20001211667903962,-0.0994006574461952,-0.43488558506614133,0.0
0.0,-0.06863141454507667,-0.3330064582350843,-0.11389973326344206,0.016106378111329946,0.16205370644479017,0.0
0.0,0.3502795367320597,-0.42206826053146423,-0.4323802303829956,0.10998605803426972,0.6383789789782488,0.0
0.0,0.07676874751787185,-0.0381742067147303,-0.462311548066017,0.19427157165331252,0.44929834910916233,0.0
0.0,-0.2857701483474924,0.1555678394456268,0.09565962527484015,0.0895782472237287,-0.1823339949581589,0.0
0.0,-0.23367989704946682,0.0911858125082292,0.733285085976524,-0.21423498768348959,-0.5549653276508401,0.0
0.0,0.10379660640706359,0.18012671171050262,0.42889579705423225,-0.1435219985468979,-0.387910547120263,0.0
0.0,0.4188547752074032,0.36559392249972616,-0.37553142881718277,0.11569125958031488,0.18173733694410732,0.0
0.0,0.4976735811649956,0.14350218133732565,-0.4316404216776325,0.1354720605581642,0.6088530967879346,0.0
0.0,0.11125483167798514,-0.18551339510335893,0.13533181588129473,0.11622526511417722,0.35024056091236205,0.0
0.0,-0.5335092869370001,-0.16317399425867277,0.5068777832398607,0.22169965994286753,-0.26714708357919803,0.0
0.0,-0.6614645139297556,-0.016166433818816797,0.3853900706210169,0.18858505852898882,-0.400028178289814,0.0
0.0,-0.021534632750836672,0.03801079315125162,-0.1058080848220833,-0.06783288121643549,0.0317848567127905,0.0
0.0,0.6735389887443327,-0.021400505937245358,-0.540722426832663,-0.2498224400934105,0.345479134139605,0.0
0.0,0.5610771321452462,0.01350317529733553,-0.46812988708996806,-0.289900326858278,0.17072557839326663,0.0
0.0,-0.23105366333774022,0.06827163284948422,0.02947010652970113,-0.1894647979968068,-0.31259990799611104,0.0
0.0,-0.729120890525211,-0.06095117110566848,0.37920153360349607,0.0026504933952936063,-0.5951782739521172,0.0
0.0,-0.3596873058919332,-0.2957802877078529,0.23878359949176847,0.07349816479020527,-0.2387396200082586,0.0
0.0,0.28764610331849444,-0.30365393841208005,-0.2549468712032268,0.051742867959485475,0.46280535935566997,0.0
0.0,0.3854588584318388,0.08987228733400057,-0.6119911952291691,0.07319000908878028,0.6837538005849606,0.0
0.0,0.08880949630689011,0.24079536586055186,-0.19580176889377104,0.06874271034614296,0.12751325557170431,0.0
0.0,-0.16233069988067836,0.07090896226867614,0.650996106432582,-0.057074379496276494,-0.5591949396982354,0.0
0.0,-0.19008033071200547,0.08126906542477177,0.7437995809232308,-0.06489133441148984,-0.6062351334322862,0.0
0.0,0.028307736807465515,0.29111729714573437,-0.034497365291695135,0.08781726696518445,0.06304115592998878,0.0
0.0,0.36939363143827253,0.19965997118765452,-0.5322972527987007,0.1387814917396848,0.7167476287370481,0.0
0.0,0.4259027054320135,-0.228682534388269,-0.24064160745603685,0.15504842085486312,0.5542889415109186,0.0
0.0,-0.14530598355119742,-0.2630280287565105,0.26727736599643026,0.17211142440229066,-0.18223700457695396,0.0
0.0,-0.6989418853950963,0.01566206172323439,0.4691677114913284,0.01906162191970573,-0.558091835716987,0.0
0.0,-0.4179327732456579,0.17789910507823492,0.1338280498852001,-0.20528398395850564,-0.2876269957952001,0.0
0.0,0.4586554569924062,-0.006323764507336207,-0.4192179807847181,-0.24603184866329814,0.14982530561384674,0.0
0.0,0.795011637754321,-0.20130693022984333,-0.5981643873113941,-0.1786071528673324,0.3027114512542679,0.0
0.0,0.035777916816792,-0.021063877119606087,-0.267163147418642,-0.09747516779002878,0.05439506895852633,0.0
0.0,-0.7830235233900299,0.027771893459945348,0.27441864907196734,-0.008716748157922151,-0.3267815682192012,0.0
0.0,-0.6323356172267286,-0.18669888560892364,0.47634204960414445,0.07254659581215184,-0.3688246130219109,0.0
0.0,0.16856683366332773,-0.32190423708757393,0.10903591388431576,0.11812846242465844,0.07366982088528531,0.0
0.0,0.5485868556727704,0.06238756287574044,-0.490292633323058,0.11569402711493026,0.5164266717998582,0.0
0.0,0.34560120522257426,0.429044312192123,-0.45932837585002406,0.0170533804693205,0.3959816745677301,0.0
0.0,0.016102942767732036,0.2142213854109442,0.3988628425026512,-0.14113697522058005,-0.20155639848506612,0.0
0.0,-0.21957378814259695,0.02182113812494097,0.8064639828433892,-0.011173157702975882,-0.6322301807776026,0.0
0.0,-0.21040675871464246,0.0904304100853868,0.28191299165125044,0.23162344906823745,-0.2821611756191779,0.0
0.0,0.08193661163190916,0.12294724294033481,-0.35458576530339125,0.17148461351669894,0.5505531025287767,0.0
0.0,0.36337689650832156,-0.13672077368078767,-0.43652101782516045,0.06256601394472461,0.7755868579857625,0.0
0.0,0.14165866308798924,-0.27298737975355114,-0.07934940101656306,0.05765789362970239,0.1275184216337684,0.0
0.0,-0.4137143854438894,-0.06695775794874435,0.2823784515465762,0.007474544188595371,-0.5668786364825386,0.0
0.0,-0.5009875747087845,0.13145353708390808,0.2907002112759405,-0.21897247061036323,-0.6100428982365388,0.0
0.0,0.08562376570802552,0.08386010212201139,-0.13852705907542842,-0.335335580150564,-0.16709011232457363,0.0
0.0,0.6217707466246374,-0.12671800146457454,-0.5345771397741322,-0.23481861339286939,0.2747118201107121,0.0
0.0,0.31788828535288344,-0.13017346068230154,-0.4663819007355826,-0.06206230933000896,0.34639932803140255,0.0
0.0,-0.45436864627265633,-0.06144143699974954,0.00028164616530598676,0.12335619463775228,-0.00538826123473043,0.0
0.0,-0.6935120701433496,-0.14902765013817415,0.45427300502492973,0.19440856241589677,-0.3230719668811614,0.0
0.0,-0.19200634028145436,-0.21238758763017804,0.4543166611433538,0.0977439302021945,-0.14688277539713301,0.0
0.0,0.36455198405449823,0.07148291763087214,-0.10564475935867561,0.04843428068523684,0.28155849139128697,0.0
0.0,0.5269126463062906,0.4658361597495292,-0.5221497160100345,0.040067912265401094,0.3947755432492157,0.0
0.0,0.3962747857774193,0.296276876588301,-0.010821708188981418,-0.06446306009500237,0.03892185116171976,0.0
0.0,0.021424644433987994,0.022190908631296753,0.6385616009245676,-0.07830182026303256,-0.3992301960587184,0.0
0.0,-0.38669988764432517,0.06038917751456239,0.4893561522879258,0.14931030450390279,-0.3818650636434072,0.0
0.0,-0.36490832501228126,0.09994523894732472,-0.06973654354901135,0.2276931631251932,0.1958116440736441,0.0
0.0,0.14547744713236632,-0.19071158258327855,-0.3672184759579304,0.1286671160907872,0.6360798788333208,0.0
0.0,0.4015448794211398,-0.40766889080120894,-0.31384841711030975,0.048108584121970915,0.38236775016509755,0.0
0.0,-0.07663287346168879,-0.08021070625764945,-0.08706301385530979,-0.06414374323511078,-0.22356674420634867,0.0
0.0,-0.4962926522896186,0.22739352164854354,0.1869712774532596,-0.2928655574424194,-0.5726173441347756,0.0
0.0,-0.1964761549872213,0.11574475973182194,0.1767169088938305,-0.38140604184387944,-0.5013571314339639,0.0
0.0,0.411103176087697,-0.1715250337341588,-0.2117322554668322,-0.191942308814815,-0.131932868303412,0.0
0.0,0.42243217899279556,-0.1470339130170206,-0.507236429650099,-0.005789780900509776,0.3185745316051774,0.0
0.0,-0.1672693541642379,0.0069174630350130025,-0.30786773818408675,0.08371528940287895,0.4540567372272577,0.0
0.0,-0.5433352124945445,-0.09502723287533292,0.2320389397192899,0.17612823534725416,0.09043211815438924,0.0
0.0,-0.3263539345484092,-0.23148588195018052,0.5648028931027612,0.24863902576035024,-0.30896536261100654,0.0
0.0,0.11547392265428318,-0.04792124576598953,0.33248580331078215,0.1483969744052472,-0.17257977656333043,0.0
0.0,0.372460016174323,0.4726082817564415,-0.2759753307456069,-0.03957340286425419,0.26430241758013745,0.0
0.0,0.48002558217316676,0.525021092615449,-0.3288353050053175,-0.16555586695067212,0.34394160101251314,0.0
0.0,0.38471133654270095,0.033101532683477555,0.24285299372175106,-0.08578678648656536,-0.08055650763694595,0.0
0.0,-0.11475306688493708,-0.1282421110780168,0.46589764925278576,0.2001211301168394,-0.452007622721195,0.0
0.0,-0.6050194909312784,0.008461746257876924,0.21370048954710102,0.2338613265859714,-0.1560305335598482,0.0
0.0,-0.4057099085792834,-0.04240052382653572,-0.1379632309630139,0.041926706039556824,0.43582101001251683,0.0
0.0,0.2905331359904209,-0.35659140466574446,-0.35132460364179,-0.024498609174419126,0.5171765181995494,0.0
0.0,0.42564946992279074,-0.2879300416398429,-0.38638368935332384,-0.0006801597400903532,0.03691233190390294,0.0
0.0,-0.1347180127899863,0.15922108956102837,-0.12276903535896289,-0.16106113964913185,-0.4398845775229454,0.0
0.0,-0.4303223258825482,0.24833287801234885,0.3043124458434849,-0.4605401158456802,-0.5505678605569828,0.0
0.0,-0.08021925317887785,-0.010596545585218007,0.20585241954866731,-0.32993204110496077,-0.35869256874139277,0.0
0.0,0.36979566741684544,-0.21611491445021688,-0.29988548518108604,0.07069589979885318,0.07498328149711374,0.0
0.0,0.2501510116039131,-0.11814077777490227,-0.49712826508742736,0.2379258150317961,0.5239380390928342,0.0
0.0,-0.22738980741216344,-0.017082292628276426,-0.12626942540195282,0.2050661847215806,0.4907487279546529,0.0
0.0,-0.4332875916595286,-0.07025660078278505,0.475818279853244,0.13341228199087227,-0.05200830335002483,0.0
0.0,-0.19026704865995855,-0.03633124293788394,0.6415013548997679,0.11921817895412695,-0.44527615163912454,0.0
0.0,0.2125438392141768,0.2681143671134316,0.11028966543847218,0.06061923594087583,-0.20059351650975366,0.0
0.0,0.5164580423456729,0.4983899282578309,-0.423449155068718,-0.10228785494008168,0.307013605062328,0.0
0.0,0.5673955069250854,0.1637634700452204,-0.19418654815976863,-0.18797711137716816,0.3762025751064953,0.0
0.0,0.09083208835509823,-0.1407772649471857,0.2477199406571735,0.027854958792123994,-0.0935124302301076,0.0
0.0,-0.6327833308128746,-0.10373235718111766,0.3278007130922672,0.30492904167535917,-0.43388922790412376,0.0
0.0,-0.6976686780881096,-0.11455231975299687,0.15371020943370392,0.1554594298094072,-0.09247377899914566,0.0
0.0,0.051672294315399506,-0.2945899208377417,-0.17774243068276166,-0.10247564960007824,0.4040871337928934,0.0
0.0,0.5711125407726166,-0.209861807348135,-0.5445636183620939,-0.144116586937633,0.3887253014939855,0.0
0.0,0.25068846617389845,0.1716871194375317,-0.480710596853489,-0.14103662469677816,-0.08454226389098948,0.0
0.0,-0.26761249668844145,0.18139190349016385,0.2009660490764514,-0.2782621018605693,-0.5393930649633838,0.0
0.0,-0.3665629512240948,-0.035933572022605706,0.554574731875337,-0.2661331028311348,-0.6067225735800201,0.0
0.0,-0.04175542218332399,-0.1264249543329134,0.07684798377816962,0.040485193285222994,-0.14555780287215286,0.0
0.0,0.26177761515362136,-0.05760695530895464,-0.47593701701374713,0.21429357960568005,0.5792599037760822,0.0
0.0,0.21586760127514523,-0.026729317965092925,-0.4302409775604299,0.2320455139996461,0.7576036990772878,0.0
0.0,-0.08708541911530977,-0.06891336779518507,0.17558576365873868,0.19699673176450225,0.10695448725586264,0.0
0.0,-0.3061144163472902,0.0068413369733325985,0.7147111867824089,0.058377490242197294,-0.5532532011992385,0.0
0.0,-0.18360996246546143,0.26956324839056683,0.4872435094158635,-0.07701502169787282,-0.47597336141275726,0.0
0.0,0.25123046016648476,0.4582739959730784,-0.2685406003223517,-0.09200975393327711,0.11833700059260714,0.0
0.0,0.680290645182328,0.07834244471891531,-0.47448413197539524,-0.06873590294703957,0.5063949309099783,0.0
0.0,0.4193309977938056,-0.2887421441544999,-0.10456394502656566,0.03409029104786484,0.26547618439361137,0.0
0.0,-0.5461064804865524,-0.1337233110496093,0.23040859823858137,0.18639085954994447,-0.26249370434556196,0.0
0.0,-0.9613189153770052,-0.024534563216830986,0.3301924756444249,0.10835520811769446,-0.3758021852331378,0.0
0.0,-0.20741282831552088,-0.20203212882056398,0.09427322875435137,-0.11342559844265822,-0.01533176754782374,0.0
0.0,0.6837106723067378,-0.24894828014122997,-0.4413042582424845,-0.15966937757955757,0.2848370539968777,0.0
0.0,0.580139344603201,0.18442146861122127,-0.7020952428626372,-0.14086626111551312,0.2019247927702555,0.0
0.0,-0.09111474329102856,0.27682833951228597,-0.07491309861378904,-0.23218603720688433,-0.1728635538203232,0.0
0.0,-0.5083471930471252,-0.01960738888117563,0.6298327258161203,-0.1876535807858071,-0.5103031681596758,0.0
0.0,-0.33995324749776734,-0.20967390602793703,0.4516709672906344,0.16688313154031847,-0.3797306042939628,0.0
0.0,0.11989488022632369,-0.14854460687750468,-0.1888236377453165,0.31537722079868724,0.34513629359649095,0.0
0.0,0.3454454085240265,0.07292284674219701,-0.5475069629730916,0.21140061717886902,0.843438574815376,0.0
0.0,0.21434736329376788,0.1082944627859425,-0.16802041489266847,0.06621222313891226,0.3982814975164725,0.0
0.0,-0.0821915480080102,0.05209922123918475,0.555831119305359,-0.061304379137648315,-0.4667218806504171,0.0
0.0,-0.2500749366563007,0.17382000305189005,0.6472817508927703,-0.06800527913049548,-0.7703694008676408,0.0
0.0,-0.060989674567586825,0.3364748337177787,-0.009089160493167086,-0.0514398056315281,-0.2186929280135647,0.0
0.0,0.3857049236999222,0.08475956910068688,-0.477078649335457,-0.08070303038956726,0.5359473350349362,0.0
0.0,0.4590481694758584,-0.3505068042037246,-0.36119125343040676,-0.00777072417641117,0.6367943128748325,0.0
0.0,-0.25533037832440386,-0.28799333739767685,-0.04745740594240419,0.19959452602434075,0.010300224170251901,0.0
0.0,-0.8270981759626851,-0.08812824528778948,0.26305395781980556,0.19357046891365973,-0.511759646382937,0.0
0.0,-0.4174130480036322,-0.08340708277029091,0.3397090028524283,-0.19015030951372933,-0.3557457865927768,0.0
0.0,0.4230622924286778,-0.035321550820517925,-0.15514862684914932,-0.34328423833036975,0.0638290639927052,0.0
0.0,0.7113664380938443,0.2183014617775473,-0.6903127114848703,-0.1840845627862738,0.25055657878513066,0.0
0.0,0.30634971561499724,0.18899030574305342,-0.3423744779923524,-0.06083144278348688,0.07256537764042782,0.0
0.0,-0.3452572075362572,-0.059389949983463905,0.4306115594590453,0.007101930375648406,-0.2517094836139066,0.0
0.0,-0.6348885240602471,-0.16223396926537317,0.6333668156404909,0.17130542436171603,-0.28535612430273605,0.0
0.0,-0.2738690239678625,-0.13094130400201714,0.1962745066263923,0.304698286103131,0.1616900888072002,0.0
0.0,0.3092672765161651,0.017079025722974386,-0.3616041278739294,0.26982313282950243,0.5900723163510948,0.0
0.0,0.53489571091018,0.14867451746443838,-0.41512678736281255,0.09358192341327556,0.4137142287202447,0.0
0.0,0.27244097122559086,0.16946614861519263,0.19051773112491557,-0.2066133722087726,-0.18545278682866498,0.0
0.0,-0.18085874530816828,0.23094908599987715,0.5843113820907208,-0.2798071785940874,-0.6355100214050345,0.0
0.0,-0.34017171669450985,0.25394753551028465,0.20951706608257786,-0.011369958684413626,-0.5176890342787887,0.0
0.0,0.017731814492747147,-0.060968862068981985,-0.2551943444822379,0.07688598135418513,0.17031534227604908,0.0
0.0,0.3579064456047065,-0.4711534556064976,-0.3907571417651535,0.03813919325963653,0.7060732016651321,0.0
0.0,-0.03274286923326772,-0.3276676940934473,-0.3300066660093769,0.09938220502461284,0.4633171916526307,0.0
0.0,-0.5697193896226204,-0.017953907281247246,-0.04147415553961478,0.13563715116551886,-0.23480956311772888,0.0
0.0,-0.4044866470560669,-0.01164624604974381,0.37521655637419926,-0.14097334231627387,-0.5820570759787377,0.0
0.0,0.21160399344752373,-0.012947941725949326,0.27000798814416926,-0.3794280837931337,-0.3878425324721313,0.0
0.0,0.5503760349114222,0.2642784219757633,-0.4085837011643644,-0.2243216231790724,0.021185573142371267,0.0
0.0,0.4170023137334809,0.28832042706108485,-0.5300240433589638,-0.04131234173210934,0.32110102865015805,0.0
0.0,-0.03377970930336076,-0.08106571451277632,0.08825520383560907,0.0871150460091515,0.23904142665420397,0.0
0.0,-0.5023681971950618,-0.2591122542698311,0.5338930589287724,0.3047428583746301,-0.10461368154541022,0.0
0.0,-0.5202433795118953,-0.19225042596661682,0.47246934135284746,0.39371983673716865,-0.13693339613685374,0.0
0.0,-0.05293099008462228,0.04190180276828477,0.028973036134943446,0.18995364610892396,0.24276050547493705,0.0
0.0,0.4577027753733049,0.28648745752103644,-0.39709192238780966,-0.059875323479005114,0.4048757366822174,0.0
0.0,0.6225415980591186,0.22758434680338632,-0.22852616523771924,-0.23728042804336127,0.06169280657718007,0.0
0.0,0.25640035317830645,0.10173641405419696,0.25022617562290433,-0.24134845556133994,-0.44316866660157983,0.0
0.0,-0.36912395207988663,0.12422028313005382,0.325124715277334,-0.0456743291458336,-0.5852688514917672,0.0
0.0,-0.5525749846132895,-3.302007613049636e-05,0.04937796532664172,0.05297450607479087,-0.10907997406793557,0.0
0.0,-0.05090889490232122,-0.39780332519464673,-0.22761663386200282,0.05252910702555586,0.5278581450516748,0.0
0.0,0.3076108378797916,-0.5174376320806571,-0.4235536484140507,0.12717160845896402,0.6013931957693944,0.0
0.0,-0.037673292335614256,-0.06529696603991522,-0.39344505897857635,0.17029172656328717,0.06389588838096939,0.0
0.0,-0.3523092252870012,0.20561576607566542,0.1515728869042429,-0.1480810380611178,-0.43918335169638756,0.0
0.0,-0.14669268427816956,0.1450303583207937,0.5954678614702341,-0.5033459652156788,-0.5441594697013756,0.0
0.0,0.2878090854876518,0.14688073711561145,0.07795128135966789,-0.18756620292386753,-0.33144295686298286,0.0
0.0,0.48583323299802095,0.17189258184618733,-0.5132668389924829,0.16886387281307325,0.1857735653326567,0.0
0.0,0.23837170567489008,-0.01998868130353161,-0.30096193200361465,0.16962555274715455,0.6182638444212414,0.0
0.0,-0.30233637874574787,-0.18125080425047774,0.2716867672564505,0.16339309989279224,0.38373765108044083,0.0
0.0,-0.5937642390082174,-0.16514998297617792,0.5554124991993802,0.3231380725522528,-0.24494376915719457,0.0
0.0,-0.2909986171691285,-0.025718737563345882,0.3649382588499953,0.25794475624696156,-0.35217024156873045,0.0
0.0,0.30067220648812465,0.22784430536274905,-0.1686458356318731,-0.10281659404513296,0.10698154373775719,0.0
0.0,0.6769116458042382,0.3170693599836258,-0.48047466602770916,-0.33945707804421454,0.3451230199148251,0.0
0.0,0.50038897032789,0.0969085802391061,-0.17705726777518727,-0.2923219322089892,0.03761403556394642,0.0
0.0,-0.22389397031225663,-0.05025081337349937,0.21904678732396995,0.019611876299681915,-0.46147378184702637,0.0
0.0,-0.7727730524945451,-0.12784160207280726,0.3001189254654598,0.1868252902955929,-0.4578408332957563,0.0
0.0,-0.4423330128139811,-0.3141184587203891,0.08045783877876028,0.04740819118510072,0.16554343631923943,0.0
0.0,0.2798820768907163,-0.37818557031348443,-0.34922921661634515,-0.008310798114755803,0.6293152913656752,0.0
0.0,0.40565127691405634,-0.0013807230342602651,-0.6284778178165114,0.060969577366082786,0.3840189307278137,0.0
0.0,0.043847280608672386,0.24593747258985096,-0.1567128412235984,-0.04347454015399965,-0.25575466049884726,0.0
0.0,-0.2160822363302185,0.1394018150470424,0.6651787350849369,-0.35761666073387305,-0.6419791918047957,0.0
0.0,-0.15302168046893547,0.11723472358369712,0.5314084739517373,-0.1987880561640833,-0.5173131018896157,0.0
0.0,0.14351089783020549,0.1657751934094643,-0.2573645653188775,0.1866441022128544,0.1311994998252569,0.0
0.0,0.3722867037204421,-0.031795394820842024,-0.5038099986920848,0.2588532195776731,0.7779975295980804,0.0
0.0,0.16074268921896487,-0.2473205398650192,-0.10789197064563134,0.23411695155564177,0.5985181791990491,0.0
0.0,-0.36815420015725636,-0.14845136854932628,0.4078173325843821,0.20863922338686094,-0.19298700509834874,0.0
0.0,-0.5372050948349231,0.09296729364457029,0.5646660307435353,0.02729924015301836,-0.5800673718341565,0.0
0.0,-0.06555613422469701,0.2944126679100146,0.09734354555779777,-0.19498025589683984,-0.2620795681104774,0.0
0.0,0.6324698598742959,0.18912656617603635,-0.47940578163713277,-0.2438438712987227,0.20872886814863964,0.0
0.0,0.7497108121714465,-0.10663138447017428,-0.4713668154482397,-0.17756384671691874,0.3198355592229812,0.0
0.0,-0.09714647757299055,-0.0984852437059653,-0.058800525305758654,-0.019342622133487544,-0.005786322586186965,0.0
0.0,-0.9313929863090094,-0.06872327068087819,0.3093235851173239,0.14260920921146805,-0.3536993511573884,0.0
0.0,-0.6615169991937203,-0.2673818377027469,0.3522683653803823,0.11674056113352207,-0.22939354608957252,0.0
0.0,0.2773856025256602,-0.3918231561260616,-0.05108072373188344,0.02002675645019896,0.22555619994301046,0.0
0.0,0.609783649593045,0.09560945320861347,-0.6297528053198397,-0.015581599941517416,0.43208450003746146,0.0
0.0,0.29139738115295455,0.46764967688500947,-0.4455003529711413,-0.1366555352671565,0.1360087924772853,0.0
0.0,-0.08335933289583491,0.17641031580801128,0.503286277158502,-0.2842858589328781,-0.39732056884578987,0.0
0.0,-0.2740978541865081,-0.04243648764738216,0.7338862120413611,-0.0003863174940304734,-0.6461550572071412,0.0
0.0,-0.1778811547310369,0.001619373637168517,0.11470371304188696,0.3119628705892016,-0.10236888039812278,0.0
0.0,0.12431857423699008,0.030275203000283895,-0.41770672256823405,0.23784586683132286,0.7781378814857551,0.0
0.0,0.30158314037301603,-0.12731474876578117,-0.3708843791894956,0.1386227617807155,0.8066267825706479,0.0
0.0,0.060107606867557895,-0.16556537195318616,0.09469658783877696,0.1166385907698225,-0.054511939995856525,0.0
0.0,-0.3299040787585479,0.050540491551948785,0.48528030472545675,-0.03778225666657466,-0.7112543323543425,0.0
0.0,-0.3084217961494102,0.29473934869170215,0.3032573161023907,-0.28321136706953476,-0.5688235442853706,0.0
0.0,0.21914379122575517,0.228716625271181,-0.28497279502014705,-0.2958635138635482,-0.0033788248825102844,0.0
0.0,0.6457988694135993,-0.1987997235889486,-0.5262015243004146,-0.14429085856286641,0.41975419872272285,0.0
0.0,0.1663145700115718,-0.2988302429978088,-0.3245344030813102,0.060985156501949724,0.3373636711503738,0.0
0.0,-0.715087523365771,-0.13219022211045847,0.06806571380241304,0.22889659404563212,-0.11225430142989852,0.0
0.0,-0.7683323739350958,-0.16247773601148785,0.4159366982899342,0.12767380300121478,-0.32858518551693544,0.0
0.0,0.005736982942002103,-0.21970639669898595,0.3099429483227285,-0.09116245208658161,-0.09314787822325088,0.0
0.0,0.5833129285221634,0.14235100452680252,-0.3442496787511138,-0.0916980572093345,0.20649717698667971,0.0
0.0,0.5693049368458794,0.5017251207466226,-0.5871835597080354,-0.0669223183317801,0.21886389926437413,0.0
0.0,0.23571112273364364,0.21520874375651036,0.15771400837877333,-0.15032487357669888,-0.0745344788235456,0.0
0.0,-0.2401040655448892,-0.050356779056142706,0.6947805644957177,-0.0019325610778193232,-0.37543813895964234,0.0
0.0,-0.5004966744308332,-0.037080648341950295,0.40441878593831815,0.3283761608631285,-0.20312248203023456,0.0
0.0,-0.2232493042494458,-0.02460083941452644,-0.12393280409448997,0.3391233488106743,0.43333236807797926,0.0
0.0,0.30887147264705966,-0.15914728509260037,-0.3747424961085572,0.17057030793533007,0.6907886061908082,0.0
0.0,0.39996169258408737,-0.14437255462418686,-0.2247251251835156,-0.0009588419838082842,0.2084090325502455,0.0
0.0,-0.0484725553198727,0.13663156479597557,0.15305187916251664,-0.21454829479984555,-0.43385985012768796,0.0
0.0,-0.36394563984613476,0.29962727862093846,0.31857883936783976,-0.33986860931139995,-0.676824610073919,0.0
0.0,-0.10397331128745775,0.10776482769932856,0.03407587280897592,-0.2302291699669357,-0.4195424402226998,0.0
0.0,0.3670469168984769,-0.2814755005258451,-0.3373923099391133,-0.07481643688396787,0.15487886109265755,0.0
0.0,0.22347999064935917,-0.3143655629027534,-0.4737083867321471,0.0321485492022619,0.5693407801323035,0.0
0.0,-0.39566718737308054,-0.10841428517544273,-0.26022550659659266,0.14667621308233983,0.38010157332326455,0.0
0.0,-0.5710803123579524,-0.13281267796552831,0.22547493165526195,0.19284484135499905,-0.19465605309192469,0.0
0.0,-0.13952372206587363,-0.19150288692068929,0.5297363099179375,0.016199803454207698,-0.44550326905901816,0.0
0.0,0.30229418730767466,0.14289966308707336,0.1451880565850035,-0.14876079761166117,-0.16174814980633756,0.0
0.0,0.46351778445938063,0.6043871667610754,-0.46805939281590736,-0.13815312871370272,0.23444385279497285,0.0
0.0,0.4609530245177337,0.3229677572974785,-0.21569085988389491,-0.0829625917702845,0.2827223432795245,0.0
0.0,0.15272238071875205,-0.156809696232589,0.3936862576449939,0.11504995731428597,-0.06692513971737897,0.0
0.0,-0.42955929658201447,-0.15775059361264113,0.506188459900019,0.3620062974196956,-0.27093514720842926,0.0
0.0,-0.6339620822810316,0.011124800688506978,0.21336171755463298,0.28572679628445397,0.0902753135853429,0.0
0.0,-0.10770795289061084,-0.005327297072562816,-0.16889406628338627,0.06688161614131345,0.47851894317923027,0.0
0.0,0.5554974341845847,-0.17699174420667674,-0.3652113139148913,-0.0472031572517283,0.31914006380838594,0.0
0.0,0.4711709294333978,-0.026025478171463962,-0.2564626190213794,-0.14794230412204562,-0.1771784376652352,0.0
0.0,-0.18017997021889953,0.2606138961480439,0.09206822920258093,-0.3278465177993406,-0.521339876981527,0.0
0.0,-0.4949269337635578,0.17935743373557464,0.26967088904032166,-0.34692913829897454,-0.5142316165964461,0.0
0.0,-0.11478159249942327,-0.2205795936600332,0.0056322626989328125,-0.0867285400842613,-0.16382894651939767,0.0
0.0,0.30723372048875913,-0.455715850080663,-0.3781094131823743,0.13497375480713836,0.3621645255839043,0.0
0.0,0.06828078201633826,-0.17181911081796086,-0.5113178104605084,0.19806461724593905,0.586603085225362,0.0
0.0,-0.3392632705414226,0.05533913758260868,-0.11609560417812168,0.12486782213667756,0.22223475592587505,0.0
0.0,-0.306488128159018,-0.011470929648281267,0.5421275684925837,-0.061398374542122644,-0.34835787283733866,0.0
0.0,0.04554358532326016,0.04654892742874789,0.5777754286093375,-0.08336678731494816,-0.5356196791539986,0.0
0.0,0.3494930197397246,0.38902451752767386,-0.12250005148158022,0.02454340344197285,-0.12410606689974917,0.0
0.0,0.4915238376082095,0.42699371682048287,-0.4446195198494294,-0.022276599564610967,0.4582199088975915,0.0
0.0,0.3561834977869543,-0.019507498341024478,0.005141686792708535,-0.022734580644673655,0.47363444814599176,0.0
0.0,-0.19815164195698884,-0.20503889216771162,0.3936535352394284,0.25990039796161546,-0.11076020266348782,0.0
0.0,-0.6750285496057715,-0.09472013144396886,0.3929483987738023,0.3973369260244202,-0.3973657625061187,0.0
0.0,-0.4234633634817691,-0.02107149450385419,0.12610554620424813,0.05594601877442928,0.029258271927215276,0.0
0.0,0.3285646646536044,-0.06695490976887401,-0.3028712915300658,-0.2182860085518476,0.402769191558872,0.0
0.0,0.6590549434912605,-0.024220871876661984,-0.5546889366701337,-0.22450800185790423,0.22319427256038168,0.0
0.0,0.18111564545307005,0.10394850204881033,-0.2607980060821307,-0.1786646900435568,-0.27147710344554743,0.0
0.0,-0.4739849834768596,0.047259294779255015,0.29558988981744766,-0.20197892533297299,-0.5880714411713193,0.0
0.0,-0.5348377639318509,-0.14248357602209635,0.3701610683934163,-0.13805917900066073,-0.42022013213176623,0.0
0.0,-0.00196560798861895,-0.28461707223223714,-0.11176816739050337,0.04413035404352933,0.15908257455138747,0.0
0.0,0.3585306446114066,-0.1622633301100375,-0.5646102283998784,0.16748271636480724,0.6368429557427944,0.0
0.0,0.17882107322681032,0.0523526581484032,-0.42549915213745665,0.17914308453534433,0.4610477691556666,0.0
0.0,-0.1600144558175208,0.06538050958065349,0.32919320652856743,0.018392419084203283,-0.18991882584217118,0.0
0.0,-0.26501338178135353,0.09585654446879256,0.8048178275214589,-0.12552445836409726,-0.6012160302167295,0.0
0.0,-0.04308994375422151,0.2973074064862734,0.3017871400642171,0.01727809919186782,-0.3460896969122991,0.0
0.0,0.36308190273527147,0.3472332200833857,-0.3915617798176233,0.10327363346138692,0.35213443302926023,0.0
0.0,0.5903505672688483,-0.04472753831519846,-0.3504401529349191,0.06722824469731314,0.6734614939809987,0.0
0.0,0.14702587564561637,-0.23425798354709934,0.09480852303449441,0.12752286738442856,0.20366933887034178,0.0
0.0,-0.628179518546439,-0.04824320041016776,0.3866589047786436,0.20705976301700985,-0.41699876063342334,0.0
0.0,-0.7123820613086977,0.05833263837940124,0.3357087741595062,0.0171676751702304,-0.40306115142240806,0.0
0.0,0.08909028724496425,-0.07696247724431932,-0.08868698774168624,-0.20590760725452087,0.04967697661127082,0.0
0.0,0.7592085584774716,-0.155500666770075,-0.5846762087336802,-0.2121976988896378,0.3155983609006219,0.0
0.0,0.413431663522553,0.0713890869999414,-0.5781063555959283,-0.16299608855592068,0.15249913868349407,0.0
0.0,-0.40512819718455884,0.08799837998145865,0.06214040385756526,-0.15877633338511588,-0.25839481340797954,0.0
0.0,-0.6925051794614715,-0.14906724602670007,0.5365172970993359,-0.06723247479732679,-0.5047463960827685,0.0
0.0,-0.20591230108000474,-0.3189236104405252,0.28295215246596306,0.12119831039418925,-0.2258944405448634,0.0
0.0,0.3345485034306016,-0.11972013794586056,-0.3556340423927822,0.17392576618664146,0.41989534096024306,0.0
0.0,0.3881461328359878,0.2491494647115277,-0.6063698134121519,0.08870574460781014,0.6747457800693945,0.0
0.0,0.14678680501315927,0.19118981211790623,0.0337996171966822,-0.04939397107727049,0.15332323112777602,0.0
0.0,-0.13488833603829176,0.03616756252353327,0.7450871748314141,-0.04366884436525726,-0.5823547487334768,0.0
0.0,-0.24354981118155705,0.14158267399789742,0.5757099962938731,0.12435035994862192,-0.6260545842164014,0.0
0.0,-0.025098065755634752,0.29436758065508783,-0.12239704150710075,0.09579203339588163,0.17518865156335506,0.0
0.0,0.38374086851401223,0.04890535402741174,-0.44611955270024756,0.011778979535795521,0.8013212895031007,0.0
0.0,0.40761880073784656,-0.30876973789668083,-0.22421278847858536,0.0926871411004957,0.4638126396611521,0.0
0.0,-0.2406659744770731,-0.19265202311279114,0.13467749722531774,0.2085097000070703,-0.3394037243796874,0.0
0.0,-0.7150235258534059,0.053286280551183035,0.3662849396548916,-0.03324279023752914,-0.5980856068812116,0.0
0.0,-0.29860422239586165,0.0780073388643635,0.16375097210073078,-0.3567632741931702,-0.23878800495365293,0.0
0.0,0.5268209846565166,-0.08132105004321268,-0.41542510397354937,-0.2887508100922944,0.16377020193735792,0.0
0.0,0.6646997090649829,-0.0933172121065976,-0.6757967590229847,-0.0862375039841029,0.268674583858683,0.0
0.0,-0.07061844663161868,0.004326617161896274,-0.24438832399513333,0.0016438479830964779,0.039239255554021614,0.0
0.0,-0.71346284384512,-0.07184358084427266,0.4177416626438468,-0.007977965078271951,-0.2631561072048709,0.0
0.0,-0.5274449117176271,-0.20603831382003931,0.5533623906208527,0.07438038010098419,-0.2766471634560203,0.0
0.0,0.1478777682156829,-0.1502109424444861,0.041550156535830954,0.20760320940604976,0.10541939056695006,0.0
0.0,0.5241149652887174,0.210573728247334,-0.5157851373259924,0.17517458202549563,0.4879676474355537,0.0
0.0,0.43857680387375403,0.3413277496960124,-0.28425819164905597,-0.038202806395487995,0.3550212097733338,0.0
0.0,0.09442176747926267,0.1544141704665919,0.4979146678475634,-0.19251997391381492,-0.2275836664624698,0.0
0.0,-0.26990849382792054,0.11554030373196605,0.651913620684792,0.05962914972939403,-0.6283898702273079,0.0
0.0,-0.3078681732145681,0.15771520483566523,0.1418641278305919,0.2385263387910961,-0.22223384169873645,0.0
0.0,0.08479266855396976,-0.04008392594767832,-0.291075597660733,0.09124386437765539,0.5743444353787799,0.0
0.0,0.38982423439680425,-0.33351424656150197,-0.36661288718274054,0.016928608636564528,0.7057374334615442,0.0
0.0,0.027520390008755037,-0.21392941030971674,-0.20242369824692674,0.08004274101328658,0.05552728992423316,0.0
0.0,-0.4965333256089946,0.04592395663728714,0.12999518203832625,-0.014741594699215176,-0.5545827421608891,0.0
0.0,-0.38667987122587516,0.060628741645701874,0.3305574108878361,-0.339714354874742,-0.5692389991075326,0.0
0.0,0.22563175207477554,-0.03580961070960756,-0.050047663340398035,-0.3731016574222141,-0.20520829459731188,0.0
0.0,0.5431701631928187,-0.008310452510062051,-0.5810733946755667,-0.14120360368796536,0.19598551292375327,0.0
0.0,0.1910067947816197,0.005257324361806452,-0.4797228725307474,0.016841871095673207,0.352868380269796,0.0
0.0,-0.3923368087708087,-0.1309568884350224,0.1270089410988726,0.10879473679590146,0.11465548314056771,0.0
0.0,-0.5636401070303182,-0.23059707485732162,0.5467449498003023,0.21674643517695183,-0.22788294934573056,0.0
0.0,-0.19744811929299685,-0.1397764504512449,0.4128198522714781,0.23531776080128913,-0.16381653945055455,0.0
0.0,0.27017809213529365,0.2290702679885424,-0.14555914059159,0.10355227735972715,0.25071636339736186,0.0
0.0,0.5303700134229241,0.45932557619927616,-0.4041874621584385,-0.07122695412101679,0.40176137638514553,0.0
0.0,0.4987062194908859,0.19998828383828857,0.07390907257783448,-0.16182174242912256,0.02441219546202113,0.0
0.0,0.06995750715468499,0.0316196738537834,0.4832157266949176,0.0033786652563358027,-0.4609578970445701,0.0
0.0,-0.457863516319014,0.10850487526762599,0.3301915484925392,0.18017339591874834,-0.3848472699957261,0.0
0.0,-0.4584880191345965,0.02794402674686091,-0.029478395541532976,0.10204054073691814,0.24933941000975576,0.0
0.0,0.12519321636261468,-0.3558358461112537,-0.2745849547979992,0.042235358795784564,0.620396168302008,0.0
0.0,0.3777612477210129,-0.4359352295531111,-0.3871965911361076,0.0984675383716488,0.3020311744420415,0.0
0.0,-0.10365356625775166,0.01989015757229471,-0.2602045865144253,0.014671397909923332,-0.25883672106057454,0.0
0.0,-0.4344501164234874,0.23107995068162615,0.21224310080109055,-0.3874698295176657,-0.509395240092426,0.0
0.0,-0.12027385440407262,0.0601330976705637,0.33368270615618084,-0.5040201231344099,-0.45452160550626847,0.0
0.0,0.3746859268248135,-0.09371095721184979,-0.20990889681102026,-0.08982095545329892,-0.19215204347691284,0.0
0.0,0.36947929323283557,-0.04404804157352221,-0.5514781734598706,0.1616323097167435,0.27315846154199064,0.0
0.0,-0.10405058325415852,-0.03761811040606147,-0.2274152568042438,0.12072279014823696,0.5516539251176568,0.0
0.0,-0.46739037776249776,-0.14195590910563757,0.34799347355196664,0.11743931915409482,0.22875058946795682,0.0
0.0,-0.354897239191955,-0.1599899972776841,0.5660857552041945,0.29295750237784784,-0.3245059363326281,0.0
0.0,0.051157910375326625,0.07066647578749763,0.2620673679893807,0.23794339383734117,-0.2867634041026098,0.0
0.0,0.40228538571313627,0.4509637641952091,-0.24054141650804625,-0.10955601536311887,0.23377745297024927,0.0
0.0,0.5710467912140589,0.40475489720321234,-0.26775058390626716,-0.30105878072734976,0.3886484570013534,0.0
0.0,0.38117107901731856,0.02630021037846267,0.1181102873867718,-0.09005331128288349,-0.06507350823836472,0.0
0.0,-0.24770371253836782,-0.08967462160196049,0.3050891620056683,0.2748212974271661,-0.49447168287244475,0.0
0.0,-0.7065677998441942,-0.07799520953064314,0.23523443661583754,0.19516976574315192,-0.18602894664060401,0.0
0.0,-0.36229508422882906,-0.22334647000499908,-0.0248067981940068,-0.05564101385341141,0.4233788112248956,0.0
0.0,0.3335418447817795,-0.35573063073886185,-0.4035973240095997,-0.045350137262857165,0.5068850783657499,0.0
0.0,0.3920163610288618,-0.0789441633554578,-0.5708945168796438,0.04122207152754873,0.03303953986222286,0.0
0.0,-0.07911464626635006,0.18975452504236684,-0.09161431629579589,-0.18222108348496713,-0.4327613436940543,0.0
0.0,-0.33846239005845397,0.12656985975629226,0.5325283007347876,-0.5162818529728888,-0.555344952181639,0.0
0.0,-0.12539911302408863,0.02054218652308707,0.25380279450937654,-0.21776006399489597,-0.3774816977502736,0.0
0.0,0.24941257714297785,-0.050337105422703365,-0.38545953223479307,0.21870251648409672,0.14394757780329281,0.0
0.0,0.29757164017150034,-0.12910276550657235,-0.47129892663103395,0.27192986011369336,0.6775570813049352,0.0
0.0,-0.07221131896355582,-0.13566690036260973,-0.011391208948607867,0.18196302690723448,0.5348699673694552,0.0
0.0,-0.4075172378255873,-0.043086183680930125,0.5158368157155412,0.14794106158847564,-0.1819457284132104,0.0
0.0,-0.3025417064154659,0.13197875322041894,0.5764791094435414,0.10736597429478481,-0.5614749608105709,0.0
0.0,0.1643139180452375,0.3503512087546418,0.05812923912004285,-0.060115626399594654,-0.1836948363698285,0.0
0.0,0.6359408171655895,0.3074373420711549,-0.40186257734234687,-0.19058816834637288,0.35140892133787655,0.0
0.0,0.6303175625396207,-0.011375269637147559,-0.2729470086969624,-0.13361615367449725,0.3691171519803694,0.0
0.0,-0.11500253455138958,-0.10275120486548331,0.09547067699167384,0.11208921710868386,-0.10813841324870622,0.0
0.0,-0.8587762339268465,-0.0873570809672461,0.32592590569694896,0.23758273522777706,-0.40219172608884435,0.0
0.0,-0.6219311338914482,-0.24401330029954107,0.2682420453707221,0.04169359893758852,-0.10191245989415737,0.0
0.0,0.27464435741077786,-0.36501436933375275,-0.18585363204921831,-0.09790105328042047,0.3162607511887592,0.0
0.0,0.5980590542085125,0.027967070204734865,-0.7169315960423835,-0.08518464068217535,0.330821837923735,0.0
0.0,0.2080674401428851,0.3240908877323131,-0.44574510324780825,-0.18480420721938853,-0.045231990987886855,0.0
0.0,-0.24018830149222203,0.07817795636498091,0.4682319172903507,-0.3554862925840274,-0.47883493181373704,0.0
0.0,-0.3608484440400985,-0.10388752820403262,0.6153339039486353,-0.08516314323083836,-0.6071794860240188,0.0
0.0,-0.10703405837194968,-0.06185312969614058,-0.02396853962886779,0.26912313770908197,-0.06669924187519591,0.0
0.0,0.2313986642801475,-0.0034979429807812114,-0.4900664829849682,0.2392554105975937,0.7636209980532098,0.0
0.0,0.2890610033653232,-0.07135031930280117,-0.3211666972301917,0.1390336625963948,0.7899374670086685,0.0
0.0,-0.011866890772899123,-0.06540774586007875,0.25734735301027345,0.12682539088126407,-0.08496948912086487,0.0
0.0,-0.30891585498775304,0.12025227894500506,0.6402643259428988,0.044413677871030045,-0.7435845276236326,0.0
0.0,-0.20802474143147598,0.3606559598956158,0.34502714272483,-0.15989393633605956,-0.4766334065862058,0.0
0.0,0.2937286800345411,0.31419265319866996,-0.2918283934028575,-0.20352416424811579,0.2251680049976725,0.0
0.0,0.6806861413437754,-0.15550597755991252,-0.47037079300103873,-0.06396035468760508,0.561396623791015,0.0
0.0,0.1837014495567267,-0.3054813213520056,-0.21403497420766596,0.16095968240215278,0.2265140702934262,0.0
0.0,-0.7575954940009968,-0.11792409192061344,0.16830812110174687,0.2444094965320944,-0.2917767336131261,0.0
0.0,-0.8349652056098573,-0.1167168304385339,0.42600522626104276,-0.026046469724542012,-0.338785259484876,0.0
0.0,0.04924821269545795,-0.2182732224058572,0.13391117761798715,-0.21878305935800924,-0.02745462104264062,0.0
0.0,0.7109902988951188,0.03322454017011388,-0.5855241030631573,-0.12052156836255604,0.19794966359795563,0.0
0.0,0.541673944767405,0.3373270518683361,-0.6654754400819135,-0.10227879426129895,0.14448753013196833,0.0
0.0,-0.04650473455108952,0.12632461990167032,0.2049563199937019,-0.24144442842386843,-0.13756152917860173,0.0
0.0,-0.5179539344534415,-0.09163354710492061,0.7029427952791787,-0.05920871203515245,-0.412879438913575,0.0
0.0,-0.44305021267554345,-0.127845056304943,0.32837923843016753,0.3588509743879206,-0.221344052290113,0.0
0.0,0.07356440732455397,-0.09084137047916473,-0.23409013744025808,0.3682156564556843,0.48480676482913304,0.0
0.0,0.44110058401138974,-0.015455648207124915,-0.43759414052380596,0.14969828136346203,0.7755574790906201,0.0
0.0,0.30525843271429326,0.08888550800976332,-0.07322718923522502,-0.0527502381218381,0.1926685593699971,0.0
0.0,-0.09895266454070746,0.2035403507334362,0.46362781066813374,-0.16432962469364604,-0.5850518905771379,0.0
0.0,-0.29142849972456075,0.2822385418989216,0.45668620103670104,-0.12985068382877946,-0.753182438600635,0.0
0.0,-0.022876085885376738,0.15767779351192554,-0.043912930157843144,-0.09013236481056544,-0.16728026072690505,0.0
0.0,0.39119359372732687,-0.21628119950428984,-0.41199427337248345,-0.058281835304860155,0.5540885893102914,0.0
0.0,0.21419203498181286,-0.34892406726674396,-0.42962581280747136,0.07027522804868648,0.6392186612832049,0.0
0.0,-0.4590234736966219,-0.17914025326902522,-0.15180214365560418,0.23851520744904844,0.03289460584838967,0.0
0.0,-0.6514072981400574,-0.13999049514599415,0.3095477595299366,0.10711740328711587,-0.47986767245741385,0.0
0.0,-0.12404227627665876,-0.13374763358149916,0.4388670702171717,-0.279483082603404,-0.39759435334668636,0.0
0.0,0.4338047291955469,0.19364868908208574,-0.2075816506430389,-0.30473424488083833,-0.0396576587112869,0.0
0.0,0.5799927848738313,0.4363879088571185,-0.6771784114595658,-0.12920721606670257,0.2144975993813613,0.0
0.0,0.3239100861760844,0.06320552734667537,-0.12587431807462177,-0.04710003121397132,0.1645458205925844,0.0
0.0,-0.26497874760156115,-0.20275888944645742,0.5040930220439598,0.117837422809296,-0.12191208698841607,0.0
0.0,-0.6637504691344911,-0.1402398648801786,0.5215222645374002,0.35778487308557366,-0.194425929834854,0.0
0.0,-0.37723737410951647,-0.022252649250067837,0.13459690209488606,0.3327862365875054,0.20602561864356225,0.0
0.0,0.2993142097556606,0.031630568251954885,-0.2709223504459114,0.12811215904709886,0.5228687518986105,0.0
0.0,0.6453047326441306,0.07545754694091297,-0.31631133323052657,-0.06908852756345514,0.2613978817941192,0.0
0.0,0.343915864516086,0.20848172875800447,0.058680259054001295,-0.2395808004441261,-0.2970773460008232,0.0
0.0,-0.22112628247150562,0.2925908665554954,0.36078797597871004,-0.2567725278394224,-0.6219574638345539,0.0
0.0,-0.4275934102074159,0.13526701098490845,0.20712850697500323,-0.08881194340022022,-0.4175393243028661,0.0
0.0,-0.05331791234409394,-0.28959500458958876,-0.14411464723876327,0.04865871534785589,0.20357084828065475,0.0
0.0,0.2556664365374556,-0.5217470827379003,-0.4145789386466631,0.1309335991157461,0.6437295696220002,0.0
0.0,-0.07643214924502352,-0.2070399754991464,-0.4619700138067397,0.19325023652603338,0.42130207552111715,0.0
0.0,-0.4222696648904928,0.04242435513765896,-0.03978058241512948,0.056265492289859186,-0.17421156848255856,0.0
0.0,-0.23299114407422836,0.004027888197827267,0.5389849388560071,-0.3140079728272489,-0.5304713527716612,0.0
0.0,0.205125032975601,0.10984288240901839,0.308584272411611,-0.3067047413351998,-0.4774205295131103,0.0
0.0,0.4586462453518804,0.3762519973573341,-0.43005227023328746,-0.02419693475783162,-0.05797353746352855,0.0
0.0,0.4153037001409318,0.1977185795345533,-0.4148479507182061,0.020519572970121053,0.4487146816771069,0.0
0.0,0.014516485069660065,-0.17721515222406514,0.16778455550744695,0.06595765583086849,0.4525861346066859,0.0
0.0,-0.5117397805098814,-0.22509138004303847,0.4713193917367239,0.37369498852468797,-0.0816628024283019,0.0
0.0,-0.5663242785891669,-0.10063280893229781,0.392040348616463,0.4580381489591966,-0.290885106388541,0.0
0.0,-0.03901842026310573,0.06340645819343005,0.06330556819910028,0.04809712812795313,0.13307171533483397,0.0
0.0,0.542200564002045,0.21386698464573753,-0.33893328265800754,-0.2716116721543633,0.38406354069119475,0.0
0.0,0.6511634926907781,0.21241879531039248,-0.36016220424387346,-0.2812280036945875,0.07004374391906558,0.0
0.0,0.1543048003877448,0.09798902071093599,0.047988419724759215,-0.12610157202925565,-0.4443096434339434,0.0
0.0,-0.5177144362579942,-0.010588786104123763,0.3424927342782883,-0.0216843994246916,-0.5603835260431229,0.0
0.0,-0.6095552082461662,-0.1851958199105904,0.19763432437300146,-0.013331920235099222,-0.07796411508914973,0.0
0.0,-0.023021185628193178,-0.4010566909092715,-0.23230487781315548,0.05769783661123137,0.508365834570551,0.0
0.0,0.35710885578388923,-0.2967311623387251,-0.5841426346744353,0.17794766451943034,0.5616380889084509,0.0
0.0,0.10409812642205615,0.059360179130974175,-0.40624182250540103,0.13821629207025515,0.06050066691692111,0.0
0.0,-0.2193139598227178,0.1615217918718422,0.3968458918311552,-0.2711202634917982,-0.4313491106721392,0.0
0.0,-0.19470879670690325,0.17526114767479772,0.7027070438959295,-0.41317478501059196,-0.5891044737152893,0.0
0.0,0.12828365340763623,0.2620443728819314,-0.00922644400571224,0.04751152524182318,-0.30400673306211273,0.0
0.0,0.4505862409023773,0.11934707057165903,-0.4874553263812511,0.23025513038750844,0.40430997489584547,0.0
0.0,0.3488092750036231,-0.18065123460256519,-0.21770725519745793,0.14129693164478271,0.7744188331511195,0.0
0.0,-0.2528063182284491,-0.1786230687932385,0.25082718659453085,0.18798909126474223,0.25225914738242133,0.0
0.0,-0.6588716099116729,-0.016898011506425926,0.48539099975359923,0.2961773882968061,-0.4589721490851025,0.0
0.0,-0.32778199662281293,0.09042089393019327,0.3378157276391973,0.047331446404506164,-0.4072166324724117,0.0
0.0,0.4100101974615576,0.1315255907023679,-0.18015671840966282,-0.26652731902327326,0.11512223112131259,0.0
0.0,0.774207305147383,0.1302869191715215,-0.5723228702108495,-0.29484532124377494,0.3402008302830505,0.0
0.0,0.3291000861354973,0.0643132730725408,-0.32495827869438326,-0.15578025774901413,0.05997563434586434,0.0
0.0,-0.5197956944228836,-0.06774814820955304,0.22277413718627379,0.030489237802425885,-0.37935396674439664,0.0
0.0,-0.8098411367387984,-0.24847216683358853,0.43824486838736026,0.1066980275224051,-0.40200121633028546,0.0
0.0,-0.21091720364023717,-0.39105768172832867,0.12047128540229621,0.06917423958830965,0.09629746352362452,0.0
0.0,0.40886290256688834,-0.1530693319747636,-0.49385724728614094,0.059438954051828384,0.5320672306556884,0.0
0.0,0.4130781915682926,0.2702785995328969,-0.6584194219706346,0.010008869575207505,0.38669882546966533,0.0
0.0,0.09875093044780597,0.2075065015830205,0.13885156451612554,-0.19878925606220751,-0.19902394171798565,0.0
0.0,-0.19379318476997853,0.054088931025871576,0.7947739815847861,-0.22473203872133135,-0.6753498960046406,0.0
0.0,-0.23663259439917025,0.14101594385534075,0.3842466504598148,0.12383579785100124,-0.4941174037329323,0.0
0.0,0.04848276507960104,0.17704535058845294,-0.29219419559129695,0.21891948088892427,0.3886209099737365,0.0
0.0,0.38022420138258706,-0.11756224308393158,-0.40567782542610686,0.14070708746470548,0.9319870636650206,0.0
0.0,0.22149977099827525,-0.28400926698623874,-0.07270134250703186,0.19345245031518457,0.39253675165221497,0.0
0.0,-0.34699341874561257,-0.057213820058126544,0.3229586753985029,0.2085712150350481,-0.4786192580877783,0.0
0.0,-0.5344960547110357,0.20103648910660568,0.46335951159919964,-0.13867317045120442,-0.6190217356123727,0.0
0.0,-0.015462915290920651,0.24572233993217854,0.043812807086384305,-0.37914617665181666,-0.16756332362219323,0.0
0.0,0.6756296212196267,-0.015113001652486392,-0.512522441065123,-0.23161171141120762,0.24524697586177927,0.0
0.0,0.5774694694865833,-0.1875003759208541,-0.5445226880115848,-0.020282768522901954,0.29240625332775483,0.0
0.0,-0.36352319112405806,-0.09726077723960207,-0.08698546696598376,0.08984980274721291,0.00026051409323080317,0.0
0.0,-0.9260786958694323,-0.13580519916816022,0.40992507157045827,0.06533760948605974,-0.2658759223253491,0.0
0.0,-0.413208209248789,-0.29642019163039046,0.426610099070923,0.033570744301385444,-0.19281551693838886,0.0
0.0,0.3977200277883944,-0.1716135149282027,-0.15232421780226724,0.07716207980450872,0.13345965986474526,0.0
0.0,0.5977006178506974,0.3496705459061122,-0.6665866607561247,0.021446853706703805,0.3443422973494601,0.0
0.0,0.3385170781849844,0.39103958310654346,-0.16674052346729273,-0.21624192136621823,0.15427774763276345,0.0
0.0,-0.059438534833056667,0.08140457653271756,0.646614652574548,-0.22966810475267196,-0.3401449127350305,0.0
0.0,-0.3584422870935204,0.007883596425430094,0.5690078489688972,0.24755673477679954,-0.5641616113580312,0.0
0.0,-0.26994527282079767,0.03560945661546792,0.023346013993071,0.3770784532625788,0.07172877586633056,0.0
0.0,0.1490313141604129,-0.08745968935221143,-0.31659145647977766,0.14463831563477475,0.8270597698199738,0.0
0.0,0.3623409548918138,-0.21023272727666953,-0.2922339383146535,0.04767979584174383,0.6199614178873458,0.0
0.0,0.036095618108718475,-0.0455909108509043,-0.007641233707005665,0.05672237103940165,-0.24033736236782288,0.0
0.0,-0.3531544635911908,0.17427302800572037,0.3236327346801727,-0.1422839864008454,-0.7232087766554985,0.0
0.0,-0.24087929690728102,0.19310132228451424,0.2636816503873684,-0.3898849383510606,-0.5136948707703678,0.0
0.0,0.27341039294343683,-0.01292582699241242,-0.24763611741611563,-0.2822529139641974,-0.003066292944917018,0.0
0.0,0.46727767170601503,-0.21678691363672326,-0.5718510147099447,-0.041884576024446826,0.3987701815046434,0.0
0.0,-0.06422324630667042,-0.19882408941546573,-0.37974953881324336,0.12956736066052751,0.370773248428085,0.0
0.0,-0.6337075853802074,-0.18313611902070867,0.1332007638909702,0.1899098755077157,-0.032036654667467246,0.0
0.0,-0.5057722224707002,-0.22675418233366082,0.5127427165825901,0.08270343850160355,-0.31274236674467254,0.0
0.0,0.07104740291347497,-0.05902653898176936,0.28506186609171,-0.031593887882621616,-0.17375196384838057,0.0
0.0,0.47123572784583334,0.4076762017155678,-0.37379533800392106,-0.050215088856696226,0.15879494363933974,0.0
0.0,0.5664968332237914,0.457961407487752,-0.3920801024140799,-0.11414314766821296,0.27283459028498774,0.0
0.0,0.33761294155946875,0.05416438514408557,0.2772919800103242,-0.10492087822559534,-0.008691303024441405,0.0
0.0,-0.22288483307522575,-0.04956995859541804,0.5511986285238549,0.19207769572029423,-0.34452526308790943,0.0
0.0,-0.6035645849311646,0.04925963883106228,0.2931047247827311,0.35763306186308585,-0.12793275688185962,0.0
0.0,-0.297337633908767,-0.027373484410694406,-0.056259935778926365,0.1885066169082997,0.4524377553143729,0.0
0.0,0.3670497719050267,-0.2793196740169704,-0.2735109087239807,0.04931968302663874,0.5520285033370514,0.0
0.0,0.4538984726608718,-0.15825911004248328,-0.31532245145000154,-0.006167871248080187,0.05683425120184038,0.0
0.0,-0.08557313264196321,0.23408946987556256,-0.06228258620463127,-0.20320045791434702,-0.43868317850042815,0.0
0.0,-0.40287813104320996,0.2520617430533054,0.2938722760368889,-0.44817447333476845,-0.5648813410204361,0.0
0.0,-0.10681459312822691,-0.07479072852353943,0.14351183441512155,-0.28821971144845826,-0.3702626009170946,0.0
0.0,0.30390910874709465,-0.32742613636987045,-0.34227076252849553,0.04281279449672529,0.07640573874942692,0.0
0.0,0.1402067723378919,-0.19810151520510463,-0.5550340366079634,0.15456790122876526,0.5092917128154275,0.0
0.0,-0.3162912259127558,-0.0639347346256122,-0.22844917420000732,0.11256956607261656,0.457118401330061,0.0
0.0,-0.4108394796267313,-0.13862258340827854,0.36589389616083073,0.05844083380563784,-0.08751514052609025,0.0
0.0,-0.10470811658686754,-0.10043176892696977,0.5653931125084827,0.07332381266963685,-0.5022517648657994,0.0
0.0,0.23036838546617755,0.27915627305538987,0.09458921199354495,0.025703495682601444,-0.2666666002066283,0.0
0.0,0.4413948320572867,0.5670456171117016,-0.368155739788879,-0.13164644680355317,0.3024142086644253,0.0
0.0,0.50203152929241,0.20945641108418564,-0.10947837879930578,-0.1527981404640145,0.437922448863813,0.0
0.0,0.15860553942180455,-0.1487696886565432,0.29583762871042074,0.17899937501136493,-0.04638934929329072,0.0
0.0,-0.476570765564186,-0.09966066246697126,0.3726585751597311,0.44921516958264374,-0.3761676824406938,0.0
0.0,-0.6574647988836907,-0.007084509255845705,0.23573936346269672,0.1695062704550017,0.027087465246247215,0.0
0.0,-0.06709056840675312,-0.10414810757751121,-0.08411597594191335,-0.1217028401214464,0.45416108948367223,0.0
0.0,0.5689738179894684,-0.18747726820393099,-0.4500444383463586,-0.09810132852097735,0.29236901445826596,0.0
0.0,0.4104013155352767,0.03908641615731009,-0.4567832653883571,-0.06294058581426515,-0.19799680974857417,0.0
0.0,-0.2272490787453544,0.17377154123466998,0.08424797199803383,-0.30099086249675777,-0.4978626847043351,0.0
0.0,-0.5060110822281273,0.02416895979834722,0.4314867636034714,-0.4184053195928117,-0.46466168647147743,0.0
0.0,-0.14582096589020158,-0.1995376588453368,0.029393657890002634,-0.05867641140640772,-0.1604444015427875,0.0
0.0,0.2887552930846893,-0.27526004241419677,-0.4828278188568514,0.23209042847132358,0.3382018528182549,0.0
0.0,0.19409119116750476,-0.11481902320880821,-0.5058411317910613,0.2227644065716218,0.6030660061809243,0.0
0.0,-0.18644476683936606,0.005123649007139651,0.05507456859537484,0.05081873087387956,0.25841923343418194,0.0
0.0,-0.3242658199857503,0.04459442236351542,0.6437281498140851,-0.05579522938903217,-0.37553526850290186,0.0
0.0,-0.090644419694073,0.19156931643203043,0.5064931111624897,0.06134431225034146,-0.5773779292992843,0.0
0.0,0.30802375173474345,0.38081149450672835,-0.12678784409660887,0.0592664671420672,-0.03505613273720327,0.0
0.0,0.5918224432233584,0.23332192875616725,-0.3584524467315787,-0.07466228143278635,0.5786604667456932,0.0
0.0,0.39929589214685085,-0.07313509453127313,-0.054598936962901946,-0.007941417219058498,0.44729422481384085,0.0
0.0,-0.3070895773175545,-0.09445588170066099,0.25892184548141,0.2827644352042267,-0.2296690649395112,0.0
0.0,-0.7634461581991022,-0.045528330280139466,0.37631402053286916,0.26649831605670754,-0.45171209981164145,0.0
0.0,-0.3429179294487267,-0.1364526963275117,0.1901361768599783,-0.10105036026060565,-0.000993226871986973,0.0
0.0,0.44278867530425353,-0.18104808746752293,-0.35783762655822243,-0.22130936700564352,0.3572296818369023,0.0
0.0,0.5841020325739474,0.06105415375138626,-0.7288270976831186,-0.14031886567742236,0.22468674240688763,0.0
0.0,0.03826102541817827,0.13017616576475766,-0.26768387152004947,-0.16917797958374328,-0.20137602033343266,0.0
0.0,-0.4930353843608294,-0.07589217270878437,0.47119888304274704,-0.2595904971840491,-0.5230739796209164,0.0
0.0,-0.45725759442916586,-0.201012617507551,0.43857920516987314,-0.06239920818317442,-0.44320146898934404,0.0
0.0,0.02980766420366378,-0.14159446944288903,-0.19801878868990647,0.17650829023605152,0.12903994913715033,0.0
0.0,0.37411530378492386,0.01073186604337085,-0.594208448145069,0.17409463580021148,0.6939257963460533,0.0
0.0,0.2722289511650887,0.03538543260151703,-0.2546778296465439,0.07084388708686083,0.5212945784096509,0.0
0.0,-0.09230463771008847,0.031122875315066488,0.4681830282394788,0.009627108512439406,-0.25694647293510575,0.0
0.0,-0.3121691751069051,0.16831148960808345,0.7103959809520035,0.05228721258105063,-0.7087350197502931,0.0
0.0,-0.1266959688101229,0.35332150100973936,0.21478605396851408,0.031214899673064744,-0.2555404317234742,0.0
0.0,0.3647538566999269,0.22921489893519795,-0.3274650615417713,-0.03078878416097103,0.5209416073146831,0.0
0.0,0.6243796284704917,-0.18314858956287264,-0.34478788718737025,0.043823551366480196,0.6451227538924473,0.0
0.0,0.06999460825415076,-0.21110851473723896,-0.043369776451694576,0.22392032057061456,0.023319098700808567,0.0
0.0,-0.7226623995737477,-0.0047707121172186236,0.30760208512883597,0.15697693407699892,-0.47654463625632626,0.0
0.0,-0.6668480996661141,-0.0014026956559114578,0.3928218890259147,-0.20008241399645169,-0.33391237244662,0.0
0.0,0.20962154680411252,-0.15406585672459266,-0.10601453254914683,-0.268001064365098,0.044510631017192784,0.0
0.0,0.7472583435443965,-0.08276318768453561,-0.7195173056357717,-0.1014136374168982,0.23540536442925653,0.0
0.0,0.3163031635184549,0.11746768264613554,-0.5790124801030476,-0.0826430186887122,0.1267329766760702,0.0
0.0,-0.4347612059355869,0.009823348257624709,0.2452235149988606,-0.20966372402428488,-0.17531847360306071,0.0
0.0,-0.65270795442489,-0.17341244576341613,0.6292399686718863,-0.0612880003185475,-0.4146121536986462,0.0
0.0,-0.1762356307710584,-0.21529496475620447,0.20401619679586125,0.27716249281089167,-0.20382845455710996,0.0
0.0,0.35910656084362075,-0.0034088192738310455,-0.4010302698946243,0.26559815126605246,0.437966657318434,0.0
0.0,0.4561657750303799,0.2233557073620028,-0.46175858326881275,0.025001709782692685,0.687401865124083,0.0
0.0,0.19015583460913638,0.17575704842260317,0.18542023562968526,-0.144354199652755,0.10759883717626845,0.0
0.0,-0.1663837270432522,0.1319004225309768,0.6619409692240169,0.020393650958005258,-0.6662031630055698,0.0
0.0,-0.2858088116828437,0.20376919993870984,0.4245544043661161,0.1714824724784496,-0.6120181184370048,0.0
0.0,5.1536746320887065e-05,0.15823113866590882,-0.10465363784199315,0.004808023770601081,0.2724941586745645,0.0
0.0,0.40059233110737885,-0.14392959692153157,-0.39514611358070556,-0.046793651596573865,0.8114159594785871,0.0
0.0,0.26298977233016657,-0.2848009525231078,-0.32748295523669213,0.13086711230835352,0.3780725138097506,0.0
0.0,-0.38090892088635153,-0.12113697193484284,0.009372721979278124,0.22539329228301902,-0.39021737888727,0.0
0.0,-0.6287060017731121,-0.02772491557996179,0.3984736654992891,-0.15401544656809826,-0.570762692137609,0.0
0.0,-0.1178046444333734,-0.02675494532238669,0.21916308104520588,-0.4460362662918247,-0.24576875129529951,0.0
0.0,0.5133114179394804,0.04976871577972628,-0.5091796742564607,-0.23653306501315025,0.10022456416719219,0.0
0.0,0.542156402422821,0.06248818728896739,-0.6996429696494344,-0.024024611265002025,0.24194401358665274,0.0
0.0,-0.050880015745493404,-0.0877730326094306,-0.06948979745859098,-0.00330300905231044,0.10263825593990447,0.0
0.0,-0.622319461636561,-0.1674317992569256,0.5316288693259854,0.03677034914419054,-0.17840062378001637,0.0
0.0,-0.5299973895842395,-0.1381688523245033,0.4920907169015234,0.22940291350496145,-0.22941353856872837,0.0
0.0,0.07163683665223922,0.006360700266537206,-0.0173543051273039,0.2784514376637785,0.15316779155027024,0.0
0.0,0.5416647087640887,0.2144662214056376,-0.4047092937051614,0.09523926665189143,0.4998036557763261,0.0
0.0,0.5467486368622977,0.2509247487659603,-0.1463573336298569,-0.13142333700708572,0.2717509506386593,0.0
0.0,0.1452620659825399,0.20055475420759428,0.39874070525943406,-0.15309751232978222,-0.33718512810000634,0.0
0.0,-0.32008107498534843,0.20868322202688488,0.47428715101306684,0.07035519065383145,-0.6161689567833927,0.0
0.0,-0.37493580337398213,0.0999746622533813,0.1353508330319266,0.11833034930148031,-0.12201044752944602,0.0
0.0,0.07016140091889954,-0.25137635880333853,-0.20980770786638403,0.04267672834449758,0.5683185985152548,0.0
0.0,0.3261018567283451,-0.42496419161978977,-0.4115334729497052,0.09339504756226225,0.6049147394341898,0.0
0.0,-0.08110495274483542,-0.126201894323228,-0.3558866348209649,0.14687458611193502,0.02057386073285395,0.0
0.0,-0.4598368270772471,0.07084283354178568,0.1116309313623052,-0.1286968623967833,-0.46568961460774344,0.0
0.0,-0.23536533024147518,0.003824122612143537,0.4441111665516977,-0.48731179531865637,-0.520935727373922,0.0
0.0,0.2704181425755819,0.024095089254064287,-0.05631422361909054,-0.2942271880705852,-0.30843926281698675,0.0
0.0,0.4622876721133364,0.13224723122869814,-0.6147722937922936,0.006790579336736364,0.09131182823588185,0.0
0.0,0.17487933281339105,-0.011577222822503902,-0.35845710171582973,0.03149811958427009,0.43426211569846074,0.0
0.0,-0.32804529572672086,-0.2018131785294611,0.2540904803794367,0.06304349764384307,0.30301908532089006,0.0
0.0,-0.5376045734024196,-0.20476361602827975,0.5110753335952022,0.3280804530896362,-0.18235660257576425,0.0
0.0,-0.23479058199499808,-0.04604260728414921,0.32740592560009846,0.384733958566764,-0.248724855154676,0.0
0.0,0.2573227784087596,0.25080599962899214,-0.07795037561023908,0.02158971675045953,0.22233098294282871,0.0
0.0,0.5763747668105323,0.4001408556977268,-0.2813165153321747,-0.2588094108749907,0.4082318091837845,0.0
0.0,0.5340156071312363,0.21405172119957877,-0.027828426455036883,-0.18169831499366385,-0.01900796605475553,0.0
0.0,0.04363143554718552,0.05589922024019067,0.2775387826964344,0.10555948816028844,-0.5166905843823196,0.0
0.0,-0.529482903412176,0.015481030961653314,0.3161633260277782,0.1314472772653283,-0.3538070420583789,0.0
0.0,-0.5186924720698128,-0.13901585910624964,0.08065516158695052,-0.010936615696166769,0.28769552718286795,0.0
0.0,0.08122641261980425,-0.402485919953833,-0.2921473266776837,0.04452435813768844,0.5818779736142309,0.0
0.0,0.35612183000533876,-0.31856502558087857,-0.546310943805753,0.17571697240024287,0.24501749721351845,0.0
0.0,-0.013483321545681349,0.06680074081965136,-0.3043257064497215,0.0012262159722721266,-0.2478030064768222,0.0
0.0,-0.31585768114205137,0.17850160029047782,0.3870112572842676,-0.5238911202704224,-0.4628411901220959,0.0
0.0,-0.14259632248758702,0.11821464233198489,0.40831943037745944,-0.4751655983839459,-0.4784177868307886,0.0
0.0,0.260985496686894,0.0513889732434497,-0.268077380020304,0.09768453039942247,-0.23276988622386616,0.0
0.0,0.3877918091388127,-0.07989085815953297,-0.4963027692292585,0.245797646807619,0.3749808856197392,0.0
0.0,0.01482292379623002,-0.15715082647663695,-0.115112487534706,0.10360146250168399,0.7121213737017243,0.0
0.0,-0.44614032189936426,-0.10667443606789956,0.35400127269714565,0.14445621753310267,0.22597657173926364,0.0
0.0,-0.43987204224761944,-0.010022071874227649,0.5016993788366535,0.34527781572946836,-0.4629042304939258,0.0
0.0,0.02189604080794868,0.1440840764503934,0.26977083535237445,0.13233140621343442,-0.35216837266437256,0.0
0.0,0.5060890560078601,0.3332663989054211,-0.18156366008983807,-0.26015420091648955,0.23647255923301172,0.0
0.0,0.6545365549281064,0.29754508218459685,-0.36560484288963196,-0.2985576156351384,0.3874723936426148,0.0
0.0,0.268888810438232,0.04431602465350839,-0.07172385079735893,-0.007411806236013072,-0.053502339182064346,0.0
0.0,-0.46556281774911346,-0.12170775944356146,0.28366280451929904,0.2476501808985435,-0.4498293508604966,0.0
0.0,-0.7694048858154718,-0.23407368012041174,0.3578468888114841,0.11522732198903539,-0.19066918188974954,0.0
0.0,-0.231880700303589,-0.3419878707152032,0.006440414125081678,-0.04702279196756559,0.33844797018391687,0.0
0.0,0.40468615044924094,-0.18674386678759355,-0.569285065437697,0.002281597836523805,0.45366838721184877,0.0
0.0,0.4034065972149889,0.14351665826074259,-0.650791504880571,-0.011710759314235777,0.07955736926579787,0.0
0.0,4.226019088039845e-05,0.14035048381935725,0.14367353536416763,-0.3192539382034747,-0.37810555547613267,0.0
0.0,-0.3079808118341855,0.053390579952189085,0.6782198123366499,-0.40915211616101366,-0.6140513060943085,0.0
0.0,-0.22309470551268862,0.09107459753414017,0.1717899804232309,0.062406276884579434,-0.4059598350306801,0.0
0.0,0.1629705296330491,0.01232263511599177,-0.39761158436686284,0.2735462746529927,0.35810837121988154,0.0
0.0,0.36377499530239377,-0.20578551184268573,-0.36990302949653164,0.18772995521100175,0.8885808390488276,0.0
0.0,0.03554837835859274,-0.17497340424863983,0.03602704765919975,0.18155243157690526,0.41418521546873227,0.0
0.0,-0.39838421847133754,0.05971650867870009,0.4551286493901287,0.20810249061084488,-0.4601032084616191,0.0
0.0,-0.35306847740662956,0.26162552536909117,0.5284584683183436,-0.04405816357935177,-0.6160311793949926,0.0
0.0,0.18136961674267083,0.3222575901989232,0.044785914662013634,-0.26973673242955093,-0.08269712989673834,0.0
0.0,0.7156883523436529,0.10401834696705814,-0.46375939759552404,-0.17538711909226506,0.3799658734540137,0.0
0.0,0.5372317414558623,-0.12440544085213234,-0.40777039889900635,0.03286320210705169,0.32475261648174186,0.0
0.0,-0.39183321183394354,-0.11304852216575356,0.039994464569954306,0.1721507799737547,-0.09376846692026272,0.0
0.0,-0.9610955294401714,-0.15413917322454349,0.430163357077483,0.09542743140843143,-0.316257936639187,0.0
0.0,-0.4176180090315441,-0.31646337519153406,0.3311092645111907,-0.03922246243069779,-0.1222174559315532,0.0
0.0,0.45489869217113926,-0.21258119737262032,-0.32669085870319775,-0.025121394208878926,0.18447022975623176,0.0
0.0,0.6162540411958051,0.28382509830471137,-0.8012065183556278,-0.0649301145257334,0.2652079829296017,0.0
0.0,0.22375137958702435,0.29483739916642815,-0.17295414963963796,-0.3109137739505827,0.01599680976605249,0.0
0.0,-0.2526853263962244,0.0009284264960811913,0.6543286225225543,-0.31352770854875195,-0.424476934702578,0.0
0.0,-0.43939098240198105,-0.07000745461437152,0.49100805913084034,0.2313714135798766,-0.5739333038732137,0.0
0.0,-0.157583429437935,-0.0440887865678875,-0.08911030164250328,0.39629384703346426,0.12581088777825591,0.0
0.0,0.2763137587372091,-0.08393931352054197,-0.38726637866483643,0.15909944227037467,0.9176012917352807,0.0
0.0,0.34311059863873744,-0.0822478632334554,-0.23518787900378335,0.04915937713343574,0.644373919814517,0.0
0.0,-0.009804204044643746,0.06930725173938812,0.20646742655283135,0.08653853969888561,-0.3477339311315723,0.0
0.0,-0.30040687752000617,0.2350042844049141,0.5299599236244098,-0.06290681976703882,-0.8250428083971169,0.0
0.0,-0.1475799124365306,0.28815390502509,0.27858788332898615,-0.29373433643600744,-0.40674059128454315,0.0
0.0,0.3380879451920731,0.07905297024001436,-0.31774380517686307,-0.2067350661616378,0.28186538028693525,0.0
0.0,0.506790241325154,-0.25052832630679606,-0.5408145486588097,0.03460051168866291,0.5730809774916686,0.0
0.0,-0.11328189136168819,-0.2732283668050075,-0.2816305943264202,0.24360565662042855,0.23380062985433608,0.0
0.0,-0.7706305341782638,-0.19120541485023604,0.21590801978068014,0.2046967115079707,-0.2590871326817008,0.0
0.0,-0.559238091552118,-0.20023802785612976,0.5129919373183918,-0.12243300769733247,-0.3407903740077374,0.0
0.0,0.19452793739476226,-0.038003838690542045,0.062107259607886864,-0.2205065986406719,-0.10603117303369271,0.0
0.0,0.6419697623985092,0.3554276652426161,-0.6628793114703158,-0.10058138433819858,0.12975244586927442,0.0
0.0,0.5566161687695501,0.2826666074137299,-0.42362373560894934,-0.14156684452479573,0.1642027079772065,0.0
0.0,0.02465689085465795,-0.04086734126322359,0.39269157241067904,-0.16487036198428573,-0.07446731790485972,0.0
0.0,-0.5637294093837603,-0.07294044357109583,0.5853911904350005,0.19552648860974844,-0.32672100238525736,0.0
0.0,-0.5635595066511868,-0.029550841447833737,0.22535415257807048,0.4467982569833018,-0.04789122874261431,0.0
0.0,0.056140701218096944,-0.10714040483536744,-0.1509986773441259,0.2675561172255849,0.5591890495804512,0.0
0.0,0.5489360118754169,-0.11962627513077041,-0.3093157991574823,0.046063734101222706,0.5889920055493446,0.0
0.0,0.3659488753591085,0.1524535420353796,-0.13971458016416233,-0.09634166229954286,-0.034790038128427736,0.0
0.0,-0.12355094049333894,0.3484767733529355,0.2717295849565792,-0.2392701426840228,-0.6056523417193547,0.0
0.0,-0.31547912572455705,0.2348997802164136,0.389926291847533,-0.2625984827896123,-0.6338234607765961,0.0
0.0,-0.02210444333388592,-0.09868268382282944,0.0015681356755480166,-0.09227024790067251,-0.13340810176356035,0.0
0.0,0.2776785080471148,-0.3635665351622694,-0.425881936896766,0.06925015541220056,0.48716380539770177,0.0
0.0,0.01045603464806457,-0.26671813083102885,-0.5217636681679846,0.16459774219025475,0.6171640257756111,0.0
0.0,-0.4358811592809486,-0.13547447779279415,-0.15911220203525708,0.16987591765515744,0.12284881775773997,0.0
0.0,-0.40652123138582713,-0.16459284510250258,0.416451282834826,-0.04549154443550373,-0.4156906760509094,0.0
0.0,0.007779237433609055,-0.027213187530787008,0.45508323851662197,-0.24580003235244835,-0.5052458871232344,0.0
0.0,0.3614321978215441,0.4078265780623885,-0.24702479239609354,-0.17122704024361599,-0.1715517365581239,0.0
0.0,0.5198952383552,0.43097740541577106,-0.5147600153068275,-0.11859356175494092,0.2739734327601688,0.0
0.0,0.35644138969990236,-0.06737755408435203,0.026765591383090457,-0.05643183548987455,0.3595616694707331,0.0
0.0,-0.24260800380548592,-0.2208011721039978,0.4146593188585289,0.27904333256670255,-0.029304995390246717,0.0
0.0,-0.696600725652422,-0.08332434181638915,0.39620346274550206,0.5065403662481557,-0.22956829891101835,0.0
0.0,-0.4072869742526854,-0.0005672013151538646,0.1866860495128577,0.2151427265951505,0.1663428537964272,0.0
0.0,0.328394233914492,-0.006586061172819199,-0.1471698013134121,-0.09984103283416594,0.44885977057471454,0.0
0.0,0.6909313234287064,0.09609989782280504,-0.3926156680498877,-0.15147576204889704,0.15548682966879046,0.0
0.0,0.3482954712608097,0.24544789147212231,-0.1739588588733671,-0.16540209292550984,-0.35045757159506663,0.0
0.0,-0.27405742797860905,0.17933671507082222,0.30511723662394996,-0.26446070482934353,-0.559574892974494,0.0
0.0,-0.5255353229189695,-0.05375923778482131,0.32136650768053626,-0.17523537797306138,-0.32603374555413706,0.0
0.0,-0.15525474001540135,-0.34826843545437347,-0.1278692588051743,0.08493317949301057,0.19036780755987595,0.0
0.0,0.2301013997158217,-0.41839265615840593,-0.5228340796164158,0.23377293219234777,0.5681082933006142,0.0
0.0,0.06342218156864891,-0.1303682597751836,-0.5068968191829551,0.20261626043701247,0.4119818943646929,0.0
0.0,-0.24676155098886965,0.05848161047816093,0.10661319048044128,-0.09290083000695162,-0.1121997076361701,0.0
0.0,-0.2224755891472425,0.10120338740859978,0.6616326020683726,-0.35873995365776834,-0.5453213524854041,0.0
0.0,0.09065775381841476,0.25558838479579926,0.2620550852753331,-0.09651611798454164,-0.5634386097080999,0.0
0.0,0.42485504585326667,0.325720005321765,-0.37470062763811085,0.10110884276383543,0.020997966038080376,0.0
0.0,0.48554102275253747,0.02999682464567712,-0.29989989602503053,0.0065414153554950935,0.6722002819879715,0.0
0.0,0.030126313930920447,-0.17317643657475892,0.12451294205198585,0.09478446340751966,0.520532919031602,0.0
0.0,-0.571582366394384,-0.1052398139241982,0.3666167609109136,0.4364664119453477,-0.23939915414466895,0.0
0.0,-0.583214574811769,-0.0382823618671804,0.4010334611169921,0.33515834651090065,-0.42718176242910744,0.0
0.0,0.048339707049055713,-0.005390253266454743,0.1341731177410746,-0.17558406700431706,0.08501844561309088,0.0
0.0,0.6234623263868536,0.1442021475211594,-0.4338910999766364,-0.3275734364321156,0.3625857114651102,0.0
