0.0,-0.4073824831976721,-0.20051507959428883,0.2751266461203659,-0.0744850337534318,-0.37425016535229244,0.36425803791155253,0.0037258071855378484,-0.5382535970803523,0.0
0.0,0.3693706266422721,0.3656269540263967,-1.1185117555859316,0.19072908989749854,1.011202232949278,-1.1444837896592965,-0.15698650609405998,0.6555045705462245,0.0
0.0,0.8286224938055557,0.03638326072733376,-0.9242819881521976,0.2038747431461196,0.6612583389939601,-0.8525500085089592,-0.33247211417013495,1.1065636507357501,0.0
0.0,0.30770383124201084,-0.34030235475730725,0.5226360998379151,-0.16851325341529882,-0.7435581168553216,0.48831991182152745,-0.1710833789225083,0.2298044365896126,0.0
0.0,-0.6955407723754627,0.09507475144421088,1.1164067814717327,-0.5344492746217955,-1.058626749733325,0.7601021961105852,0.701774010558286,-1.1083891527649068,0.0
0.0,-0.80548067139029,0.5855174946827242,0.04594117719936503,-0.1252595095243493,-0.2932796267970155,0.24844569775458203,0.49816896894100565,-0.7568368936439573,0.0
0.0,0.2344299381009273,0.14885881782996213,-0.7181201181039155,0.21152919271417633,1.0811377444457695,-0.7050822205043769,-0.507635373219994,0.6956233792721461,0.0
0.0,1.1373783358251623,-0.8470653231662197,-0.4773980740261567,0.4638776668405002,0.9197035782211328,-0.4514278917943735,-0.8885506619149783,1.061251470752754,0.0
0.0,0.23699930546142656,-0.3832294732600623,0.004636513091730455,0.5474236336083379,-0.3855696041474735,0.40826115766176807,-0.043491644910867724,-0.1993141877635113,0.0
0.0,-0.9754736253373921,0.41071878073905016,0.6689507060826102,-0.272134473296518,-0.6178490662471261,0.4757328780239782,1.2000043066782804,-1.4378889754300546,0.0
0.0,-0.9225477264830684,0.6761948712636864,0.6536096867701435,-0.7559424582601129,-0.11477699111322111,0.35556131218581294,0.2508596776346582,-0.0823021999779881,0.0
0.0,0.27374672000585826,0.2640326493895954,-0.23495559997943788,-0.015856778132521766,0.3808957220013576,-0.1269860837710547,-0.6268909299251813,1.4229026034239034,0.0
0.0,1.443685692812137,-0.6731106177677371,-0.5987415602872581,0.6963456442667005,0.3808164331148386,-0.6102497136863239,-0.22023328378687088,0.8745189150953665,0.0
0.0,0.7263501509027787,-0.2601521001752025,-0.351529992253504,0.6159669945436752,-0.08793160470953525,-0.20657426750934754,0.6678999425688161,-0.8514297270202619,0.0
0.0,-0.8470059729220508,0.4863178606431723,0.5091605194661366,-0.43962162649088543,-0.17487403878291255,0.7143499498107646,0.1966306540452529,-1.1487533948792565,0.0
0.0,-1.3258390882507902,0.5349534867461677,0.8487572850658118,-0.8318451541317328,0.06146621257908065,0.8087674422446661,-0.7995554814183541,-0.048021339036331726,0.0
0.0,-0.15672479984848445,-0.03015575650337447,-0.00529194035212992,0.2983685562527269,0.2629190728786922,-0.5239242864906647,-0.30615237866651596,0.6780954391706627,0.0
0.0,1.3677084893765776,-0.9330804075723156,-0.5826658010043646,1.1066576637517744,-0.0067078677910087925,-1.103944015101579,0.3770602351450575,0.5162408110851802,0.0
0.0,0.7267027385726799,-0.15117707935516012,-0.5716361337510495,0.41803554019123845,-0.24774696880613986,-0.31719853319332475,0.5208597638947865,-0.10050134411165607,0.0
0.0,-0.7913301055515342,0.8044620943531623,0.3872655783012299,-1.2333338022893323,-0.12412675772582171,0.8567501304096752,-0.16406407476267873,-0.32485013125694884,0.0
0.0,-1.0180523059859332,0.5948998304288234,0.6290191685417753,-1.3122180473056977,-0.09889448774647083,1.0304500641591288,-0.43868216675575245,-0.24772178853088186,0.0
0.0,0.3464261946477309,-0.5136239606145955,-0.3287946882431764,0.38113594627832753,-0.13365392404897922,-0.18299194823282955,0.21953777855609743,-0.10161040355864916,0.0
0.0,1.0913930341949678,-1.1113218248034946,-0.7383238050989045,1.2429633446302792,0.12477289972238312,-1.1986150238008184,0.3772663651861979,0.2541871905842191,0.0
0.0,-0.30748691873373374,-0.023327148553538624,-0.5538749746208756,0.609826907959056,0.2535274346061302,-0.671409691530568,-0.16015742449585277,0.476797488725218,0.0
0.0,-1.1952998676338387,0.45964070083320624,0.705932674991046,-0.9933406574207191,0.016593671877533474,0.7532827232874796,-0.7811966961999125,0.11619940108034463,0.0
0.0,-0.43787625956629694,0.2616535673390417,0.9073493154073017,-1.1381495527479049,-0.2849066893706981,0.8310506754296679,-0.03967465570758645,-0.7332572110567546,0.0
0.0,0.9126537996899984,-0.07171064489887831,-0.5574997596440012,0.4918447717807556,-0.5230443107431703,-0.09633092341610851,0.8068210661448518,-0.8583681242623696,0.0
0.0,1.1882808381549068,-0.130042898833004,-0.9912046139910579,0.8408329762632253,0.10543114166980992,-0.8516255627285382,0.1737295964281284,0.45772081962234396,0.0
0.0,0.07909592443551955,0.108790762428937,0.005599866521202115,-0.11717328340027165,0.6035888407739011,-0.5224792155971347,-0.6402584742814619,1.2611542425237685,0.0
0.0,-1.0256729288848538,0.19235817625695026,1.0552529453830293,-0.7626331204423104,0.0065872858687216675,0.4974563393037593,-0.650059567184767,0.401293997876728,0.0
0.0,-0.934579965464147,0.1342354533213383,0.5382084252611963,0.15418678944525277,-0.6613015075023151,0.5245199742944513,0.8082503823830044,-1.3715260809390213,0.0
0.0,0.2679317882743411,-0.24565500653255393,-0.31764477997392093,0.7162902845285424,-0.2521806834974872,0.07661042128018898,0.7451998528229964,-1.0657491300006547,0.0
0.0,1.0572150265617482,-0.458462566655908,-0.6412584270344042,0.23823418198062085,0.9333796760293026,-0.27388468616051853,-0.7201546720656654,0.9282821761336614,0.0
0.0,0.41465972575988896,0.1578783043558401,-0.42098611067219527,-0.25016758959836344,0.9331613633728227,-0.10706084062727564,-0.8884793411705582,1.4131598031954624,0.0
0.0,-0.5196925547750882,0.47061934232686187,0.33441869082437764,-0.36952564206015986,-0.22636147860765704,0.20236837563622173,0.5632090849161216,-0.26788304309297395,0.0
0.0,-0.7067465607693452,0.236256075693824,0.7508497556627286,0.0939283014934678,-1.1812115938798873,0.3725217983288368,1.5109555337728724,-1.4331679144770586,0.0
0.0,-0.028894453357927376,-0.167812925081856,0.42724172567924235,0.20961955899410104,-0.6526187093631529,0.41717686506559193,-0.11033534317712745,0.18214252704507755,0.0
0.0,0.6636326950970761,-0.2809221080904861,-0.30767649985320256,-0.022938503784496685,1.0809008715771418,-0.5045574643384032,-0.9934423894641913,1.2277243815898617,0.0
0.0,0.4715423434663295,0.17215531189082278,-0.8290097043942564,0.12921567186523225,1.2558502301396821,-0.7923797531264954,-0.6183537692941778,0.5300663610226701,0.0
0.0,-0.19092551767637522,0.19846983637039625,-0.26488234916139947,0.40024128365156125,-0.46351328975662226,0.30700525392362843,0.44233998474575587,-1.069684971948463,0.0
0.0,-0.5672783474711087,-0.1803124297799566,0.9369940999747597,-0.18862543611512686,-1.0838147987382192,0.7926143952641747,0.6254666019249131,-1.3319142518808231,0.0
0.0,-0.3441092230648847,-0.2060910133409922,0.8594863888106533,-0.6440823402745215,-0.3536900914363419,0.3632724137052186,-0.27641599679562356,0.22459386842760196,0.0
0.0,0.21940913689852984,0.27704266085532075,-0.7426221625294062,-0.015091601882922539,0.7305513009654391,-0.8775145849681155,-0.3755390930725949,1.319146226454658,0.0
0.0,0.6654194721704939,0.15684303395658514,-1.2471151079896214,0.46866442558418064,0.5067804023639864,-0.9388631760130486,-0.08513992122641173,0.8852199392487736,0.0
0.0,0.33677054562365166,-0.4988105839730258,-0.027777151919123746,0.18056061483727934,-0.5549924036264348,0.20132191322471835,0.3854877282472945,-0.5745005781848225,0.0
0.0,-0.7224833439441439,-0.2931857997147718,1.1014406538055976,-0.7817017701793676,-0.6820436099788149,0.9744394447556705,0.28757667317415575,-1.223374437569388,0.0
0.0,-0.96413717016082,0.29641831086413317,0.30809942520235034,-0.49661268857575164,-0.1664394683143064,0.6518187051169404,-0.36162319773275936,-0.414591357710355,0.0
0.0,0.11603614878132036,0.2989597881356742,-0.9252781724296133,0.3418389710877468,0.7900903183184469,-0.8749604271944494,-0.35692998797780456,0.5939692614636375,0.0
0.0,1.1741991999290604,-0.612123942857974,-0.7260295604084964,0.7347150939483683,0.5145838084320259,-1.1118046882450008,-0.18590319314785636,0.8620734468971495,0.0
0.0,0.44699672112920147,-0.3977810187081089,0.2862924293906843,0.25058659650485954,-0.6333788220773301,0.10111793996720105,0.03578801866174856,0.1007758283819412,0.0
0.0,-0.8438177668908895,0.4910577687032515,1.080403990647435,-0.9279628019568688,-0.6886051796325372,0.7743521366890562,0.4004190094512483,-0.854434296107474,0.0
0.0,-0.9190045754177733,0.9668773559566389,0.16784272441733472,-0.597939883765564,-0.22139969233432122,0.5790648984683371,0.20423496042331596,-0.5864501033023609,0.0
0.0,0.33995864208239424,0.15546988110058085,-0.623907855901287,0.30208160125845984,0.5709004125397013,-0.39602731905587835,-0.22517975929329428,0.5059493289355508,0.0
0.0,1.4881606351655277,-1.2147821337513167,-0.4082272299661108,0.7417150368748676,0.7095548115835412,-0.7742206159746948,-0.3034669640053872,0.8783966700492691,0.0
0.0,0.22406851078551737,-0.4237941474396028,-0.10554223018860706,0.6614332230973438,-0.1082084537013017,0.10639204589229122,-0.0021029817266773315,0.019739298062977244,0.0
0.0,-1.3051266557948191,0.5382748543070792,0.4937533421937927,-0.32216645392634585,-0.28569501472938436,0.7380101061203825,0.45491189149753036,-0.9282755605782288,0.0
0.0,-1.188600039019295,0.6842579415709138,0.708757170687464,-0.869522079550596,0.022863598007145762,0.6124208197271729,0.17757606898659434,-0.4031906481935643,0.0
0.0,0.3159629232849093,0.08473898015963569,-0.06665708224880344,0.014366840634031477,0.244977334515705,-0.13422107018752188,-0.15371687034609258,0.7396647937832219,0.0
0.0,1.678667269902025,-0.8333768925745084,-0.5982391487107384,0.8796597251867632,0.1225128219573932,-0.6724493175792022,0.020437843769746014,0.8485457997391573,0.0
0.0,0.8348075152620618,-0.02731317813978279,-0.523644936116918,0.5981919357176907,-0.0651323564289911,-0.3067431279888631,0.277095573881391,-0.07557467374775204,0.0
0.0,-0.7620127846041476,0.746372326603929,0.5347209913665413,-0.7530108206568787,-0.014310082027028818,0.5331440872131323,0.023059106444559267,-0.7120966057540888,0.0
0.0,-1.3265274509015588,0.6199430618417309,0.9771293314609574,-0.9617059615197703,-0.05035864894430846,0.7377092028879548,-0.39550957462401864,-0.4902660292606762,0.0
0.0,-0.23179603129266788,-0.1108911675932505,0.018862588314325565,0.5595691719379208,-0.14553421759914345,-0.2156496037470911,-0.1585080973739448,0.052190581843534256,0.0
0.0,1.3540258304918105,-1.1692520472932915,-0.5330615143929073,1.1681271739569175,0.13898367468005687,-1.0373183025924562,0.09278568638711587,0.4520924224642234,0.0
0.0,0.5877733285176561,-0.2332910425219217,-0.6834286407271069,0.38352454511709005,0.28880757075508373,-0.5013163488831126,-0.011602014368548602,0.3848951595068669,0.0
0.0,-0.9649121594446364,0.8363591052300451,0.1115717162191128,-1.0403103112780692,0.026946628998517783,0.6621727170820563,-0.1883102968270688,-0.12996028157395506,0.0
0.0,-0.9595595673079941,0.4801299284180525,0.759100672507379,-1.343212238292028,-0.3051629724665299,0.9145554649021594,0.14293291557238436,-0.5969526498506916,0.0
0.0,0.5423896469728323,-0.5938200931087116,-0.12839779042894242,0.257151158889267,-0.6937031401593674,0.26251627366204733,0.44285965741487937,-0.2853288404439508,0.0
0.0,1.083858205869178,-0.7943073504370037,-0.8334577456674425,0.9576799369631067,-0.06650425163122131,-0.7979500797616589,0.2022738704319652,0.5700712183208397,0.0
0.0,-0.2717008481520442,0.23239049946015972,-0.6945142564417498,0.2731394804424796,0.8713918433491908,-1.111558934419848,-0.22573367466003644,0.8127640360592577,0.0
0.0,-1.0797836662544762,0.3166830695464609,0.5873477957092648,-0.7221477487842185,0.20563800729550438,0.34843796629353885,-0.701147002092626,0.1275800032360191,0.0
0.0,-0.4338922135045434,-0.11493853194579277,0.9904466846572756,-0.5183774146086971,-0.7161829975744649,1.0279289338950548,-0.13112818663901887,-0.999644550095471,0.0
0.0,0.6334702450038145,-0.23398787676161512,-0.1367850386579222,0.5604019385360058,-0.731356284172566,0.1707979044623995,0.6860479767814461,-1.2178822996194498,0.0
0.0,0.8183273708187276,0.26076616966498095,-0.9157419468230165,0.39947546849039917,0.6515527183951992,-0.9907185553106479,0.03092348071552893,0.28319774736078884,0.0
0.0,0.2650507099695917,0.36210968732731835,-0.26251594573119663,-0.2584613739627696,0.865350810141826,-0.6339283118040667,-0.7445267011020869,1.4410582388752098,0.0
0.0,-0.3849076707095398,0.0556663970916122,0.7958598911654233,-0.4155932694259901,-0.39311438547970745,0.5612201433250884,-0.6137111721801879,0.7487038889822641,0.0
0.0,-0.6066254214358694,-0.06861719535701316,0.6699340230825814,0.23674905662005555,-1.0543513076936728,0.49865609635636415,1.1697251458773241,-1.3451723046996715,0.0
0.0,-0.17310473595464862,-0.10515712222709639,-0.05651970841270591,0.32420330361379807,-0.21117879547674087,0.08176901217030817,1.0278540578762967,-1.1201311740901188,0.0
0.0,0.4186235599857296,-0.1422534019231172,-0.587984959158912,-0.015457286710891749,1.1328273839473681,-0.13699075958106754,-0.8938059588179231,1.0283608291955242,0.0
0.0,0.44343696927170595,-0.09718086959701458,-0.5910463207661714,-0.06939418820774731,1.1217138235821809,9.267599713261299e-05,-1.167549118468991,1.387256084818743,0.0
0.0,-0.09150967799322836,-0.02003946458601425,-0.032801565581721946,0.1771017293996575,-0.16986105698245244,0.11981384375617393,0.5645065156105711,-0.4668504718840491,0.0
0.0,-0.5135179527461995,0.011950514842236859,0.6887257896057677,0.1911282367967783,-1.0943563063903674,0.2567924359710887,1.6294760309196297,-1.5986915314526242,0.0
0.0,-0.3557989597702428,0.11836142495852393,0.7614654397379336,-0.30646325505026,-0.5865380754817318,0.42790599051504513,-0.16594838794118988,0.293428053242665,0.0
0.0,0.23875419884676527,0.33543485574010823,-0.2203576129932014,-0.2522344754001774,0.7016119422779161,-0.27750071162586215,-1.0143121594481452,1.410797756743829,0.0
0.0,0.7684987681832776,0.166003447040429,-0.840527438626143,0.25933461401766145,0.9473449972261112,-0.9012164129129503,-0.49397178780759465,0.6393350206175787,0.0
0.0,0.5431984001094372,-0.26026973968677775,-0.24448145093275403,0.5921078875846482,-0.4180905261965681,-0.08467276462596696,0.5717834809125709,-1.0624991879779209,0.0
0.0,-0.502553192172085,-0.15686503219158568,0.7947814020334262,-0.16350419445379027,-0.8445013529463241,0.7321508191990693,0.4533286145122182,-1.3830116004401973,0.0
0.0,-1.0481193819481316,0.19207724023856926,0.7645634897366821,-0.7463449752545246,-0.12254191763672719,0.6127510055188836,-0.6184594186090729,-0.031883044104568034,0.0
0.0,-0.21243493706044592,0.24021904374161696,-0.5193359033317675,-0.053608530521013845,0.7243762069863714,-0.6768702864210303,-0.4933263255718749,1.021951342791857,0.0
0.0,1.0709766939519103,-0.5003976606198238,-0.9965694364930078,0.635290539882178,0.34802021170819264,-0.9655807395371729,0.06167900853036963,0.8709381145892842,0.0
0.0,0.6679424864952472,-0.511919767051088,-0.378058409894524,0.43227359911213487,-0.6054083520816173,-0.06430895769477696,0.6497167092114948,-0.31232229105379283,0.0
0.0,-0.8464846076713092,0.24331686803076355,0.7557907832308761,-0.9365501938176075,-0.5591337554081471,0.7861353067318246,0.4060974486248185,-0.8340748040674671,0.0
0.0,-1.1093124704224895,0.5684198128370047,0.5470158944375313,-1.040604206653961,-0.19873256152403998,0.954757860272382,-0.4533898405195871,-0.179796395861659,0.0
0.0,0.22345287416159368,0.013656114760465719,-0.5822252243660775,0.21194024851758386,0.41586151050556575,-0.37450855991939824,-0.298576716528211,0.41985445018395284,0.0
0.0,1.3220830499093232,-0.8940686421302922,-0.746119550105877,1.0135060290367124,0.576079065822901,-1.317191170407669,0.10071148518986757,0.42666370558485045,0.0
0.0,0.2760130478487544,-0.2570547117564183,-0.22330841509761695,0.7877966125122738,-0.26693474454943317,-0.29314623791010674,0.026076899341359688,-0.014987192081718434,0.0
0.0,-1.0216417251840553,0.474962474767084,0.9940430965401215,-0.8177358821429364,-0.3845566352735128,0.8998479067672662,-0.30507257958664247,-0.4568923094532593,0.0
0.0,-0.9457812596819571,0.7235649503570105,0.8584200041034393,-1.0637449532292973,-0.1034184854290082,0.6910059302499235,-0.013350985284253908,-0.5425064998941931,0.0
0.0,0.3255481237238759,0.3290256343488907,-0.52904309111986,0.3758876598156721,0.14802351520633253,-0.3932647688533821,0.3388223844819267,0.04327381180752809,0.0
0.0,1.5630225714413946,-0.8123619535032888,-0.7298317018131804,1.0057399138877572,0.23464469218291856,-0.8009026385580342,0.12385962219822012,0.7896082383873438,0.0
0.0,0.6708414293262223,-0.39429321591793964,-0.22881337660234274,0.4403119567166561,0.12055470937278122,-0.021727599343021216,-0.20693197581760497,0.6001064351563443,0.0
0.0,-1.0437294147463232,0.46008164335578683,0.659990777640944,-0.7419177960054919,0.08250836274436003,0.765849537933583,-0.012195037042666772,-0.45846932441584687,0.0
0.0,-1.4358636011983008,0.614855917863166,0.673594395680425,-0.7321222159859103,0.009001119043216096,0.6609691220477475,0.43225094116801716,-0.9360562188294028,0.0
0.0,-0.14377375588181318,0.05646497565334016,-0.14250054531677842,0.4850995673452111,-0.09072315323055027,0.008002452027282466,0.11844129947246164,0.04756999278004865,0.0
0.0,1.5088013484485843,-1.0583258499955308,-0.4517849900813232,0.9732609807521295,0.19274783599079012,-0.6511848988855742,-0.21922259887498327,0.9761707016962045,0.0
0.0,0.8855313514582422,-0.2563459830944069,-0.4306982549471072,0.3573262524828238,0.39876753435182855,-0.48995991681428325,-0.17003151522266602,0.5948007564085739,0.0
0.0,-0.6704284077539823,0.9293772026815328,0.24421795070167757,-0.7834730735020377,0.03355571659474765,0.37090712477554005,0.14977082497157615,-0.552142939170148,0.0
0.0,-1.1170558095375438,0.8392011141065365,0.773919849750576,-0.9257376473073622,-0.4702728751116476,0.8025254741382172,0.2200941992000996,-0.9487426904353935,0.0
0.0,-0.025002903039985112,-0.1346710297013742,0.1915054453608588,0.36199888680632714,-0.6401898091474674,0.2524558223433706,-0.07984013261759945,-0.149372520823557,0.0
0.0,1.300359549174445,-1.1682848920516822,-0.3545239255845446,0.8080144748917982,0.3720328795827583,-1.0128993512875435,-0.18627452186897647,0.7048185203167407,0.0
0.0,0.31874153239153125,-0.14105116874796186,-0.7118093274470538,0.3806325796760474,0.8044461823122285,-1.0054440367905957,-0.26515877656684933,0.7037398950689175,0.0
0.0,-1.105434514743775,0.723483143103917,-0.17567167499972935,-0.39604018854478745,-0.08933430131755517,0.47107616447477846,-0.2658901990823332,-0.1541531117614141,0.0
0.0,-0.8336215029856372,0.12629180421057637,0.8614937224863768,-0.9703222726731903,-0.6064237097142513,1.0099178375537894,0.2775943811886364,-1.0357905295573135,0.0
0.0,0.6149896823831761,-0.700362411374395,0.26738217781665014,-0.15902763361079958,-0.6811111776965098,0.4810450546134727,0.44178902061661457,-0.6215447927495299,0.0
0.0,0.8926383643932582,-0.19950419589312285,-0.9916574337680145,0.481633753623114,0.16181003333763372,-0.6525330146552455,0.029748253631897065,0.7207828637113308,0.0
0.0,-0.06872771390330097,0.5407461617669135,-0.9958243507094025,0.21526565189428953,0.8844644191922882,-1.1653968961597425,-0.25063968720168417,1.2134767139798779,0.0
0.0,-0.6536854865290035,-0.015628873780806178,0.5800898254211923,-0.3928486068073097,-0.03690441456865241,0.06196891517156066,-0.3849399062616242,0.32694114496145865,0.0
0.0,-0.43831275674900294,-0.4640262881065441,1.2175556481526635,-0.3015614687220805,-0.94726438517774,0.9107432056538306,0.1631804132358524,-1.1019860990918384,0.0
0.0,0.06744327757700293,-0.16576487348486693,0.10617109798608103,0.3575839922254904,-0.5889137779423687,0.44716749897534624,0.46230086410208865,-1.2881671745802696,0.0
0.0,0.37444736366303016,0.5489923947830405,-1.045367926226313,0.2541226848291394,1.0142622174363427,-0.7671443823534405,-0.30537132494101016,0.16519900004600366,0.0
0.0,0.5175481498958608,0.22219045537050747,-0.5862115487431966,-0.04054754162942902,1.090395156652323,-0.6396950768670506,-0.8344576024535916,1.257284027140943,0.0
0.0,0.22246607268856347,-0.3340099186051776,0.6585693787641812,-0.1105952859864802,-0.48872213406290127,0.4088718732188683,-0.34533017460282955,0.6562790900277393,0.0
0.0,-0.46305071610186316,-0.08413386251177012,0.9393640418940543,0.07997128357887141,-1.223599325043863,0.42401680237947736,1.3211695523572724,-1.1507480829214316,0.0
0.0,-0.6612321824695292,0.4265568953912079,0.1419233761268967,0.0012685594257434965,-0.4089050502743738,0.18870277308494576,0.9363181048528265,-0.7016120440754366,0.0
0.0,0.02666444349276339,0.35867843301511104,-0.5931938304513568,-0.14661107037798846,0.9822680105755313,-0.09366928176885649,-0.7837579604725964,1.1026527543292335,0.0
0.0,0.9190454219802336,-0.5266355204906892,-0.51747538394396,0.0022792344834392936,1.2191317598167288,-0.1594370257264882,-1.0192747496183794,1.0718194923843944,0.0
0.0,0.48290226572119055,-0.5294927091817228,-0.1780915504029584,0.48185849033900074,-0.05195403969914803,0.13269219494687098,0.4338886739652334,-0.7187246927701835,0.0
0.0,-0.7566362316172174,0.14740994612301989,0.3403781725453478,0.43173324178291295,-0.9167846379595261,0.39114164205088225,1.1698746101404043,-1.4930290599099387,0.0
0.0,-1.021013106245231,0.41470306609166707,0.8525091196375184,-0.5622500978933314,-0.3213776757148511,0.39410467983940595,-0.2625662632720425,0.2517931579776184,0.0
0.0,-0.04058499182256039,0.30056142861122404,0.21667744504146016,-0.48711069420715386,0.579885863067032,-0.38513826976977916,-0.7412915055697981,1.3568158148283287,0.0
0.0,1.1914159370456836,-0.19755382480314293,-0.7397234551756482,0.4832802622393653,0.372058647159964,-0.8009933606364895,-0.18908719298325471,0.6834321364314855,0.0
0.0,1.032600774240929,-0.1967920133965351,-0.6551628522486928,0.7353755495204499,-0.5255874059344906,-0.15921278730257152,0.6364295401494686,-0.8570646953634582,0.0
0.0,-0.4376905142908275,0.2551588797760294,0.4973184763102008,-0.5354402292004804,-0.4032406928334621,0.6382633330473063,0.251645000632091,-1.119512832233131,0.0
0.0,-1.322988163958035,0.3669896877702521,0.9162765636870972,-1.1086474118695653,0.1132637067706907,0.6973446919548383,-0.7435469797846556,-0.10918252594612844,0.0
0.0,-0.4449695297175852,-0.06141409628081077,-0.20719923737026216,0.189869591132428,0.3915739743774182,-0.47316079145508,-0.44759745590852484,0.6335496531876234,0.0
0.0,1.0865839272996887,-0.9396095233478112,-0.8131297424197852,1.1728822005589672,0.0027322181813699623,-1.016622113981335,0.1890585808459475,0.5702019291925681,0.0
0.0,0.6025602131038728,-0.3957170613222156,-0.6540659015983216,0.6106352331662432,-0.2952323844992473,-0.35826790613505943,0.5266444978676647,-0.0936815105334704,0.0
0.0,-0.7949051730998297,0.5397065075321535,0.5264158845037751,-1.226715479802956,-0.10658348099348168,0.6802017281382537,0.09656985627549686,-0.4116466939198363,0.0
0.0,-0.8832579369359347,0.6406290332016447,0.7367137606281002,-1.4898668891668143,-0.09873324827489634,1.0679883816960214,-0.3991709679138981,-0.1989137782042767,0.0
0.0,0.37127724361069586,-0.04845657848533873,-0.49446551513836007,0.32127552312841334,-0.2277705276615488,0.058949874381200765,0.06911333794978497,0.060148933264954726,0.0
0.0,1.213787014042302,-0.8477320888875834,-0.7473296572507041,1.2554996135979977,0.12096627045475579,-1.1691311484719948,0.40810479738811856,0.2877765670157972,0.0
0.0,0.08586866318881248,-0.24127622983260633,-0.23487037852478643,0.6426505665585265,0.3999776054981577,-0.8544977959127632,-0.013055214932188839,0.3648439705816899,0.0
0.0,-1.1063567891226713,0.3551700973848935,0.8887859760144459,-0.7557135124487605,0.030415823327317727,0.8140820535852467,-0.801963665229562,0.006233631919078573,0.0
0.0,-0.8886820337201773,0.5167634418364383,0.8307212189503835,-0.7952479974810991,-0.25801119082999036,1.0017061539030305,-0.16854774156435748,-0.7689097890659031,0.0
0.0,0.39607335283286,0.21568949232039114,-0.39673777897341156,0.4587111518547117,-0.20300360692413782,-0.16942698864748942,0.8131009665831622,-0.7692579537809,0.0
0.0,1.4370382216847108,-0.5179896621546358,-0.7180534636676564,0.76593581730353,0.31854841705837156,-0.8535958289754119,0.22762134453836108,0.6930651721286919,0.0
0.0,0.709476402196286,-0.15235379510360544,-0.19747547574462107,0.11671806364603003,0.37027527960429013,-0.2237573618576525,-0.5241034422503649,1.3639898625696625,0.0
0.0,-0.7562938901133066,0.4840183540019992,0.6376392757455326,-0.6735464180763046,-0.05676678250509799,0.6230827102492242,-0.2408997543491667,0.11041122207232304,0.0
0.0,-1.261780692047119,0.5325024067869003,0.6004748667720193,-0.35293628586789644,-0.3957129276011386,0.5658222356894259,0.9437582022142197,-1.449700969820796,0.0
0.0,-0.24283589746930487,-0.07383726314585161,-0.018562126131130424,0.4959013617016136,-0.21278688841320675,0.16292045024353147,0.30514237264484373,-0.5986246626182501,0.0
0.0,1.1945712397024257,-1.0052913846273848,-0.341620973789244,0.5894757189584681,0.6748505101235066,-0.45843845045818743,-0.748749533686751,0.984392679338186,0.0
0.0,0.6778323299409342,-0.23519127013567032,-0.5575833272734315,0.29717298337462983,0.76496353912893,-0.49664953930896977,-0.6867139107362947,1.0361754752953214,0.0
0.0,-0.6471348833170827,0.7905455473477438,-0.1100603881854844,-0.25704223496241285,-0.15996874528119806,0.12920523504154138,0.34286174525166063,-0.4058547865287047,0.0
0.0,-0.8884283599711574,0.5356940694762682,0.8970792099097786,-0.7668071635405513,-0.8040776913170053,0.5252084731789564,0.9969769854083742,-1.2882369638390387,0.0
0.0,0.13461952757377313,-0.23041413367553512,0.5417891103471975,-0.1684476625618745,-0.8142153964726296,0.5477586143634848,-0.04790517054264,-0.07935161378977824,0.0
0.0,1.0190776684809921,-0.5388361409750931,-0.584421137272577,0.38127565401878155,0.299972480518576,-0.45747487343476306,-0.5652518773673637,1.0181394015752034,0.0
0.0,0.3349001747401897,0.16509478913735165,-1.0715200961870415,0.3150427029506911,1.148113341741518,-1.222575243858632,-0.36493731351019787,0.8002087622299553,0.0
0.0,-0.7257159095459316,0.17809887760182735,-0.12687268128709428,-0.0004387803109734044,0.01822335152895297,-0.014935655445824654,-0.0011964281109867628,-0.3779864091930487,0.0
0.0,-0.7987217875002071,-0.3744744993588095,1.0843652348572483,-0.4772565811714943,-0.8882105806130585,0.9696941524641007,0.2911741877565412,-1.2425927427255503,0.0
0.0,-0.023036086828870237,-0.47196191420692263,0.5704503920899795,-0.2178512228282522,-0.7272822258989485,0.71878378343371,0.029105399441260973,-0.6417854570997038,0.0
0.0,0.4924337418523273,0.3351668202760519,-1.0154397100538666,0.16149683286230324,0.4986664984319438,-0.6658303749436721,-0.16976001907038024,0.6579630186326682,0.0
0.0,0.5542582510737192,0.4679321590209091,-1.1343515498279124,0.09840719477111401,1.010514747149689,-1.2445955418428498,-0.1797728190027469,1.1949687712476327,0.0
0.0,0.20367995182209644,-0.31486166962925594,0.43074593275999373,-0.16820073218811224,-0.35225924189113744,0.053163873873315365,-0.08354452672331956,0.35663894710180954,0.0
0.0,-0.5359784599921877,-0.2886200112468589,1.188139480144501,-0.2337213928978737,-1.187151977259823,0.901101045776747,0.4010400427886422,-1.0008795122514451,0.0
0.0,-0.7482870072008498,0.23929480191113744,0.2895459482819692,0.02820220732041345,-0.5409814818258561,0.6124182673921582,0.3313424983153406,-0.9915709325642343,0.0
0.0,-0.012873456371122274,0.40733048236807856,-0.7635489977460659,0.09786520668515324,1.1939267914625895,-0.7142547883134385,-0.3617671296302841,0.3200733205466574,0.0
0.0,0.9230966913740808,-0.37817486098417913,-0.6725691240697771,0.25347946824051565,1.2436166053335578,-0.7349392422294455,-0.7271178354910215,1.051669026846925,0.0
0.0,0.6086582408798653,-0.5224432850701907,0.021273361895928086,0.49695469553319943,-0.49349439935767686,0.48147831954382614,-0.21775111851479667,0.24712400664602954,0.0
0.0,-0.5767840904405065,0.1746842342662715,0.7840851663414701,-0.1226715944501631,-0.9819002803731762,0.5959226993980657,1.1247667701861968,-1.146122579599012,0.0
0.0,-0.9666548949081814,0.6803466436680716,0.6885016099000265,-0.7282548248948014,-0.26461557679440395,0.2892516698906033,0.6591234767907919,-0.35602494242586374,0.0
0.0,-0.16063430084585673,0.577142058309182,-0.31722351743401234,-0.16164989080428277,0.6107146394017005,-0.23475241677647574,-0.49871236440285427,1.1925069879044257,0.0
0.0,1.2015406544088425,-0.609020593163192,-0.5898835430075224,0.5663743444999136,0.6548209273616639,-0.4623841780583941,-0.5790867087747675,0.9545531210809901,0.0
0.0,0.9815136030192171,-0.7319915464312959,-0.31317367363949833,0.8178208834158498,-0.1253895897405795,-0.0043603927443899996,0.2555312033753183,-0.656999333630278,0.0
0.0,-0.7099163594988336,0.2782093933034658,0.3397916082200582,-0.062267576994794537,-0.2544263870957751,0.49849475467322396,0.5284952610701965,-1.3656058450569286,0.0
0.0,-1.410371238115858,0.6486628012149935,0.8391355826406472,-0.9261494458361045,0.11294080152035807,0.5385213365208404,-0.42356288901140016,-0.20106717093240592,0.0
0.0,-0.38235320538556955,0.33101105904757605,0.11170735551566117,-0.1117485219175903,0.203244660726909,-0.24904611875867771,-0.5038697912811776,0.9035373319483576,0.0
0.0,1.3980457635117396,-0.774385020819039,-0.5427397469406323,0.9284378844046428,-0.18171721164639665,-0.8111679598179491,0.10876900738998749,0.8046751620559526,0.0
0.0,1.1578680987760457,-0.4208074605634007,-0.5620841064185745,0.5236138955414555,-0.2728967281230272,-0.49821370983260865,0.659285362269368,-0.20728363424692026,0.0
0.0,-0.6396353004813218,0.7455498129133201,0.20075957845997433,-0.9480507151984954,-0.04489134547324363,0.4448328043808755,0.22229502608046756,-0.6292786055614592,0.0
0.0,-1.3432278679843064,0.6909164862893087,0.6332145218674676,-1.2402060878851218,-0.031145464032001954,1.0807195402920664,-0.701818059255746,-0.23605235601924443,0.0
0.0,-0.08745242724707827,-0.4051241358526821,-0.08875431273476968,0.23288936415986874,-0.0764154457926351,0.08341065521555929,-0.2780997744407285,0.059857248615922516,0.0
0.0,1.2288494534052505,-1.342640989086971,-0.5747667914041443,1.1983315444816713,0.1398214202177224,-1.1691806300171004,0.36120702188693743,0.16291184147606383,0.0
0.0,0.06565529315489144,-0.11268498841916726,-0.7113026672677312,0.7444846152256817,0.19642242189605752,-0.8596310002715191,0.21940334800680342,0.2451495540587197,0.0
0.0,-1.080122401865901,0.7209191669950709,0.33217746470681103,-0.8630951783145513,-0.05078128636500802,0.6019730384706249,-0.4787342459115492,0.1446310184223693,0.0
0.0,-0.5940378690856793,0.42495451788586364,1.0630720448952884,-1.470090047231842,-0.29274289465208186,1.0697706928557102,-0.3363473424067762,-0.33767825245483957,0.0
0.0,0.7688700183909615,-0.17589220544213346,-0.2535386391341363,0.22841726971533569,-0.5418403948586924,0.13413046453779373,0.6375848013503662,-0.6296295131764136,0.0
0.0,1.1946187031111715,-0.3283986324089953,-0.9787724501644862,1.0236828189121139,0.04948411545502411,-0.9438219606945508,0.49432007276232137,0.17696286157762403,0.0
0.0,0.07133106405829805,0.09262411745777124,-0.3926853324652366,0.33447941288378646,0.7031407614174551,-0.8056631045003818,-0.3806158703650184,0.9691841986149677,0.0
0.0,-1.040851549715796,0.15682038185802677,0.8952680168912771,-0.6618051316778608,0.16784797828739303,0.653015886483547,-0.9539106506523691,0.4656995206034693,0.0
0.0,-0.9281180192562365,0.04064741985911266,0.9201760128765516,-0.33630986606778623,-0.45086727556279976,0.7900084567761506,0.30302571646937904,-1.077028686208336,0.0
0.0,0.2149023215334595,-0.14942797612060393,-0.17052402274764833,0.643894070471429,-0.3754858409298137,-0.006728153338399518,1.0565449154299622,-1.2478204782609228,0.0
0.0,1.029609663688122,-0.18030186712436697,-0.8251285520602362,0.5246323066610209,0.5679113866005472,-0.5092948628753262,-0.22887142415657044,0.7654089245672396,0.0
0.0,0.6376709438798307,0.16116986422324378,-0.4855886789534081,-0.13356779141011785,0.7784008360002407,-0.1509754481893986,-0.8971020259150115,1.6202970920858082,0.0
0.0,-0.29028975634673476,0.3287679580784112,0.5625556492596202,-0.6532991824316714,-0.030133876754138023,0.3236104043415906,0.023569494806208027,0.13457031900806599,0.0
0.0,-0.778864887346522,0.27174393950724757,0.7555228381201824,-0.08151002323822903,-0.9073413095071869,0.3723885449585642,1.4548760051482477,-1.6412779439970913,0.0
0.0,-0.33619300166124644,0.001530747379248125,0.16340748601836214,0.5344829643968779,-0.686201872383863,0.33783209398865244,0.2054536726733813,-0.4302450957138708,0.0
0.0,0.5585098364758473,-0.43153063273711834,-0.29129691414493325,0.2033844240692764,0.9289071981729745,-0.40251972165209504,-1.0401995137482638,1.1131043909693568,0.0
0.0,0.5970811514694122,-0.22778491990409516,-0.5437169547803915,0.03513650980102506,1.288149719833265,-0.7303136455096221,-0.8612238330674842,0.9506552769648471,0.0
0.0,-0.196333646019342,0.28280180189563975,-0.2832420850756128,0.16391798251679238,-0.27369263388544823,0.15172939356505064,0.3275481038953714,-0.6271183099881309,0.0
0.0,-0.6239675496990543,0.19336896370521814,0.6071589294743057,-0.17849761768163142,-1.1212690390501479,0.6071380247277259,1.0950763622509618,-1.5009393623882923,0.0
0.0,-0.2121503595428471,-0.0901320353847089,0.7475148058861806,-0.6049208260388863,-0.6859303854984263,0.5751963288844044,-0.05441806826451638,-0.00742541706815509,0.0
0.0,0.4570716048295295,-0.03786699297592283,-0.44562606903218827,-0.19466964748982737,0.4658370362875508,-0.43602083980766626,-0.5481400857184099,1.2928201171336218,0.0
0.0,0.5508575172577319,0.08901876001215345,-1.1183092465162312,0.29199108790985534,0.9255662272996796,-1.1457239778661146,-0.274899541568322,1.0090824535995169,0.0
0.0,-0.04739789649859647,-0.22727134387840056,-0.32506699318401316,0.4313100175614178,-0.2652778129208826,-0.14150291340269228,0.23589498467027512,-0.4286156230833367,0.0
0.0,-0.7356637965305703,-0.3882936357639916,0.9041648277367761,-0.2898551743202093,-0.834891315031473,0.8649922204797065,0.35057590177678555,-1.3411629452042848,0.0
0.0,-0.6568528830492546,-0.12017608816720496,0.7755407311138057,-0.637961855388694,-0.31924505477891163,0.806823016073219,-0.3168543281755908,-0.678913211552859,0.0
0.0,0.15268088787757492,0.38141147248603857,-0.7367029596885384,0.03557227579652979,0.7148800700710534,-0.6223882016858221,-0.4184814385274984,0.47459654006233676,0.0
0.0,0.9084998832180492,0.10539358914747265,-1.096544794392122,0.5592394534776748,0.6608535834362211,-1.1608184301139577,-0.20263568381529648,1.0154847744279636,0.0
0.0,0.6480391005200339,-0.38829551568301174,0.1288738706154954,0.3392692938609714,-0.6127900511257859,-0.10290579138954342,0.09845385227730871,0.3751234105859795,0.0
0.0,-0.5031275048521829,0.025756175498482657,1.2777542844696894,-0.7419816510219298,-0.8525233681873828,0.646918268324941,0.5464703047585806,-0.7654062932825929,0.0
0.0,-0.9972634528212011,0.6464988886143531,0.4277655758691762,-0.5423863986770885,-0.3390652777712671,0.70447529142614,0.23931804999485973,-0.6973145306048543,0.0
0.0,-0.16656020048083334,0.49296359326698125,-0.773509410771882,0.2378033526089475,0.6807125441472498,-0.18091725025920527,-0.36116298931407853,0.3451236674392869,0.0
0.0,1.1901134272683305,-0.8902989581439426,-0.6149437199847813,0.5989526704530593,1.0650502030209785,-0.7874996273416226,-0.4026513865374025,0.7804252860713881,0.0
0.0,0.6828673113766776,-0.8128687207741804,-0.1503483715252615,0.7281413294702812,-0.04518821375436715,0.06806490560554695,0.004429915888312069,0.05579605741671082,0.0
0.0,-0.9224243946737971,0.2687934699864989,0.5262753368112092,-0.08907235492336431,-0.534783734810456,0.702353102356614,0.5557748025946482,-0.8085084302930108,0.0
0.0,-1.2381596854251244,0.7427574739821926,0.8331034193554391,-0.9310217144169962,-0.16588209340803473,0.5837591841201782,0.2931700435215084,-0.2751866302064035,0.0
0.0,-0.15980787818710507,0.6126133760547835,-0.0617611897635091,-0.23055139358260363,0.24697208361285589,-0.13006498099281907,-0.11414907642732493,0.7759300431413173,0.0
0.0,1.4616678713806204,-0.5894578877698887,-0.5715958984094921,0.7254048390366379,0.23822437598967508,-0.6678058103714293,-0.029280092046960034,0.7553132899091605,0.0
0.0,1.3402541874422396,-0.6176380315549126,-0.4022395060377503,0.7418467175751793,-0.07873908662218222,-0.26781103644392273,0.14505555365875664,-0.1765679207939583,0.0
0.0,-0.4696759647738385,0.5310554415713201,0.3099294362091905,-0.36668330464056015,-0.023785660912798847,0.5118586734446112,-0.08737277971409144,-0.769919569034329,0.0
0.0,-1.5165120617638836,0.786813498911457,0.8189126206878002,-0.9467389791458446,0.11761462536974929,0.590357806645094,-0.3744704967785801,-0.532052817051765,0.0
0.0,-0.7563896640854664,0.2515538753159694,0.18236449566260973,0.19187925968487723,-0.025620558672167212,-0.21594274745316522,-0.14359387551096298,0.0799890043066616,0.0
0.0,1.2827146235216618,-1.181775583974906,-0.3127953982686457,1.0799138337371945,-0.18444922641583927,-0.789488726901263,0.10499844367646466,0.5452398999296822,0.0
0.0,1.1359707383121034,-0.6766517584231768,-0.5826317040659206,0.4799018780761002,0.05925625837398983,-0.49829083945177766,0.13349183454485947,0.44715222746135985,0.0
0.0,-0.7338513614247713,0.9978994198023875,-0.31390657723583665,-0.8564217658112867,0.1462005644710359,0.38753168619399664,0.007306098929377402,-0.10661080404146908,0.0
0.0,-1.2098133076416726,0.7850584469967574,0.5636515569594458,-1.4415056072281254,-0.0733089579231042,0.8850290180550869,0.0001819761992730949,-0.5260364085947069,0.0
0.0,0.2050820079982978,-0.6029949701145761,0.2095863015730868,-0.056769528998700844,-0.5124145656945219,0.44535361384167754,0.18652104083984497,-0.328204171895115,0.0
0.0,1.1599770651508123,-1.2255340265403958,-0.5209171400236982,1.1258561665165296,-0.3181370843527782,-0.6121235119716942,0.17653792994086773,0.3267556735477512,0.0
0.0,-0.17045941205941736,0.15762942260973706,-0.8496739286319217,0.6630606326155976,0.7167947101061691,-1.2223663235600897,-0.09802783107483587,0.6583010835433064,0.0
0.0,-1.065424923236248,0.6147485866521331,0.1665163089686538,-0.5561633467843574,0.4186014858535433,0.017489076077270488,-0.5834150103917894,0.24517924977659977,0.0
0.0,-0.42469924181181035,0.04081744856524258,1.1892444850177963,-1.0343079708105705,-0.46545447152433944,1.0612536954653737,-0.3586379371056334,-0.6855300837282562,0.0
0.0,0.7054681503906124,-0.29333578909899044,0.12941655263344393,0.3179863032015827,-0.9207163370971593,0.46327644733071865,0.6165734746564326,-1.1409011186348919,0.0
0.0,0.8822943848431084,0.20874296129105824,-0.965950225832843,0.6885065366753005,0.11194133571191164,-0.7524061691764246,0.3392225264620195,0.05271422968781255,0.0
0.0,0.22724672945168506,0.4020131748270912,-0.4891672598772954,-0.057486660175123945,1.0566097231049076,-1.0259723882699536,-0.4399557204253426,1.3302479247037151,0.0
0.0,-0.48805837161025284,0.006012057478873428,0.7621207320061907,-0.5422509640073228,0.06920601157908471,0.3874527893997707,-0.7645841749346446,0.9082134582409899,0.0
0.0,-0.6860166679156604,-0.19961759400356882,0.7958863739454265,0.09427784871576039,-0.9103977238465781,0.8219675462640005,0.5654351276789259,-1.0483910156376672,0.0
0.0,-0.18594231145555906,-0.21119464522082265,-0.002969499629451068,0.5211843432989478,-0.49834809899876836,0.3019807302307383,1.1747237852734038,-1.4847190488359008,0.0
0.0,0.41786663515388445,-0.06219328889851652,-0.6507036594592712,0.12120397009566293,0.9785788520307506,-0.32957735293446394,-0.435402159994526,0.6462472139632751,0.0
0.0,0.4920747393433432,0.06365815406985584,-0.6319761995380319,-0.15148922506094722,1.222288837314451,-0.2440824947654208,-1.0791750017390846,1.597757364909895,0.0
0.0,0.05431104383225434,0.031187239154811704,0.09237728941121015,-0.08560108315555122,-0.09586436273981053,0.24422068758066529,0.010099898329683252,0.1945603486547081,0.0
0.0,-0.40817557322764153,0.04067947073652853,0.7368544988400907,0.15539335653167463,-1.1907524061143357,0.3200294261726455,1.5948165425042695,-1.6225807285494214,0.0
0.0,-0.4000588520129978,0.16932371976250563,0.6242606920325581,-0.06164705841248385,-0.7570985605914392,0.32601439883023603,0.35040170601693676,-0.3887766210579378,0.0
0.0,0.12749797922306672,0.2702432686076708,-0.19793035723512134,-0.2147619553122588,0.7598564566552825,-0.28196162509569317,-1.0057304831573306,1.1684693264116366,0.0
0.0,0.6879510016937429,-0.0044561634898607795,-0.7017750448125512,0.12282751296358947,1.183253103839916,-0.7754364790315101,-0.9227309592201143,0.9803075317577357,0.0
0.0,0.4658424128066469,-0.2895155804610587,-0.32264699652124385,0.5880752802164909,-0.292695410253591,-0.05539159544539647,0.14582283902074977,-0.5601032012170001,0.0
0.0,-0.5117751253804932,-0.11854707814697084,0.5653328774419965,0.07116438602944311,-0.9657404057203569,0.4715308117722249,1.005953690741711,-1.621546105660699,0.0
0.0,-0.9355612361834664,0.16539210110228794,0.8194514220705129,-0.8142324672202436,-0.33181456390146874,0.5523291693493704,-0.10522444509562989,-0.34023802314285967,0.0
0.0,-0.11571573278994031,0.2358555027545703,-0.3536128655839829,-0.35231355654768076,0.5006643916622613,-0.20607555237616496,-0.6898085929590793,1.1313452246149782,0.0
0.0,1.0161145468756825,-0.3159840395380838,-1.0604453847912798,0.39042728849005315,0.5716660039094996,-0.8564521327334208,-0.27893268234638696,1.1823217490214302,0.0
0.0,0.6472646476678169,-0.4608039432102263,-0.5460705973266569,0.5539893859584338,-0.3458199158705206,-0.3434484144341642,0.5307343168081308,-0.2058217879696489,0.0
0.0,-0.806800239868054,0.03253391250490679,0.6531913798754008,-0.448335273795601,-0.6467513957662199,0.4753027599694132,0.7429027594129872,-1.1783411724322332,0.0
0.0,-1.1597168320186426,0.3042865951521518,0.8871735305072276,-0.9581341592120829,-0.3144260251804557,0.973426019839136,-0.4579982540458414,-0.42812655460720855,0.0
0.0,0.013386876987726809,0.15375347158764005,-0.36601626925565833,0.03404655327856797,0.3772614258705629,-0.06901694349201286,-0.6895422395435142,0.46938351653520294,0.0
0.0,1.2232477160023982,-0.4699434831249213,-0.9231779284463221,0.8271884925514211,0.7470275211261358,-1.305914988106208,-0.08270315791523951,0.6025294247618704,0.0
0.0,0.7034551044772169,-0.27578161694995584,-0.3878139032657314,0.7722717328180397,-0.21747756369628704,-0.5253368605849759,0.284755563400453,0.0021412338494503085,0.0
0.0,-0.6355867325105083,0.32309778684116447,0.9729198697405698,-0.6756900594656267,-0.6036121387437415,0.7322643668582607,0.11915913913461493,-0.5291384199251162,0.0
0.0,-1.0454580411472012,0.6428530370596262,1.0108082746353824,-1.0856582167056983,-0.34068780893351064,0.9746335320165888,-0.1464490607974981,-0.3689828459094871,0.0
0.0,-0.16127480657673948,0.4865476380298896,-0.4542404617358853,0.2114182603049284,0.20819116214898592,-0.14261887283200952,0.10987490027825464,0.20423915681554203,0.0
0.0,1.262173696772255,-0.7319154878655064,-0.7568416056793698,0.8724517333340249,0.6777174077529583,-1.0256595384678768,0.23794314357123486,0.6022758296511586,0.0
0.0,0.9067748421306648,-0.7606517925516421,-0.3976468461908189,0.754228927114754,0.16651119943455772,-0.12021374787744527,-0.06338401289140155,0.3456919639165827,0.0
0.0,-0.8249965928623579,0.24553137249063606,0.38371462909677867,-0.27843772298113106,-0.12643175502252188,0.9957523623180682,-0.21979963629681723,-0.3867725481005422,0.0
0.0,-1.4085052853287134,0.5921783076190228,0.8984220314697497,-1.0166169510255587,0.05043171248709999,0.7162916275116922,0.29644953376060623,-0.7318509109456532,0.0
0.0,-0.38251568341086556,0.39657245334564145,0.06663330490184767,-0.028625175220109024,0.09671335132327238,-0.19272835234712377,0.3626226458071903,0.05006805578704695,0.0
0.0,1.3084010703026079,-0.6225641366790786,-0.5425190775865943,1.0148490542596607,-0.09896835998461487,-0.654048967494049,-0.016071418806497675,0.9197399473015988,0.0
0.0,1.3096169886179188,-0.5145495480530641,-0.4425294903630028,0.6267175401438578,0.02327737443354808,-0.38790577723440683,-0.21996168360640486,0.626625248004251,0.0
0.0,-0.28354694973285516,0.6581692355255634,0.31201248294689493,-0.7507161042020656,0.19543597881372748,0.27093862840416183,-0.09463038489449943,-0.44008775374682185,0.0
0.0,-1.2313297036204993,0.9075408417268416,0.7048703114604451,-1.0368699072084218,-0.0669859336787305,0.6217585660845045,0.09924542460219664,-1.0194865503873614,0.0
0.0,-0.5876989959943072,0.19475684505618931,0.08050358523592294,0.37535052167478355,-0.4842966220918008,0.2314915759501639,-0.06464109968233293,-0.43800428861255997,0.0
0.0,1.1216433901874325,-1.2549280202496575,-0.23431218847727558,0.9967912824836872,-0.01034468321937819,-0.7132611910939358,-0.21989088355409991,0.5355556677441499,0.0
0.0,0.7266521305514966,-0.7091672702812675,-0.44716153175641693,0.3838698414049677,0.6526376792073335,-0.9269629565513764,-0.24444898014414193,0.8410571959468385,0.0
0.0,-0.9515111049108197,0.84003619112641,-0.3698902101184717,-0.5175384373557544,0.15551629120774585,0.14612761055848694,-0.10722007952459695,0.1359857601871926,0.0
0.0,-1.0079249328638948,0.6394435188522247,0.4453284407367577,-1.0706038341708446,-0.4397980557972581,0.8617407132482373,0.3761616410146389,-0.8423349038071711,0.0
0.0,0.5358626152010805,-0.618289418275839,0.3497278878872649,-0.2847366511190102,-0.8071766334620561,0.7325858831258795,0.4111375989584649,-0.6549963258339981,0.0
0.0,1.1183411771756622,-0.7490875703988689,-0.5639995425328819,0.5156866115845471,-0.274065669930308,-0.20057363114599186,0.010366068313583127,0.49896688992328586,0.0
0.0,-0.16131737839988253,0.47124751812552534,-0.9584427870669849,0.2973062942543853,1.0255107203574612,-1.325989746901595,-0.17964604664872552,1.0251470911269598,0.0
0.0,-0.9358063527168262,0.35664967925129215,0.12713051458361516,-0.18929682955240135,0.4403498502415683,-0.40969304289422076,-0.37936925262418253,0.38446705190718494,0.0
0.0,-0.424872034004203,-0.3902391813086453,1.142727669894938,-0.24688571786675598,-0.859385823065142,0.9635358017149276,-0.21079652948843955,-0.8247720410771984,0.0
0.0,0.38666263073876705,-0.5049761796921332,0.5409230353637908,0.22746742073861034,-0.849161451963606,0.693313230345978,0.38848659810197156,-1.322610820389031,0.0
0.0,0.4615645080877961,0.5112228008865753,-0.8330206608129959,0.19317239448455492,0.6795995907316621,-0.6558299990790778,0.06218136563150896,-0.14670253083473048,0.0
0.0,0.30752575465286697,0.7607879701982144,-0.8898308094250524,-0.0682075981696017,1.1818343093409782,-0.9029433471945718,-0.5647263228972735,1.2242732118876458,0.0
0.0,0.19885470555557908,-0.19357669301752434,0.5056030966053333,-0.15711199781983226,-0.28075168095140524,0.3482295241937994,-0.539827903390498,1.0078832610602173,0.0
0.0,-0.22059923019206515,-0.4354973325429389,1.0405433990328476,0.0969166510807623,-1.1790965762560486,0.5875849625803371,0.9124159321688676,-0.8393177586720328,0.0
0.0,-0.6062395309038058,0.030343128015908383,0.3266903870360656,0.13977437173153878,-0.49218536821487896,0.24953592381588563,1.1825774773409898,-1.1474010826238636,0.0
0.0,-0.2983961205583593,0.43454144773836195,-0.6511441373449758,-0.031247366650656402,0.9796819644061627,-0.14178482863597355,-0.5555514114564551,0.7054868600149363,0.0
0.0,0.550278320895647,-0.1409331869417761,-0.7203098072728548,-0.0015339311547838963,1.3173818592328175,-0.134981403185809,-1.1593729338890824,1.2357290068949385,0.0
0.0,0.7085984792550342,-0.658823023899279,-0.13877277405511323,0.30147113765225414,0.07412263750228108,0.16931631913227316,0.08374337425620988,-0.20873411610458087,0.0
0.0,-0.2964853337245396,-0.1006825028276841,0.4768769520641976,0.3302200117679352,-0.9851198842493765,0.289027559211885,1.386324370717113,-1.499382989869183,0.0
0.0,-0.9170282901866296,0.5177378785571752,0.7581812614331214,-0.42347481749223376,-0.6226584930699779,0.32682333646628503,0.17745613088628734,-0.0740371076380819,0.0
0.0,-0.3532970953050721,0.6798965640243635,0.08268402854521971,-0.49219747808138936,0.40160998157149946,-0.21415834412883336,-0.7775060027903133,1.2764934152108494,0.0
0.0,0.9610042423978602,-0.14920947866615633,-0.554235698247019,0.23199277124344247,0.6631469741210207,-0.7848322734979571,-0.5338579799620219,0.8822046703764452,0.0
0.0,1.2203065005953857,-0.6610514196363569,-0.44228404797684423,0.7244127836084047,-0.2795018294417591,-0.27600953530235117,0.30125038441282903,-0.6300433397908316,0.0
0.0,-0.3691254022075148,0.13275501933174952,0.18588823155544457,0.0008271926251836922,-0.5454745758008941,0.47827153519366206,0.5063252111711521,-1.380806814994941,0.0
0.0,-1.456890346959066,0.5207957262063593,0.7137069430721917,-0.9485075955883291,-0.005803140419109232,0.6907136112503556,-0.4901368018518937,-0.44153192631020094,0.0
0.0,-0.5618498023993399,0.07686008201062444,0.07060153155352626,-0.32536387185925025,0.4334560294856656,-0.2024530131089511,-0.5962128667229023,0.6592610158789911,0.0
0.0,1.2053764950674093,-0.9361521650972244,-0.6608233762703231,0.7751959017831773,0.11664820975350762,-0.8739055565108814,-0.016116737041553017,0.9120180476859473,0.0
0.0,0.8367086795708283,-0.3813847640842469,-0.8077267118722498,0.7906671572740778,-0.435256483372975,-0.4945679079444578,0.5871719163674773,0.11099880627674173,0.0
0.0,-0.7346603073598542,0.6015091270828489,0.19606473637424263,-0.759801175576307,-0.2649488230301894,0.3222179104822144,0.5604391688177436,-0.5847976015289987,0.0
0.0,-1.0433162376880991,0.5162038007254232,0.9973313766300738,-1.5439033301934357,-0.10480091120331196,1.0548836156609906,-0.3949268137061878,-0.2915507652864624,0.0
0.0,0.12680211292152324,-0.126096800251416,-0.13844125893716513,0.014497815278289312,-0.06800668774381577,0.404171766431621,-0.4364835263657292,0.12279767970994024,0.0
0.0,1.1319424341301616,-0.7443603864280637,-0.8272281667252753,1.2046317830312514,0.30614597674553357,-1.0966821119898436,0.2149076470139978,0.19754809765339623,0.0
0.0,0.3221688260384178,-0.19600210707021484,-0.6149205137638306,1.0055778326184528,0.3587245917882689,-1.0232953648973753,0.20497798647178384,0.13206792028845796,0.0
0.0,-0.839586327076016,0.2932341885419228,0.6923368808589638,-0.5021663439369001,-0.0648395624613057,0.6177497688121688,-0.510138255177229,-0.009861826832762674,0.0
0.0,-0.8829147542220057,0.3950755426086715,1.3201729983549135,-1.2591612970357882,-0.2645547839873027,1.130910408281252,-0.343407060485677,-0.4077088637418479,0.0
0.0,0.09498076411597993,0.40355928034269395,-0.2216337634405492,0.20040205257096036,-0.2914509027767095,0.057765606592218625,0.6880816195163887,-0.5027744145392627,0.0
0.0,1.2125541250180487,-0.21222442370742187,-0.9664349224819074,0.9271222753777777,0.20628856639847576,-0.8755452284806455,0.5288463883858029,0.4708505145658147,0.0
0.0,0.9839161579538596,-0.42940310532571213,-0.4219497535629457,0.40300938812085685,0.4891872494069341,-0.45369913945902224,-0.2759604475080538,1.0873984308397717,0.0
0.0,-0.5114530882940035,0.13550116216952546,0.6277784940712274,-0.5824335219948248,0.13405517859689922,0.7394142895780358,-0.5631620552478754,0.20150596497967818,0.0
0.0,-1.3693663651121764,0.43325760347420744,0.7997019898975226,-0.58040435195293,-0.2139670685851537,0.7610141421503099,0.48583839330536555,-1.2113931463139311,0.0
0.0,-0.646858084093637,0.24789442233723472,-0.023256627193147007,0.46095040104784024,-0.25828406345688115,0.05879952594886102,0.5921982415271714,-0.8261404786400431,0.0
0.0,1.004381339383958,-0.6945214845416915,-0.41137967459346975,0.7564543819667914,0.35127467561743597,-0.5871140677044893,-0.3690625306174618,0.8135036814223161,0.0
0.0,1.1715323896264391,-0.5584001378179339,-0.4060726501073721,0.26648737334347583,0.5976934845491796,-0.48135967038231675,-0.6844092494904779,1.216469107693079,0.0
0.0,-0.22392819152767704,0.6866872925354872,-0.01770999474262297,-0.49514139798736695,-0.011230448835806577,0.17101665696261664,-0.04379802453757953,-0.01568652688178542,0.0
0.0,-0.9868115067279241,0.867320614764498,0.5887612642019556,-0.7766729415697251,-0.6411441406581134,0.476699844301891,0.9348644557734486,-1.3295079611038274,0.0
0.0,-0.3288971131769689,0.05688310152998283,0.40269555876990915,-0.017087111217925784,-0.8177961670205559,0.45692076239099055,0.24081976126961954,-0.5661341884305632,0.0
0.0,0.9497328258044485,-0.9730935436253912,-0.1931486896230007,0.44214872293291985,0.1757179182482008,-0.35517750254764807,-0.5922391448963691,0.780839794704505,0.0
0.0,0.4812951317407183,-0.36312777956989034,-0.7575202048177964,0.3440209650472383,1.125999653788667,-1.1066703218010643,-0.5992506644447059,0.9984168598995069,0.0
0.0,-0.8212428156622753,0.5109582963351503,-0.5765714643979264,0.1076359508936648,0.18590307244596882,-0.12616390340918063,-0.21272695558917037,0.013898485345389441,0.0
0.0,-0.8238335879877517,0.022421036462076892,0.6812727359172509,-0.5218313601230441,-0.7304448719788207,0.7354365965352903,0.5687266351215481,-1.2333161128492491,0.0
0.0,0.24332558566939408,-0.5790015663514798,0.8280856499244891,-0.5576435312556174,-0.8145282295460474,0.7610199718377838,0.3680837592336247,-0.8615081023068348,0.0
0.0,0.6707068799019044,0.03883180218620108,-0.6600395850247125,0.0897622503597953,-0.06210556358235997,-0.10093495313365229,-0.24953948883924196,0.6471845927373602,0.0
0.0,0.3011090170202195,0.695968249208419,-1.254736057337027,0.1924089558065606,0.9745264791609423,-1.2176267097799982,-0.26809716166918435,1.3071313677233116,0.0
0.0,-0.07099117851161753,-0.10662372914894477,0.12720299882645666,-0.027201147879090747,0.21860829743730417,-0.5170535965371837,-0.08687229478735026,0.4617352568904514,0.0
0.0,-0.410354110416844,-0.5473031598261747,1.173856971486405,-0.10126482322046149,-0.9751918663166456,0.7383095985720157,0.2858280850912949,-0.9947439351050003,0.0
0.0,-0.5150214352314889,-0.18652966737215393,0.6358613216443308,0.08807694927625175,-0.7417662481173457,0.9143629810753727,0.1616870902915873,-1.2071420762171694,0.0
0.0,-0.1170539625607597,0.5056032775432612,-0.6664940048947835,0.0976191970378367,0.8681257691106241,-0.35707567426384124,-0.35206694801867594,0.019954837927065244,0.0
0.0,0.5942990767279065,0.27518972026456534,-0.9276896131979742,0.12158328609208931,1.4111440270654174,-1.0116580469537897,-0.5183033356252655,1.0570835650754231,0.0
0.0,0.801099364076813,-0.4893714643430316,0.036361611855287086,0.27643606450726754,-0.28206075073297315,0.1823591013165178,-0.16550755166751857,0.6624190602940307,0.0
0.0,-0.09084769961187855,-0.1795050111070712,0.9111548526863886,-0.03128937617126967,-1.1853576373407717,0.6676782017664641,0.9469755972479456,-0.7836602976151714,0.0
0.0,-0.881108900818358,0.5359998570493987,0.6587835746740992,-0.4786011191253744,-0.5875241638658985,0.5240525068032889,0.8092562557063644,-0.6426314562621851,0.0
0.0,-0.5618983437635042,0.7757016783777619,-0.4009357893620088,-0.2213976541891928,0.6868751607358025,-0.1423882014886016,-0.3709581270713848,0.7806737142224731,0.0
0.0,0.7552183661341276,-0.37670073826999473,-0.578501372202085,0.2821071193099631,1.1858305295182305,-0.6152145665402293,-0.6869417463570276,0.9353545681040958,0.0
0.0,1.1480324970786298,-1.0859622348609999,-0.2503208629596692,0.8374014848737125,-0.025773044773269714,0.06748810910925598,-0.0907934584202831,-0.3098375424812242,0.0
0.0,-0.40956244800255237,-0.02717662413676959,0.20214252490071574,0.4339906380128947,-0.6485368970745887,0.5226991399910111,0.6071771969921596,-1.2768520505871386,0.0
0.0,-1.3499480051097457,0.7079622662373208,0.7774039915070836,-0.8733706504751182,-0.041831279205844674,0.362832395190429,0.036793762891467435,-0.38531002922675134,0.0
0.0,-0.5970956281913585,0.7017353653241948,0.25214316003507364,-0.6675642607857757,0.3680921295956162,-0.2338791754996278,-0.4359771133838996,0.894471145557664,0.0
0.0,1.2298504768386953,-0.449645980818006,-0.5292479463459246,0.6035231056887512,-0.1063351938270845,-0.5778153076582154,-0.16029806270049726,0.9615558047784577,0.0
0.0,1.533750547260569,-0.7661635700449045,-0.5781134777251649,0.817216340970602,-0.4898996217227992,-0.38999175115719337,0.42605246338619046,-0.1209589898576714,0.0
0.0,-0.4194264841215347,0.4792390414941991,0.05568163447284577,-0.4876747829428671,-0.05098989084883199,0.15428496298850855,0.4147680277040099,-0.8458584217475892,0.0
0.0,-1.6226099386296482,0.7316514165066281,0.6866135849716022,-1.232406974867486,0.2011420844828139,0.7544086202328615,-0.5437963312821164,-0.4291137283924945,0.0
0.0,-0.5907679298674062,-0.10237521584652509,0.10253093288251669,-0.055260087567318025,0.07294514258269755,0.2581322275202937,-0.6093485918260881,0.12258781655026696,0.0
0.0,1.3313025581393767,-1.3693192555923432,-0.4926524450664073,1.1493693911751017,-0.10635216627272298,-0.7940796186368708,0.10149273964594296,0.2960729271542614,0.0
0.0,0.6480965897103762,-0.34967795095123505,-0.7882690227174961,0.8283173820362046,0.049633434444281706,-0.8777847461605325,0.41672316271292564,0.18695090316734217,0.0
0.0,-0.8832264886198226,0.8925160464036862,0.03603574626873017,-0.7982878465858338,0.07370079396814633,0.1469295194300022,0.0549473246306396,0.05041885882915444,0.0
0.0,-0.8897238877558559,0.6332385908806022,1.0907879463075043,-1.6310470292292434,-0.22056295843185414,1.0430106811782558,-0.3730419057734699,-0.12005517884301256,0.0
0.0,0.4072687126252833,-0.19165239630105757,0.03039114024225908,0.10191774499244842,-0.6521090209302852,0.5630362870829607,0.1537208849746718,-0.32407916928360647,0.0
0.0,1.2224052475697758,-0.6853391641595687,-0.7916995851065218,1.137186809752803,-0.07644196813300866,-0.7724420900884308,0.536810514177536,-0.056006268530373216,0.0
0.0,0.20135866317490408,-0.012721443201323224,-0.6628111956409004,0.5817092727052148,0.9801309350950596,-1.1896538319845325,-0.032019074189180464,0.535598322112664,0.0
0.0,-0.9773529318942956,0.2873408644774273,0.45223877876944196,-0.41573394864677343,0.3524496953672445,0.547934574456573,-0.9558832439270377,0.44600902694399136,0.0
0.0,-0.9247990852011138,0.10334111496801818,1.1167185334166527,-0.6741598300329276,-0.4284660025280492,1.137078203018982,-0.2406573985848925,-0.6277105693994692,0.0
0.0,0.14681208584106198,-0.11157407221163976,0.19542458493511627,0.3496581101575876,-0.5784871041311558,0.10919858841472806,1.158518496495554,-1.170282906335864,0.0
0.0,0.9896681646374317,-0.07496972766753361,-0.7661364155308782,0.6330145105326052,0.26506042389896645,-0.7411873554019305,0.3772178996630601,0.5043796709022166,0.0
0.0,0.7596149776162904,0.22054836688713791,-0.6664216537334867,0.0619119491183949,0.7340208720798272,-0.4331776213975145,-0.6554983023845071,1.6158741749358025,0.0
0.0,-0.1127390892443687,0.2619206088236504,0.439495770020769,-0.6065309343911758,0.11661242835974873,0.5293030894036728,-0.573751844622472,0.47581373685739076,0.0
0.0,-0.7786968974593925,0.17905910273600834,0.8333870123637439,-0.30363295562172055,-0.5937191163572196,0.5558669197639939,0.9758069662693304,-1.5584113230596328,0.0
0.0,-0.5592215211757863,-0.00786715204635154,0.20075990915945519,0.5542810151254713,-0.5693169785635201,0.19249350362372555,0.6417077529733495,-1.101541341850334,0.0
0.0,0.35045216577663013,-0.4104116889903531,-0.3077047524139792,0.480634684915575,0.6559700375262338,-0.44263862582412045,-0.8068990446688629,0.814480972468239,0.0
0.0,0.6548938094091166,-0.34336160455389425,-0.4952974423815738,0.14103339532447823,1.06043542458166,-0.5909608012624961,-1.012157450421071,1.3228856912066733,0.0
0.0,-0.010559972989817193,0.2566690002433711,-0.22513708232816695,-0.10118831598365981,-0.073026512932827,0.063629786249592,-0.0464327878755095,0.07208175585983102,0.0
0.0,-0.517696061124144,0.38890894553575217,0.4916996088454767,-0.4407273165414203,-0.9147162291036175,0.38509313254731203,1.3589833463970191,-1.5281700648595664,0.0
0.0,-0.22524803943819302,0.09140546684721924,0.5240021877772043,-0.44266196529600244,-0.8851174767892603,0.5573269581015711,0.43087725434415763,-0.5424776000728312,0.0
0.0,0.4416681654545867,-0.20319964237351756,-0.3122319108692245,-0.08446337053016162,0.04464705434515601,0.05799294291708676,-0.7027621814779241,1.0714857615925362,0.0
0.0,0.45690585510156917,-0.1773185125071399,-0.8291968963772205,0.15372580318050677,1.1289077783794552,-1.080287031915215,-0.5875767433837428,1.178266800192497,0.0
0.0,-0.26217931683702456,-0.13189400365613813,-0.4287271906010026,0.3667273169580624,0.29710164843569875,-0.5573480323091234,-0.04019538009023284,-0.05473451333424127,0.0
0.0,-0.7286165664350459,-0.2804433656688346,0.5338406152898661,0.1252584416536633,-0.8807350909318818,0.6001223707292459,0.5322806327838675,-1.3625984684253507,0.0
0.0,-0.3960778081168387,-0.24310898284546617,0.8662677339727881,-0.5336164764055443,-0.6697164100184928,0.9321531667321051,-0.02323683063528328,-1.0023136020441905,0.0
0.0,0.2613876283050752,0.30990190051278577,-0.33137156037747145,-0.3540222649102266,0.3766378308766734,-0.09684738326240946,-0.4942384738651446,0.34624849021062265,0.0
0.0,0.7215627497411414,0.5048257934405393,-1.1334626845021736,0.1652320173969393,0.9366081927772626,-1.1887373628147775,-0.2788302050190413,1.166722933510939,0.0
0.0,0.623996230786848,-0.21055170990999533,-0.1626417915282737,0.44152534985126457,-0.3097769670041711,-0.4694747563888149,0.08844096484598232,0.6467704978189934,0.0
0.0,-0.28459050623808807,-0.28208474043265214,1.0509975963930647,-0.1149578155154889,-1.0554310420784474,0.4737871431938998,0.6109280985857297,-0.7033338904426574,0.0
0.0,-0.9695669042346018,0.1913750027068913,0.8507444164386629,-0.5273060576654608,-0.4627008605847259,0.8272494620581672,0.25794563571391593,-0.9015860994244965,0.0
0.0,-0.4851987917604318,0.4993550389119084,-0.4906593877082801,-0.05119089929898828,0.7512998683177883,0.10361560070852438,-0.5028321891133484,0.12433081739152994,0.0
0.0,0.780186579623482,-0.2680291073311515,-0.8947069201477987,0.41181445498614266,1.3086057375848728,-0.7779573880653348,-0.4588632324070176,0.7361767895899267,0.0
0.0,1.0358902092972642,-0.8204211843061977,-0.42636741566523784,0.8135690956754196,-0.009641768071182395,-0.07348981482297365,0.07761117196197309,0.224799693025298,0.0
0.0,-0.3023083089681208,-0.05656001643035677,0.46922923569352637,0.1719026910703271,-0.7776469670836553,0.6020445209977042,0.6761395205077165,-0.6058348682722597,0.0
0.0,-1.1372008089678973,0.5760318570313112,1.1436648563300615,-1.0657914912378832,-0.3275649144258831,0.6131001652276165,0.38461315391588907,-0.21897612635960928,0.0
0.0,-0.6392146850424523,0.8773619607075536,0.047761848366776244,-0.4451084522486256,0.24792700844888096,-0.01070368874085971,-0.12664289753958202,0.6649862090618758,0.0
0.0,0.8778381210540275,-0.07261208176620004,-0.7255609887921528,0.6853734331449011,0.415225355787491,-0.6599698425249675,-0.11499059586505189,0.6090886412283182,0.0
0.0,1.6343267194562927,-1.0829181155275007,-0.40381442063536205,0.9411206809477076,0.018215885727869786,-0.312432721700069,0.001955467909711552,-0.20464919159004435,0.0
0.0,-0.020245434906420928,-0.0040007441296858745,0.25380340673266405,-0.02984214961037339,-0.03364139664979456,0.4580059644079017,-0.16109201799063394,-0.7418620755654721,0.0
0.0,-1.512286191531111,0.8142475441378163,0.7546880205318258,-0.9666470761323406,0.15777778179209853,0.5221325221504322,-0.28861199184861497,-0.5393980685069436,0.0
0.0,-1.1560881596572254,0.7252076171030785,0.17984129354906978,-0.19620300948901243,-0.015356598105970447,-0.1260058835072881,-0.06330794158705984,0.10445481664995365,0.0
0.0,0.9848279003000102,-0.7682869560197216,-0.2716200829644321,0.8649170238234195,-0.38485795119756994,-0.5975316150060487,0.1547134387226735,0.6243231262984308,0.0
0.0,1.7107732026055062,-1.1961813455687091,-0.3934369764685023,0.5243972644185275,-0.12268068243532312,-0.5298835799864885,0.22978199319796627,0.508171239407439,0.0
0.0,-0.3617233734504026,0.7815612885549856,-0.4308610628837434,-0.6223855958996294,0.2019107691843876,0.13061063406776616,0.0894749637752684,-0.08038038664114469,0.0
0.0,-1.5024574137358362,1.077509430299212,0.23061642620834455,-1.2497746098819102,0.07539522363261356,0.8113092646690508,-0.17281262416686524,-0.5071754359721129,0.0
0.0,-0.3867489046668206,-0.31177484081866996,0.3908488892482998,-0.2854971773481857,-0.30186786629261325,0.5490672661292273,-0.058214847447759115,-0.4457137745374855,0.0
0.0,1.2758529055762171,-1.5911476716182298,-0.14872544111855288,1.033388348829246,-0.33942842702750137,-0.49643576595826694,0.13966828260416214,0.06612425571097597,0.0
0.0,0.2572686268894566,-0.2024818658335154,-0.7494998376683228,0.8831729106770315,0.45245168319661766,-1.1633674395150582,-0.018853999920011598,0.5495888475042306,0.0
0.0,-0.9904746583739893,1.0046661754388007,-0.35290645413971455,-0.3071957875024709,0.41692132677337096,-0.20363172104304225,-0.43816856389298287,0.4232337717630824,0.0
0.0,-0.6237479231545046,0.43551292621564536,1.1127954650946243,-1.3320536327695676,-0.26742267439004946,0.915227140961802,-0.3649663990289409,-0.3617725579756515,0.0
0.0,0.6408554335082235,-0.37957625022792174,0.5307303696061925,-0.12083810033451256,-0.8655475295697811,0.627629492698958,0.549025423357703,-1.0007503918774667,0.0
0.0,1.0437992836451986,-0.2083041305389196,-0.7677454465026023,0.9018099134380924,-0.3465563951591845,-0.3980620689170276,0.4861643986147819,-0.1566384090156217,0.0
0.0,0.18940160801182088,0.428268458696957,-0.8483309722991446,0.32824959957079547,1.051731845604403,-1.1124054813232458,-0.27964425694317907,1.1075155777050463,0.0
0.0,-0.6723705649871196,0.15314060231912188,0.38947547882706135,-0.43598487062544505,0.600408003414993,0.07489776966982269,-0.798415210197745,0.923209917962084,0.0
0.0,-0.7429226538754432,-0.2776303369034364,1.0123170060090203,-0.3054992785169366,-0.5457306617433388,0.9561522947453113,0.12262674602626257,-0.7715619673179884,0.0
0.0,-0.07586127850993758,-0.42412254082528456,0.31448228925187416,0.5093452301651877,-0.8009608654443799,0.5333248782301633,1.1743596379137586,-1.565781926853701,0.0
0.0,0.4457599887719788,0.014527611106757649,-0.6433160717939992,0.38974312349898943,0.4182240970647521,-0.27619992844410096,-0.008795167166645102,0.37066652759786123,0.0
0.0,0.45659157818551144,0.4300737328767821,-0.8349093296879346,-0.10742285465191168,1.2552825273025534,-0.6204158483187105,-0.8042253096750208,1.672275629088933,0.0
0.0,0.1983319149732119,0.1048539556631041,0.1772588473922258,-0.3953842417444964,0.2279703183401045,0.13886835673839779,-0.3634171173868758,0.6297535852243891,0.0
0.0,-0.21226500403050463,-0.09572840922670083,0.8604408435296848,0.0003949612766565372,-1.0917823107372235,0.509318025955083,1.140172351397774,-1.441710321762809,0.0
0.0,-0.4375773058226009,0.09666406262501934,0.4847861211032701,0.32332882533558915,-1.0048427902161532,0.43528215215698995,0.649393234751576,-1.0444380518821375,0.0
0.0,-0.13160378267595635,0.2599368156947725,-0.23662838426991575,-0.041829549224922956,0.7364575097563781,-0.3620318174758456,-0.80330374160471,0.7283311480027876,0.0
0.0,0.4815002531557072,-0.0750085179794276,-0.5489439765684186,-0.0529004773495409,1.439464359361405,-0.8711183237409016,-1.0248085955779507,1.1753042742564181,0.0
0.0,0.5044986415281343,-0.38210756144152913,-0.2867938938525314,0.39206469859816434,-0.17569113038871947,0.0515250015377089,-0.29405692081741774,0.10088699892268657,0.0
0.0,-0.32368186919417,-0.08793617240240449,0.31838437904188993,0.21890995420089568,-1.137915438320955,0.4327741548322018,1.1356101964689553,-1.4655165443542748,0.0
0.0,-0.7940026971168,0.26935458446039856,0.6497621738514479,-0.7508804796995997,-0.574355436007933,0.43638193378798207,0.5849611814859917,-0.7528794489187476,0.0
0.0,-0.14114751731369812,0.2694469352734167,-0.17203996228600077,-0.6375753799933024,0.33346673031322116,0.02317795404321517,-0.592852943829158,0.9988133121660141,0.0
0.0,0.8770003123067399,-0.3188604279380823,-0.8933675615370519,0.1227598284658279,0.7417950121258086,-0.6690732986741047,-0.592791245448952,1.34005205740989,0.0
0.0,0.5685640358518422,-0.4864284907111547,-0.6442382308384397,0.6658212388312511,-0.06920213547563127,-0.46128466254288764,0.08439675589235324,0.1050037155734795,0.0
0.0,-0.7623964029173731,-0.07275399253023336,0.3274276746857618,0.16254706789366496,-0.6714216990458651,0.21160481782173807,0.8009598441828674,-1.3042940575572355,0.0
0.0,-1.0952699694500794,0.12053697183315026,1.0614387233019216,-0.8590472298788769,-0.3153557790819321,0.7393562897888043,-0.0974658551044479,-0.8816397197041269,0.0
0.0,-0.07519179149683249,0.1790750837599144,0.058052934517323684,-0.3314976345653615,0.3166952158043361,0.2100022797600535,-0.860163903938534,0.30997369859874485,0.0
0.0,1.0478332015690945,-0.004559743882930768,-1.0054187561265207,0.6335323618640338,0.6094478276028291,-0.9614356515228442,-0.3865411894152057,0.8452109147747968,0.0
0.0,0.9614308015343649,-0.15849112574894364,-0.593457830017814,0.7757653061836038,-0.14536039441783616,-0.7254049113205472,0.29064265778586496,0.317865140602922,0.0
0.0,-0.20791935339792442,0.10508322343405921,0.8689194288335883,-0.47959537077383696,-0.5860560851568672,0.2623832712489569,0.6349822138756556,-0.5669277151497663,0.0
0.0,-1.029073452406403,0.4486916035961934,1.1369072673757081,-1.023062988255352,-0.4409867521307942,0.989078133611058,-0.012120576059975824,-0.42601157661180195,0.0
0.0,-0.6121397038746018,0.5264557246955283,-0.3022670561294571,0.10535600079736802,0.06996705922810066,0.4575751927810655,-0.34228021852920115,0.26138249088038135,0.0
0.0,0.794372066296192,-0.4881441946695244,-0.7744747482969797,0.6994205632655968,0.9439674470268928,-0.919512916561894,0.11907070764193442,0.46647485998258975,0.0
0.0,1.1053672800882797,-0.9965472081627634,-0.5109813137900615,0.8095976112764149,0.5084452904487294,-0.5138991965266482,0.23706211274264538,0.12107141840873908,0.0
0.0,-0.4141044160490357,-0.0041494465333189075,0.08046910374855007,0.19903218355564195,-0.2950357642274915,0.897553335725433,-0.14511227461043702,-0.2678292615949962,0.0
0.0,-1.2709001347067057,0.557427564139281,0.9436150682202763,-0.9813968671459417,-0.19028951795173848,0.9632252801071985,0.006047219170975622,-0.3689037221129065,0.0
0.0,-0.6328046919558362,0.6352603343981261,0.42661588975721043,-0.5783987723265921,0.0915054959496505,-0.10142730730770042,0.4497257445357845,0.037164728695876954,0.0
0.0,0.9116536579459454,-0.11404559726869956,-0.5270012096254676,0.7532394430808999,-0.010080802125284269,-0.7987633469177454,0.3000381690454029,0.6211794614263241,0.0
0.0,1.5723135727560282,-0.7057023847719227,-0.5289675456438562,0.9168898166016431,-0.15646955499140178,-0.4667668981887937,-0.16804887691683612,0.5516901909988258,0.0
0.0,0.1871511000509708,0.23559734502903243,0.1717305646551701,-0.3332135953735461,0.1314030601292413,0.3332331268000311,-0.5065711596565821,-0.17441466885124762,0.0
0.0,-1.220434018703023,0.8199434331870221,0.733744234146815,-1.0953291504326794,0.21694017693359796,0.5151884690342121,-0.14370289753707283,-0.9017168218169185,0.0
0.0,-1.0939226010855172,0.4941151513877945,0.15946734885667058,0.03495479063049953,-0.18536267873728016,0.06980516459677791,0.19487944539306495,-0.7693960750120634,0.0
0.0,0.7288189368243928,-0.951106451589974,-0.22616492645737593,1.040583584268725,-0.37322756492211373,-0.4376603989022778,-0.08141811577134132,0.26803528844805474,0.0
0.0,1.2337295285639638,-1.162290975080336,-0.3575010863769107,0.5121606232767434,0.2606641309648881,-0.6518961935045932,-0.29053412440049997,0.9834588636654953,0.0
0.0,-0.5331904770673656,0.6770383729479053,-0.45979616791279065,-0.5542403395630782,0.3833471422256842,-0.13244858257526898,-0.137101883852552,0.5319586951717955,0.0
0.0,-1.1858240930801112,0.9852697809517075,0.1536446021628021,-1.1778588626632738,-0.1246570741381395,0.5409034598516917,0.449571768695583,-0.6433733653923234,0.0
0.0,0.08051390190212541,-0.3393344739675209,0.3900581178062012,-0.39568473979095753,-0.7445516089162264,0.7668847959003033,0.4955040213628165,-0.8535170328667139,0.0
0.0,1.1838251882569926,-1.164602078405259,-0.21840774980345498,0.6612122245758796,-0.6876351458232419,0.2504787317138026,-0.10456994299817896,0.18008961079201266,0.0
0.0,0.04964442143207345,0.10590168710281742,-0.7893749296769393,0.4346589374825044,0.8791418096616719,-1.1478801638418776,-0.2877512880254692,0.8754864872857123,0.0
0.0,-0.9669036017152666,0.6702678405878354,-0.27205450407110665,-0.1374802310191095,0.9737643056995702,-0.9090843283467659,-0.36916247798237845,0.5177346409371041,0.0
0.0,-0.5413097188350363,-0.04128541730771877,0.9178154842817239,-0.31731848016090675,-0.6269875866701127,0.7508615882504355,-0.27416828159843865,-0.5582789787735619,0.0
0.0,0.4752733120827085,-0.5581072108197098,0.8160863152843413,0.14244214532509128,-1.1898688297474884,0.9341597168081937,0.35554152607065165,-1.2624280932669356,0.0
0.0,0.6489641651965536,0.18380398533647035,-0.42700517300957463,0.16766285538381015,0.07814458170660142,-0.22726467174809,0.2740467390947668,-0.336179305459469,0.0
0.0,0.2638475658380744,0.9229841850461133,-1.016069258571141,-0.12183766484359343,1.356650594606185,-1.152608712813293,-0.31268616174931324,1.146161928241515,0.0
0.0,0.035756528767932956,0.10469753465606048,0.08963599991615172,-0.15253891248521242,0.2583427890806583,0.004741437160274983,-0.5687177379329426,1.1642766469201367,0.0
0.0,-0.1983306471821695,-0.5511117585829238,0.8992557009812734,0.2090412216937865,-1.0571008918828528,0.8029645775190813,0.4260103004813135,-0.5789847245182344,0.0
0.0,-0.4905471655281193,-0.39865357155740055,0.6317525515879061,0.2334359883804676,-0.7335450243938353,0.5292241381317135,1.1785228606775786,-1.4352090341051296,0.0
0.0,-0.3997822178423713,0.19495268499578866,-0.31773461550663573,-0.03574053654024115,0.8099779792434725,-0.16043948916651943,-0.20912963275863636,0.2930283397212667,0.0
0.0,0.21204326541742738,0.3482307154583161,-0.9263257110517562,-0.009398519745138903,1.4288747463390683,-0.4268436494232881,-1.0043806140976264,1.3579041427618581,0.0
0.0,0.7440570239585855,-0.3417097347316129,-0.3800089270328103,0.25061919053892456,0.15596804595471267,0.1676750960678052,-0.29344132835061243,0.37018116413336016,0.0
0.0,0.26335850390986243,-0.3652128186346232,0.5797439113239089,0.20509697658012913,-1.0271871734036249,0.36712215128767595,1.2292979401512782,-1.334804295256495,0.0
0.0,-0.6275582342488552,0.3397673827615692,0.9112856360432009,-0.4467350183007599,-0.7924597890598791,0.32614902849393,0.6158600168277056,-0.6404347227794972,0.0
0.0,-0.6613264968776572,0.880921195506047,-0.030251078315699256,-0.38775688478301934,0.2824339948271963,-0.15891651176749355,-0.6717981995453851,0.9515989403964771,0.0
0.0,0.4210520351301826,0.14567950223260367,-0.6019704776193469,0.21810237422548107,0.8547359288027758,-0.7880874429096382,-0.7905155847280744,1.0691324504052808,0.0
0.0,1.2619315304156642,-1.0373828536397998,-0.26166107759494683,0.6831718879269381,-0.03936452463036687,-0.3340074145814027,-0.15822522806007452,-0.13435215519755087,0.0
0.0,-0.07640248965210278,-0.2860137974297437,0.1729393642280498,0.2258326996607359,-0.6043822497878643,0.3355871535488303,0.6667145358147936,-1.3942088945913615,0.0
0.0,-1.420976474877345,0.6556692083075265,0.4278126357246745,-0.7825481513858236,-0.18670654095786013,0.6234539121312073,0.05368832787071919,-0.8524637388704351,0.0
0.0,-0.7382006983820159,0.47419666214056017,0.0188910551396357,-0.6609214785658012,0.29376626906228676,0.15385509406483155,-0.6090265484181648,0.5644287310227841,0.0
0.0,1.1966032244453648,-0.8410644502459692,-0.48226686624651066,0.2839555307910379,0.26922422757062464,-0.6488295854703967,-0.2586487684719532,1.1767097437938359,0.0
0.0,1.120130129884243,-0.677356457330004,-0.6780168551827934,0.7909762259114814,-0.33394945571114154,-0.6494522933501693,0.42491234069429606,0.40928728217631727,0.0
0.0,-0.7081071654617194,0.56278831325706,-0.10325401155632238,-0.11640343946123195,-0.42450216316808514,-0.03749300932644762,0.8146449990762403,-0.7073707879929693,0.0
0.0,-1.2853822069080794,0.5666870549641275,0.9469128136590249,-1.263701060577664,-0.15812593507662512,0.8530385774172764,-0.20369387651403206,-0.5546458790668444,0.0
0.0,-0.1216040186735223,-0.09426414912629226,0.31293231374837793,-0.38396036548282386,0.0637187328973679,0.7017941006066298,-0.8538824477939725,0.05942215339098154,0.0
0.0,1.1905982281451015,-0.732840680841968,-0.6893725207142721,0.929459940729108,0.4520989674119428,-0.8653110104347018,-0.10530570327466578,0.2195519232894607,0.0
0.0,0.6589354434815107,-0.11513359285209313,-0.8765841328739752,1.1611178337231212,0.27414649752002174,-1.1122271471682617,0.3540864022900212,0.06627426981429892,0.0
0.0,-0.5683752574429214,0.40750466704206956,0.3074382746323115,-0.13734967085454944,-0.2129651169078758,0.26581971168211704,-0.0383807334861669,-0.019291415171446866,0.0
0.0,-0.9281556155433475,0.3537428682390425,1.5643758775581371,-1.480293584011255,-0.2967553350523441,1.1230027875626891,-0.34589697267291325,-0.10840549160179755,0.0
0.0,-0.21298940358926563,0.33076645235514907,0.1718445919334657,-0.15483682183522832,-0.2957514809651413,0.41132072484245236,0.3741737692528303,-0.224794473455452,0.0
0.0,0.9434138979980857,-0.13539397030081796,-1.0003245959726879,0.9448371446131897,0.1996102106742239,-0.7228732244061826,0.651165563809664,0.18404838199540072,0.0
0.0,1.0649248167335557,-0.5144789741088328,-0.782030043835681,0.737444733268413,0.6335423875230015,-0.6555833570069884,-0.02406907736658053,0.6960694344278113,0.0
0.0,-0.2912955486145038,-0.07784604261989937,0.22851508083996264,-0.1738654326699559,0.293005516058492,0.6832797986375971,-0.7103642688737062,0.2869674396586395,0.0
0.0,-1.3052324629790915,0.23800541085893998,1.085632558625147,-0.8714550787831131,-0.045859738683223766,0.8837379151605095,0.0610812962808113,-0.8131801857885615,0.0
0.0,-0.8239450979502441,0.3062056859323194,0.3672482747530767,0.06805454083347208,-0.31697111957401725,0.07105773385837337,0.7856212913145939,-0.873257911877965,0.0
0.0,0.6800752703677602,-0.16629909720009,-0.5234580407357424,0.9057908730478805,-0.14097470236428267,-0.5740225503366257,0.06277509430989643,0.5698798384927041,0.0
0.0,1.3955808246188137,-0.479013115504477,-0.5522098226889022,0.3905428718697688,0.4252010908626375,-0.5993377794523953,-0.5311620236675747,1.2209287125470787,0.0
0.0,0.3471021743355194,0.3451390186481651,0.09188853329237456,-0.6531656702587602,0.27277670067283166,0.0867215005927792,-0.42236920865420496,0.30277259577565346,0.0
0.0,-0.8474104321523591,0.8128975788047152,0.5448605254280146,-0.838934523918279,-0.38220596540256563,0.5112570230528298,0.49724989514562923,-1.1433237418109243,0.0
0.0,-0.8443082791303536,0.33669562257642766,0.21962307316297486,0.2073879433020256,-0.8346780946925598,0.4167781665820715,0.4784638643747076,-1.063054001890149,0.0
0.0,0.4614327419977531,-0.8883309696716073,-0.05212322949295995,0.5781603146243639,-0.01003921326138963,-0.3151040303841066,-0.3993661435627716,0.3302872025913842,0.0
0.0,0.7558832397421456,-0.9467059530146222,-0.37164759151200955,0.25156668443844515,1.0643799161647174,-0.9972828781612297,-0.6721299150703764,1.0872277806070652,0.0
0.0,-0.5137830310608321,0.4458843067673868,-0.6933899655513258,0.008770134845889717,0.3393976815031851,-0.16704533291157633,-0.45432130098864687,0.5559001027011267,0.0
0.0,-0.8442332898465212,0.5537088605768582,0.07511439683747347,-0.468895569586876,-0.611338486307066,0.5680362752031405,0.5869298197678945,-0.9089719805740353,0.0
0.0,0.14866837545036254,-0.35967371632872425,0.8109696436899715,-0.7081577070625666,-0.8659145529002295,0.6625308500845566,0.8556079590212103,-1.1424844908898122,0.0
0.0,0.7848513681482224,-0.4179792638267116,-0.09905934926688688,-0.06958565139283589,-0.4597339968464181,0.2842462372923821,-0.15848439705244488,0.4139731199111233,0.0
0.0,0.2239565797528744,0.5003082424436593,-1.0703240763310253,0.25014998667492494,0.7740328595000814,-0.9154672014594258,-0.4531625512626014,1.3101598692448955,0.0
0.0,-0.33698194971736595,0.25151210732560736,-0.38141324410274896,0.18908141533915598,0.7801605640410182,-0.9432884860810116,-0.292111289708203,0.6479907144402204,0.0
0.0,-0.3795246591539144,-0.494644715182783,0.8503318775198867,0.08999396836755608,-0.6055926535061474,0.44865401246954434,0.13694592542359238,-0.8729879217820579,0.0
0.0,-0.20565386054598891,-0.5216559748432791,0.9890700755400993,-0.000187321285618533,-0.8748363015052076,1.0133501585273228,0.244897009209724,-1.4458054717136086,0.0
0.0,-0.05747172173778825,0.3138160444975768,-0.19879259854857914,-0.0080593926417522,0.32087014244468515,0.1009420397681414,-0.26116129862105236,-0.27039081182667474,0.0
0.0,0.27115693827894505,0.8529559381273454,-1.1000295477781674,0.0580164295935036,1.307404218370225,-1.0435367824893895,-0.4193919343942223,1.1172124105018322,0.0
0.0,0.7110820793020678,-0.13255531755178418,-0.2023455847128341,0.17545590919482418,0.10970737947244986,-0.28186337823150126,-0.14830170545223556,1.0778064976773847,0.0
0.0,0.3642982015007247,-0.5504792500467088,0.8968782516055087,0.04829670984015979,-1.0948522028134997,0.5595454984186831,0.7866382346739399,-0.49902092173820845,0.0
0.0,-0.6325001355296538,0.1289413579025504,0.7878712205299897,-0.2778461672447484,-0.7873381658971486,0.747731167358866,0.8611012486658103,-0.9991514636479265,0.0
0.0,-0.8714446308206701,0.7624545530012679,-0.33892797499438176,-0.19569338568274935,0.5164279869045235,0.222906872736133,-0.36819270749081634,0.32234690335811045,0.0
0.0,0.139436132404846,0.0996277928030814,-0.6997095649593092,0.11762336325242842,1.494344203378762,-0.734750456744223,-0.709038846888248,0.9265314034181046,0.0
0.0,1.176362977843045,-1.1386935175309467,-0.266203745702438,0.6838202075612871,0.28769051626244513,-0.19043290101996163,-0.18561321998110605,0.10223832519703135,0.0
0.0,0.16777147628107472,-0.46872565424401846,0.2028208807636218,0.6870819423671202,-0.94591220936687,0.5137543523855101,0.6060569940648766,-0.9933136221183011,0.0
0.0,-1.1054644164341358,0.6680637226998201,0.7228129158053348,-0.7126571110188407,-0.42683572928782754,0.4774622901373004,0.32608948841956026,-0.5427314622363109,0.0
0.0,-0.8634557782527691,1.0753279119922963,0.2565944739908086,-1.0054882863849042,0.36216408221259133,-0.12269250499129239,-0.29882507218977783,0.6720830522072614,0.0
0.0,0.7842708393525983,-0.019063162135027643,-0.4942621966055525,0.19377934217299678,0.27520803595292526,-0.6068349833320738,-0.27742176974814015,0.9243900933645945,0.0
0.0,1.777538819281003,-1.209188200275638,-0.4668303034751254,0.9988134810791002,-0.4677591735163959,-0.38373421351159226,0.10944105875137056,0.06379121552027672,0.0
0.0,-0.12158199743195373,0.03130320021649893,-0.0854765921227402,0.16656789502758662,-0.2672494521391824,0.0829557943547776,0.30461336599154853,-0.7999099161912315,0.0
0.0,-1.7749745535045383,0.7866883805851145,0.5708606840404858,-1.0661490191910907,0.27936986760595683,0.4917949844619847,-0.2797113285483257,-0.652660560577671,0.0
0.0,-1.0102664819138656,0.2958207041841646,0.31359710200462865,-0.5787526163979602,0.2857955880879641,0.285992879429032,-0.5760547874415822,-0.011941286154718612,0.0
0.0,1.3055154913653926,-1.1572820854200856,-0.3898622815628839,0.8084101531919994,-0.20733038435913403,-0.4027077511567225,-0.09726056105071706,0.40705387944011606,0.0
0.0,1.2714099896998654,-0.6543789965474587,-0.8271382070235624,0.9661005617166547,-0.2781978863612973,-0.6987064502843868,0.3773530214680212,0.36429265971214164,0.0
0.0,-0.5919517108991018,0.9003065757998643,-0.2682435773339898,-0.4938759572591609,0.10951055791107162,-0.2562884403069241,0.39802896360497547,0.06473401479971291,0.0
0.0,-1.198423555494327,0.7499691791579123,1.0830435095691957,-1.6379079341715501,-0.026462865042799225,0.6812940861431382,-0.13961146996474105,-0.11473377587770059,0.0
0.0,-0.1526625891183527,-0.08972699048010786,0.36821084082660177,-0.1426837097082495,-0.5438259052190518,0.8434553419394303,-0.2674308540379614,-0.21673567849841852,0.0
0.0,1.1614315092907934,-0.9204273224454742,-0.5780050140482982,1.1991216353508958,-0.2537200107095146,-0.35832085725135104,0.25033932758064853,-0.1899484160375863,0.0
0.0,0.5566020547120568,-0.24198139191733364,-0.8233619009199229,0.8068227919093569,1.021688381465098,-1.2934394774607578,0.15298670561812108,0.1770756754119727,0.0
0.0,-0.7247132874691419,0.4518034615566912,-0.06016600785346596,-0.15701662213961848,0.5812986935758282,0.13746255537411908,-0.6546292864262421,0.3790811895835704,0.0
0.0,-0.9451497773266382,0.2743944239185603,1.166087547716051,-0.9515651531373521,-0.3453238017671796,1.2163247891707534,-0.4858359454512711,-0.19686529857596854,0.0
0.0,-0.0830154999247589,-0.004525779620435065,0.6206114898572002,-0.04974631927029906,-0.7920382940610794,0.42215859180806137,0.9568745495899025,-0.8456342056212405,0.0
0.0,0.8779229515682805,-0.10214310793648569,-0.5839541001201477,0.7268371573041466,-0.1820096849342826,-0.5975195341617814,0.7893447369430642,0.20243268884792495,0.0
0.0,0.886652005372146,0.11741774589035155,-0.8400964867169114,0.28583791378661505,0.8369380117508219,-0.8338110451548604,-0.25209969210726485,1.3451587851815383,0.0
0.0,0.03881133636113075,0.2020174934423798,0.0749420628983438,-0.40609377874008007,0.47106980265717896,0.4142898018461909,-0.8637368901430795,0.6524402120076428,0.0
0.0,-0.7923622279892634,0.11021688278419735,0.8278927996160504,-0.4705913556808171,-0.3148175357572162,0.8865617698163691,0.1765979123973157,-1.1566779414978459,0.0
0.0,-0.7455584454913595,-0.042320219017587424,0.4271498520163691,0.3918931018489726,-0.5971423527381885,0.25282226957784776,0.9145138946485749,-1.5188159442410054,0.0
0.0,0.1720739008486528,-0.34149392643269433,-0.1945976197422632,0.6355983531177508,0.24881987500774805,-0.5454325638801358,-0.25254959150188105,0.3536561317147808,0.0
0.0,0.7290252180242742,-0.2886781909905224,-0.5168863368539426,0.22872118477597608,0.8559882494425564,-0.6897073674573326,-0.8726415027039615,1.4853374803669734,0.0
0.0,0.2663870250311991,0.28711089345403057,-0.2931553099701323,-0.2629833981180083,0.10847348964610325,0.052304312150796575,-0.5265846765971831,0.7669173347897152,0.0
0.0,-0.33780791212268935,0.45896547775643365,0.4071810024303586,-0.6357890277076342,-0.68539363934104,0.3620728735242827,0.9992287913254,-1.1823639464404678,0.0
0.0,-0.3288264232432203,0.14550551449077848,0.44371369749344786,-0.328479496407127,-0.9214093541611948,0.44930947836703655,1.0025192449391793,-1.2834497513756848,0.0
0.0,0.19559713279728583,-0.30216248198880713,-0.18349219136125283,0.10394322732364769,-0.21204952172971792,0.21588088891825222,-0.553825111480445,0.5039728566782987,0.0
0.0,0.32087430247696247,-0.39278240034214934,-0.61919916801765,0.1603062572182614,1.0944857635527365,-0.8491776238529251,-0.8708383688235751,1.2619328117588289,0.0
0.0,-0.23631526652918222,-0.1479342027776324,-0.5002008506449486,0.26989111202842053,0.6879642642803441,-0.7147126026646511,-0.49161796444990924,0.5791414556086643,0.0
0.0,-0.5725629576971075,-0.13982587732902307,0.22460408590874265,0.20364732187995677,-0.7295958738305076,0.3055086889155483,0.5329511506035265,-1.03275787741887,0.0
0.0,-0.25062318928516963,-0.15622645716935477,0.7918842443153271,-0.45710904182797335,-0.9117644875571077,0.744762478197629,0.69868235592633,-1.4172617011818367,0.0
0.0,0.26496850825130497,0.28300476842257544,-0.002443680492799631,-0.5658477174698008,-0.14960334585824292,0.4464041519605733,-0.39454183962821143,0.1121517602573828,0.0
0.0,0.5953773505623304,0.5612993129068635,-0.956231937889409,-0.10342539764914806,0.8568828434157718,-0.7874498884312263,-0.5369129125325667,1.2894666188176527,0.0
0.0,0.5470112973682322,-0.1126392959386589,-0.3960176783969776,0.37194446232036976,0.3939625261083152,-0.9126134668413729,-0.11186979407381159,0.9255253039894334,0.0
0.0,-0.19755685876317217,-0.4165303591628424,0.6149443070737778,0.47180851330209667,-0.887203602573201,0.11767098377565176,0.5977758384170068,-0.655587473314646,0.0
0.0,-0.9095827938769376,-0.11969425885662155,0.9961854276299491,-0.22938295763977345,-0.6784165030106366,0.8642667396353941,0.37974707875631963,-1.2121206076531617,0.0
0.0,-0.6193384480042788,0.2898829742179685,0.1128444668470182,-0.35867151182820683,0.49535257094665125,0.5506557879951834,-0.6223866353617051,-0.1199985672178782,0.0
0.0,0.441671831386886,0.24586011459719703,-0.9030036641049203,0.12245987843969194,1.3591884767084825,-0.7097079577212614,-0.49450786519823564,0.795468157685516,0.0
0.0,1.1338035606542327,-0.4294073010410688,-0.7360590929411768,0.68226887070491,0.2462092526458511,-0.44105837326091973,0.18731551840226454,0.5333867466554406,0.0
0.0,0.3671019205528795,-0.28558321616178695,0.2613583370552982,0.43776608754881835,-0.9428621013293038,0.4264549855016959,0.788733256017582,-0.3954499768619622,0.0
0.0,-0.8162330251739289,0.33398847847336877,1.2538960425903132,-0.9333542375001247,-0.5933690626773859,0.7685237219337966,0.41398184714088593,-0.32255658048378044,0.0
0.0,-0.9844763822126651,0.814039927713528,0.3443862361485591,-0.6558823707214582,0.20570052508713557,0.2715281065108843,-0.22595464306525662,0.41140871149735686,0.0
0.0,0.13425935201808856,0.35082941068700707,-0.7573911383964085,0.5056383198768366,0.7878053780246912,-0.741142015170267,-0.19685441303156787,0.47727857085543623,0.0
0.0,1.5038078620688973,-1.134613721912813,-0.5255413367971288,1.103061629946936,0.1948243792287478,-0.47789916765954665,-0.08037569736556971,-0.11023864398271474,0.0
0.0,0.5118252947200996,-0.6003721591184692,0.06894190405899418,0.47864472848643114,-0.2707475865826151,0.4586398698466807,-0.1817148955730632,-0.6016088580811896,0.0
0.0,-1.2557180402890973,0.6402310039617415,0.7714522818369959,-0.9819104255409179,0.0720242432195455,0.5434919726280326,-0.146295357281051,-0.5164217808322966,0.0
0.0,-1.3182209895532326,1.0411815195718543,0.29768581723169996,-0.8173494510503336,0.1280596754033364,-0.046635440190430096,0.0709255079856425,0.08198436248676548,0.0
0.0,0.5243811226858952,-0.09369793987882699,-0.414160425130966,0.5545989543327222,-0.4044794698238289,-0.43350258519385665,0.18583134584665909,0.6407410606655629,0.0
0.0,1.9889551075581715,-1.454424821456108,-0.38092436330891627,0.7854395033896436,-0.43303171363555687,-0.4738232728956325,0.21952007415069513,0.5487876471761142,0.0
0.0,0.10210750680276656,0.16976733177116426,-0.27758292123731704,-0.29369315485688974,0.19496633029444552,-0.12934074417739594,0.08940724828209226,-0.04743225175894233,0.0
0.0,-1.6653258034047982,1.1080921670974324,0.1378239579291489,-1.0953102053252675,0.3120056091504157,0.553419499784334,-0.28050134052027015,-0.5042055504173598,0.0
0.0,-1.0194499609126761,0.21541028080840274,0.3367587196528116,-0.4461581511285595,-0.07051136906713126,0.6015239187274297,-0.29581979008172665,-0.555555969778688,0.0
0.0,1.200937734943183,-1.477126196742707,-0.003930333423295344,0.8895562990239512,-0.41618617550601916,-0.2462256097354506,0.05383071261871002,-0.1830725940265315,0.0
0.0,0.978773787972548,-0.7509314434038061,-0.5314581715628596,0.9306820481448155,0.14077856970335736,-0.9855131340614263,0.07579463479190605,0.41579785147924797,0.0
0.0,-0.7007841811171004,1.1070326282507021,-0.5504023850009402,-0.23238274817788943,0.43363055694680014,-0.4834618680122077,-0.20800855949996536,0.6056927371221664,0.0
0.0,-0.9441489575101765,0.8965032226861503,0.8092018133073565,-1.3488300665510897,-0.13135822278803116,0.6407215120654631,-0.28290586412344965,0.024879454448867643,0.0
0.0,0.19292414991847653,-0.19147267701231205,0.7293337572510017,-0.3531245612957499,-0.8215857586847328,0.7716228495267864,0.38390360148149105,-0.7773448786841055,0.0
0.0,1.169068345404074,-0.7906359384891725,-0.3675206839033735,0.9184744075307787,-0.5883560428726501,-0.026987298950482637,0.5445491172562229,-0.442341486729572,0.0
0.0,0.36742355195041154,0.08890002429962458,-0.8965837470245772,0.533976030053987,1.0408305125684594,-1.0278012361099753,-0.1582260814009749,0.713847968622698,0.0
0.0,-0.768519503626392,0.45651937703436973,-0.27060254773540077,-0.12755791923520973,1.014360920736186,-0.20241721100131765,-0.8072624238594105,0.8930225647804957,0.0
0.0,-0.85786021882512,-0.07329058732430682,0.8651904970890058,-0.4527393774289737,-0.241257716992555,0.9489435219101815,-0.21301564621506008,-0.3874045683927318,0.0
0.0,-0.004642470857043687,-0.5347819910337889,0.7973895593311064,0.1465507570981148,-0.9229838091568707,0.6339847342061712,1.1567534621412916,-1.4296886745421993,0.0
0.0,0.5676579096186605,-0.17268956077676562,-0.2449987080555696,0.4671334658406407,-0.23789992023146503,-0.1139455944251235,0.4173681997277698,0.11764650608143418,0.0
0.0,0.43289287251330855,0.7325457328403866,-1.010949850843582,0.04027263701438949,1.0326547718093162,-0.7773786637055736,-0.525485780872883,1.5961037980847825,0.0
0.0,0.2196893628677804,0.40522098931142403,-0.13967362308478337,-0.40125245902992923,0.6255519447562955,-0.14029576021903195,-0.5855601804238432,0.8679169714760044,0.0
0.0,-0.03361413448015472,-0.24778038612505854,0.896426886249492,-0.2046373292880735,-0.7019062521440115,0.6112356771284911,0.49852395809604366,-1.1245472289131064,0.0
0.0,-0.38641491927130034,-0.21540710590125917,0.6371705830517096,0.45346153844536086,-1.0694429456137442,0.5547427050671143,0.7561133410480799,-1.5046754771557485,0.0
0.0,-0.4093402924743434,0.15105631535999864,-0.15995737024820575,0.2506025871754646,0.4163235820656065,-0.30148967529983617,-0.4860607020115648,0.16921705163245682,0.0
