0.0,0.5338804520105702,0.8082171272377395,0.7923679673157494,0.6364293213729637,0.5713463257831809,0.5556911149440802,0.5384841510224824,0.4662053147035506,0.0
0.0,-0.010252227471864283,0.7353516341995687,0.5010601313100692,0.7899920090278638,0.669315333929594,0.39968266934438673,0.7610356928327818,-0.09100148799164438,0.0
0.0,-0.09094603198254496,0.08091189269272767,0.4717156394196204,0.7097868938412192,0.6936189756753065,0.5772992094220668,0.3984261707993516,-0.21739297305641198,0.0
0.0,0.004947302206948907,-0.43149582179328816,0.33116971552977875,0.4662871486996906,0.6525834079032613,0.7216685402372508,-0.1592487586315921,0.07618541238251078,0.0
0.0,-0.09667629765016661,-0.2381979850581247,-0.19329382129387138,0.22651214999601893,0.5175137435671777,0.4346965552444826,-0.18359215003922308,0.20569069933767148,0.0
0.0,-0.21186019346066814,0.0829670521594202,-0.49374369970686094,-0.09974303843417291,0.13988389121895065,-0.09014006607673547,0.3034532498744592,0.005644837818614073,0.0
0.0,-0.05449061283249189,-0.029410650131867125,-0.2778745564536812,-0.5141641272118044,-0.4977661732162749,-0.2633871387855857,0.40368757055753984,-0.06269459891716192,0.0
0.0,0.14513911233562085,-0.2876104369325607,-0.05275723305240994,-0.7909648924121083,-0.969703551770416,-0.18116299436420846,-0.149341235150173,0.11490251995400452,0.0
0.0,0.04838567900375632,-0.21745987364247288,-0.29687829568682317,-0.7999615726255453,-0.8288046966479754,-0.5592322364883072,-0.5931644418028101,0.061845757453928826,0.0
0.0,-0.21415347469986434,-0.06134705809384559,-0.7405010649767984,-0.5728270749308781,-0.4869521434928574,-1.1030445300216125,-0.6267176484306441,-0.42888821215145667,0.0
0.0,-0.28974948604127854,-0.3008453932680865,-0.7647548013185993,-0.39742700734153275,-0.47500788745898026,-1.0638978242809944,-0.796150451009087,-0.7764585954893356,0.0
0.0,-0.2218925543603525,-0.7413418037972292,-0.35344714487489526,-0.4813419008845065,-0.7046392884080406,-0.5794782760568691,-1.0725107819318336,-0.6186192606116676,0.0
0.0,-0.27459738966263214,-0.6897729227831922,-0.23349087599105725,-0.6278970045651654,-0.7485999168125146,-0.39253696669051363,-0.8140917881550385,-0.310669016521597,0.0
0.0,-0.3694362671037767,-0.1605588356321236,-0.5823932513808479,-0.6412686885786374,-0.5209588740379636,-0.599025800278381,-0.04516198766052375,-0.10160924633600728,0.0
0.0,-0.1562504177653427,0.05734681933537113,-0.7646845711609046,-0.5494349875086625,-0.38098484866887816,-0.4197130220339979,0.35226895342756076,0.17599298553143505,0.0
0.0,0.24699233474169646,-0.21550859277946283,-0.44932267860645586,-0.46501671866698213,-0.3326959049270459,0.25644065696618457,0.16175240451740452,0.42425768493983285,0.0
0.0,0.2705104830280591,-0.38225607616203744,-0.01564791786178355,-0.2724240590091459,0.0030035142369499897,0.533191165104982,0.13038045051108074,0.2995408186905376,0.0
0.0,-0.17141909719940554,-0.038895189794875565,0.09386298678350077,0.22250338151728252,0.5012645805196853,0.2741172710613581,0.37777985143667625,-0.0745520458362551,0.0
0.0,-0.42565365416838324,0.2998107969340213,0.20900935771369197,0.7892843774589176,0.7260172563695604,0.16629253982150136,0.3506117466236703,-0.18525564902583952,0.0
0.0,-0.00464221882272008,0.17024469308152784,0.6993775968630072,0.9576839423529486,0.6965281188105298,0.4250376280021175,-0.023766290962021416,0.070119839181818,0.0
0.0,0.5410328740060103,0.2688939766362659,1.0009427656874508,0.8084115556579446,0.6469045622868695,0.6150190111117243,-0.11803755142357611,0.23901409111490435,0.0
0.0,0.6166113617167102,0.948310578491838,0.7422789058673174,0.650061602972603,0.6526504801130055,0.49492925444532054,0.3328847122415961,0.08582061686311604,0.0
0.0,0.4867285614665474,1.307634127296826,0.5110711518723059,0.5427216233211947,0.5719367094060099,0.37707159000181123,0.7428504420592013,0.006198343310901758,0.0
0.0,0.5404881829495535,0.7566693740248644,0.641750618962244,0.4473513156563234,0.3830984697948131,0.5561260713387801,0.6000783116817302,0.2565999049873258,0.0
0.0,0.37878455318750964,0.001849129239807637,0.7030290440149423,0.4262316401872788,0.33685061186920484,0.6574830517791174,0.24939890235493295,0.5337983987691994,0.0
0.0,-0.19356609569510955,-0.1428992314883149,0.1928221344592967,0.48678192131767134,0.5219525800168419,0.37602115298878214,0.24721121252722786,0.3838889705668693,0.0
0.0,-0.6182915586052659,-0.10144326972308726,-0.3449346418555112,0.3706785332756248,0.602435657592805,0.10506062927200853,0.3841006049497258,-0.04472205578872066,0.0
0.0,-0.4294498889684793,-0.45764984059328095,-0.3150490042428333,-0.06486530360194309,0.28411430831916645,0.22272058871752884,0.16202158850119042,-0.23955993841637266,0.0
0.0,-0.016687827048164922,-0.7046689327244141,-0.20659947232908213,-0.4555033484040909,-0.27264566570915705,0.3158956646150218,-0.22565068825713552,-0.08796585334841556,0.0
0.0,0.0937106551953425,-0.3348412370379845,-0.5029757000910928,-0.6059286006545649,-0.5820507099177995,-0.22120983137381756,-0.2802058940403975,0.04840136252067613,0.0
0.0,-0.06131818450504304,0.16547211790669936,-0.7709558358400976,-0.6731521225394367,-0.6825938235480358,-0.9834953340162814,-0.1413888727873666,-0.033798785107705856,0.0
0.0,-0.07082274776656443,0.1251489178586996,-0.5788983278863185,-0.7862277558472701,-0.9060091537919308,-1.0461651882251235,-0.4716819788586907,-0.18787655911179676,0.0
0.0,0.05749205116329978,-0.3521867083157441,-0.17983083654862414,-0.8470203172307871,-1.1097096674740945,-0.6607366356853077,-0.9880123391498131,-0.41688726845234536,0.0
0.0,-0.04461027460377862,-0.5388935126162998,-0.19719815406673022,-0.721398871379839,-0.9016699176715618,-0.6802448118871709,-0.9907586038266405,-0.7175992271528067,0.0
0.0,-0.35497253415557406,-0.2940437906719177,-0.6587491949898845,-0.4426055429547328,-0.4595799265305307,-0.9764616360749282,-0.6546925329552742,-0.6892984265586097,0.0
0.0,-0.44862863514802825,-0.2490851384206617,-0.8124606911018388,-0.30880020359067695,-0.2544192452635228,-0.8329225738699868,-0.4900841859591696,-0.1912589950325198,0.0
0.0,-0.20827961275159362,-0.5646564552869427,-0.3932341059164526,-0.447633463299542,-0.36290943731696973,-0.20038116571033301,-0.327310093061841,0.2390983818284707,0.0
0.0,-0.02511628035057255,-0.5922280001190503,-0.0914191333813061,-0.5179646058730737,-0.41494057765862075,0.27571806894246975,0.2346360104469857,0.19728576692852426,0.0
0.0,-0.0878683693176761,-0.05423420113526927,-0.28763942733810494,-0.3060007284490871,-0.08418182398952212,0.2982935752388797,0.7802145437193804,0.05324076672608246,0.0
0.0,-0.07890399619755058,0.3505987581704466,-0.37376928479797333,0.056679873791939846,0.3684679829581324,0.35244238952906937,0.6804272507133027,0.20352857618475073,0.0
0.0,0.2099698034751353,0.17433232563807954,0.13627368172126972,0.36440540249344017,0.626610610339456,0.5897819705592847,0.15033060129528789,0.46031283184677396,0.0
0.0,0.35693788409944216,0.011497685790780589,0.7899132924605101,0.6892695870252009,0.6936116896504788,0.6358559876805029,0.005887491165297961,0.30428937532871597,0.0
0.0,0.13044084374455278,0.5038277392659084,0.9077034655043502,1.0447484696737768,0.7120786673016882,0.4208341111751096,0.3332513732182499,-0.17519992833758555,0.0
0.0,0.0771142507935184,1.0094864959681416,0.8307338109429699,1.1304607953803794,0.7442742351074517,0.30953458029784775,0.4746529418674375,-0.3051631613246398,0.0
0.0,0.5732731518667675,0.8224503073050504,0.978908146774306,0.8414573581747453,0.7498911698648467,0.49911889745955973,0.18390028693481286,0.10727980361975345,0.0
0.0,0.8547153718075813,0.5430801747670364,0.9536172664464582,0.5621477071339611,0.669653079462852,0.6632600841672439,0.024982673778582307,0.4995336220731097,0.0
0.0,0.4006433069059995,0.6281589699231958,0.4980894403616502,0.5288075836425656,0.5210870996045645,0.535465926631086,0.44069241684342825,0.3685311809765671,0.0
0.0,-0.1776312398573247,0.49569714687614813,0.12003663794726357,0.47309157519454886,0.380701002615463,0.35926131534809735,0.861260272099634,0.07028202407291431,0.0
0.0,-0.2535798772955173,-0.22829605927727603,0.11481110385160083,0.17082687996663168,0.28385788423392844,0.47828852438928393,0.6158256782739103,0.08116233761413602,0.0
0.0,-0.1503408155518879,-0.7590650103083203,-0.0678626866587575,-0.1050269998579417,0.23659034220949,0.5550896961754984,0.02329263366974484,0.2934360939130028,0.0
0.0,-0.23576318689231995,-0.5619761155302294,-0.6709828165402468,-0.1745365641990064,0.16036200330858644,0.18260226404874857,-0.16492928951368874,0.19838577475049965,0.0
0.0,-0.3559316288493545,-0.22253959144046687,-0.9083335536497121,-0.3471523328757504,-0.1246105112563752,-0.37509013406183894,0.025929915929043357,-0.21080107058044217,0.0
0.0,-0.22785805880477839,-0.25776238920777694,-0.46989725406214283,-0.7252239907746266,-0.6762893953037533,-0.5726518661198123,-0.1322592898610289,-0.3821691696915055,0.0
0.0,0.00521753562835251,-0.3803827360328683,-0.04360113661943001,-0.9509324542336182,-1.1693344592688584,-0.5784766705365564,-0.6744399071243115,-0.20174526709910445,0.0
0.0,0.04905262194874475,-0.133697895597958,-0.21004524749606795,-0.8781429334512655,-1.1698631900539511,-0.9728145966693098,-0.8866693384897353,-0.18757299013951648,0.0
0.0,-0.03090884348559783,0.16004135837594952,-0.6565714425406388,-0.6411019430898657,-0.8777541182068133,-1.4016726612869195,-0.7160048103826426,-0.4993832014433864,0.0
0.0,-0.004451029482718777,-0.022284473612074977,-0.7311720324897402,-0.5353687302331029,-0.6962036922559456,-1.1341943658974416,-0.8096129601996263,-0.6415616915457658,0.0
0.0,0.0027086144683418634,-0.5185923091917712,-0.3739354351275348,-0.6198629346028656,-0.6394641631561524,-0.4390384727620633,-0.9728212212576308,-0.46818143744123564,0.0
0.0,-0.24160632425490888,-0.674266424255767,-0.22194803245419883,-0.587914801590719,-0.46021435038681224,-0.10454869159076886,-0.5619645802046802,-0.2826281279049404,0.0
0.0,-0.5556007328213762,-0.351575831283389,-0.5094842749967017,-0.3007572634236554,-0.14629205476572427,-0.19562362312544176,0.23612962710596003,-0.07722407069030555,0.0
0.0,-0.47185158875632016,-0.20508052486838704,-0.5942662950668309,-0.05012446190120501,0.0627309002333501,-0.008242930318501873,0.6111861332369571,0.3208431350287194,0.0
0.0,0.00029991098171063837,-0.38218857710493465,-0.15579772008335852,-0.05629429268801473,0.17400979943912348,0.5868033584170135,0.44853985769300914,0.6791093756157669,0.0
0.0,0.2870663421719857,-0.23106932384818551,0.22551086982867888,0.015993715047809134,0.3926979219239996,0.8683062880513582,0.45281862093509556,0.5745942741555226,0.0
0.0,0.15892462452227957,0.4320623558646294,0.24862963531269905,0.42439785006229763,0.6699667682495805,0.6430716270972423,0.7110172648575267,0.11995350433535104,0.0
0.0,0.10219280796525912,0.8329787162000677,0.46480096897316286,0.876165362402366,0.7909533223303221,0.4462471646080796,0.6476779422415543,-0.12294550506377845,0.0
0.0,0.42987463364735806,0.5995324066169945,1.0833329412877135,1.0408673301351759,0.7728837415233986,0.5247662199340558,0.12687395155285147,0.05527638276707138,0.0
0.0,0.6042569215011397,0.5506476324258683,1.3641719082169008,1.0620327386286699,0.7561988393486034,0.5456440971525838,-0.2227605775293616,0.2383070256303389,0.0
0.0,0.3850383073121711,1.0162783152299568,0.962464134189813,1.0503107521910227,0.7770003805583197,0.34124012937447584,0.05560741032697453,0.035855915383942664,0.0
0.0,0.31725844670873665,1.058785598714111,0.5964272526045065,0.8352709814935216,0.7140661176617602,0.22167610607291874,0.4820188386830456,-0.1789069129249102,0.0
0.0,0.5070542027367746,0.3935563369824855,0.5714022053090306,0.41863542795369796,0.4731832148289869,0.4802986178800239,0.46350374622497714,0.019271256603225616,0.0
0.0,0.3287339858776877,-0.1345788849232003,0.36137469779021736,0.10605895460311418,0.21788967396176767,0.7104087298257524,0.23274557354233918,0.42400194450965767,0.0
0.0,-0.2736377373303369,-0.15023075718054188,-0.2628290502783095,-0.01033317539347047,0.18924798165195061,0.4075919624572247,0.32558914988727283,0.5090455785684801,0.0
0.0,-0.6609528198409689,-0.2792523600392673,-0.680658663125135,-0.15308434390708373,0.16611099379093902,-0.06034397645739567,0.5377541517245762,0.22854100173236935,0.0
0.0,-0.5073857923836946,-0.8026023140201195,-0.5756738476790214,-0.4233196871839691,-0.16249612549894724,-0.06148891370395749,0.22578100275626006,-0.03590988368298454,0.0
0.0,-0.22898148253828293,-1.029801821637634,-0.5022542671398373,-0.6367671154419554,-0.5739974940371599,0.03430244035565662,-0.3996444995450044,-0.15431290997354102,0.0
0.0,-0.17908801448449235,-0.5680233779223443,-0.797391374716607,-0.7387557579021046,-0.656921989417694,-0.4544878210215585,-0.6782152527934426,-0.31234367810914637,0.0
0.0,-0.22164922122100378,-0.01469246538182916,-0.945669501161884,-0.815515496050161,-0.6663662493600762,-1.1701307171373148,-0.6276786119493085,-0.48475101492253475,0.0
0.0,-0.04476496657245382,0.017695390501583613,-0.609826211139196,-0.8731359309931377,-0.9944690880733628,-1.3033195675942995,-0.7974375763720624,-0.44670099402711966,0.0
0.0,0.17990395917256002,-0.28221008905237993,-0.12087966297205205,-0.8549737102548103,-1.3895145693087532,-0.9587918353751014,-1.0406233641495024,-0.35263810162659237,0.0
0.0,0.07261272077302934,-0.27964097532805166,-0.06683755985500502,-0.7497048709898265,-1.251027357428439,-0.8775600711278814,-0.8128520688385437,-0.46303632859860494,0.0
0.0,-0.24770303988325548,0.0035382204743498492,-0.45690292184583153,-0.5660962688139414,-0.6250184148201527,-0.9544258018997717,-0.4093404156629197,-0.4913482368251994,0.0
0.0,-0.29843623077019094,-0.0789657579122523,-0.683675055351505,-0.3567648835937288,-0.11498716029149321,-0.5373477887792648,-0.35428735472655637,-0.1780798373337488,0.0
0.0,-0.07355854177118873,-0.5629952436589836,-0.42796442957829567,-0.19480820558370707,0.04009866469245985,0.20311211947288288,-0.29220978110038454,0.13596223073074412,0.0
0.0,-0.037297731607779605,-0.713908226944744,-0.10572323010829475,-0.031860267381303195,0.13802205913202004,0.6059354533643543,0.2585969402947965,0.13354377809374,0.0
0.0,-0.2805693426499693,-0.16962853103913736,-0.089764314148296,0.18149063939240412,0.40629359660942344,0.5484771512880098,0.9084736797642288,0.1186522673702791,0.0
0.0,-0.2907365695767834,0.366846655583597,0.03411605839301718,0.36810232208598703,0.6312458287534299,0.5959125779102445,0.9729902180626679,0.38867398591785324,0.0
0.0,0.25133671733565593,0.3448669861102779,0.513563057745198,0.519613274916249,0.6854216076919754,0.864587466846571,0.52923823185288,0.7203259059591334,0.0
0.0,0.7005646206035421,0.3552156830148724,0.8963591046105615,0.7603833537757485,0.7375732177660997,0.8665920997796824,0.3416040496779041,0.5973321609320723,0.0
0.0,0.5219929111414506,0.8436780030924489,0.8879684362193614,1.0483857664047183,0.8656908724261944,0.5453192462103134,0.542602048679185,0.04105838693673351,0.0
0.0,0.20963136111225866,1.1440441419193972,0.9237018320019287,1.1377805471395306,0.9250515158727426,0.3795816191794198,0.5117733247599354,-0.2962305384863112,0.0
0.0,0.36571652931434306,0.721827419042479,1.1586072362965325,0.9849533499005197,0.8276775096164075,0.5413231674665475,0.05765714569298547,-0.08597849589103987,0.0
0.0,0.5307745544014361,0.3268571270170945,1.0152234782303342,0.817297006589305,0.6617362755690447,0.6198933852833933,-0.21938404122939412,0.2510446938258117,0.0
0.0,0.268284421228323,0.4464761336281205,0.34051781965865613,0.6455373353502377,0.5417323382526976,0.35692750476526947,0.1595128800686529,0.1917102871962324,0.0
0.0,-0.057733934726682784,0.41678655167330003,-0.1197720022968616,0.23535145918808734,0.3662417715200966,0.10794667322757512,0.6544228021529134,0.0021136985942070124,0.0
0.0,-0.08228418530881508,-0.14919881496337686,-0.11526934732349346,-0.30270100594604693,-0.012528778835816923,0.30275346685856364,0.5149066311336316,0.1051692870178722,0.0
0.0,-0.08491368685026969,-0.6632330313863509,-0.22309832626935938,-0.5677408425135129,-0.35233752341999214,0.41259435005877093,0.033166590422722346,0.34102965907891364,0.0
0.0,-0.30737063982616236,-0.6431303421473881,-0.7452825965695874,-0.5185616140241794,-0.3362701327905876,-0.15229657430126145,-0.10649304232341936,0.2213912838764831,0.0
0.0,-0.535700371835001,-0.48572706279482003,-1.0696721414066288,-0.4943891765290178,-0.31016557763058633,-0.7945129171314539,-0.10283027310854653,-0.21373820747143768,0.0
0.0,-0.47835791314709275,-0.6091979577778945,-0.7538499957851826,-0.7123655716043434,-0.6279516865747304,-0.7746695499137827,-0.5669636310820846,-0.48008760222063296,0.0
0.0,-0.2457210866271942,-0.7198996094653227,-0.32967320888021723,-0.9172054621805431,-1.0566671002620878,-0.5516142369187461,-1.090433462751906,-0.49958643861022056,0.0
0.0,-0.10434804149161238,-0.37543197788633714,-0.40724891025039095,-0.908976198747088,-1.106956274438321,-0.8758000032747738,-0.9814466780223459,-0.5433207907752384,0.0
0.0,-0.04178385083316963,0.09175186038186807,-0.7214318310673836,-0.7541308976042673,-0.9011968275597602,-1.3605571613683471,-0.5540605811838715,-0.49618101849790774,0.0
0.0,0.10063873756063728,0.11818606502815844,-0.6928630282401532,-0.6547366550887427,-0.8178916050273356,-1.0960258251889354,-0.5765533438059866,-0.19186285900536268,0.0
0.0,0.17649673058542617,-0.2345658968162443,-0.28282613089360803,-0.6518964815264697,-0.7689300374622562,-0.34750068110142046,-0.6786077987666065,-0.02168963402069265,0.0
0.0,-0.05991578364634144,-0.4102861868440495,-0.03546772084668712,-0.5130304443895138,-0.4029359404030563,0.005311294900940448,-0.2189758271457361,-0.23554327972310443,0.0
0.0,-0.42957573394849663,-0.2020728096301089,-0.23061383873013755,-0.07293839247334444,0.15191258205436986,-0.0033902568947945287,0.3542432779017551,-0.30567558446886495,0.0
0.0,-0.4415282938221802,-0.12273242089547667,-0.3122650717067129,0.3904639142041418,0.5041805447716641,0.2537681592424004,0.41508933079079013,0.11707861445802692,0.0
0.0,-0.04138128228319854,-0.29384967663154365,0.13788892065622035,0.4783017888402072,0.64208560370162,0.7273983715738144,0.23861161099401487,0.6191822764913091,0.0
0.0,0.2650219867066659,-0.05958764914388935,0.5439770663224337,0.4394152993752574,0.7112648799495626,0.917920701321325,0.507433111595699,0.6021166392512285,0.0
0.0,0.26482903982399814,0.7001511444109156,0.5394135133219531,0.6005510483256541,0.7326236013016938,0.7823767450897555,1.0217407718999472,0.23125830880774628,0.0
0.0,0.36747685608859815,1.107362223215128,0.634099100719359,0.8079433752077765,0.711885807924114,0.7370228251960645,1.034206042850389,0.08268290565087615,0.0
0.0,0.6874277811799168,0.8037377683436632,1.0363176391673357,0.8783945465451378,0.7605525951230591,0.8330415792694101,0.45314582013674715,0.2946114398569928,0.0
0.0,0.6296723721508668,0.5427805024816834,1.2026273512015253,0.9622712268289791,0.9067965406995216,0.7054548341677802,-0.021264086310909695,0.42482653727496367,0.0
0.0,0.13267303172922174,0.7052237883164599,0.8364186394013434,1.1135859291712487,0.9711266254516658,0.35396612475468237,0.10146073657986232,0.08618599911963737,0.0
0.0,-0.08666306348253808,0.595851497211805,0.5300138813522915,1.0036232148494149,0.8043623335427564,0.17530134064053476,0.3624355942421698,-0.2933950429397422,0.0
0.0,0.170187945021589,0.04198627201993869,0.5123363615413603,0.49040949875654977,0.43480876784909495,0.388713836610158,0.2304357503662831,-0.18617779877204518,0.0
0.0,0.28191430496170583,-0.17588284178600333,0.20508973490057805,-0.06224968730211828,0.07537273234558647,0.5307717529917267,-0.01866727091434301,0.24043006316698956,0.0
0.0,0.003505613904644653,0.05117200784151341,-0.45676340563865425,-0.3935469119620232,-0.09822337754754382,0.13362576546960506,0.1343647172006205,0.3994617122161173,0.0
0.0,-0.2602910911110629,0.011493756489736353,-0.836186128469244,-0.5696867640495585,-0.3082455696137778,-0.38495701240608676,0.40686708284667816,0.1914493774500533,0.0
0.0,-0.24555572870867953,-0.5548552060136415,-0.6764836348003427,-0.7286562645010068,-0.6923287204937167,-0.37498747597873305,0.06143949333163479,-0.035267843080989174,0.0
0.0,-0.24825143899199317,-1.015051286436365,-0.48482926018663186,-0.8281335830796447,-0.8887543719840783,-0.28695690495637616,-0.6162545870657629,-0.20700694175301046,0.0
0.0,-0.4565125751884935,-0.8044299372521806,-0.770093543055516,-0.7806692226506302,-0.6836641543560791,-0.7206549794818877,-0.8939139560289683,-0.48695208560753284,0.0
0.0,-0.5962170068632312,-0.38182260957844955,-1.0770701494065478,-0.6801717535422153,-0.5429918596598531,-1.2249490635051332,-0.8233163129468347,-0.6893411267710774,0.0
0.0,-0.33159061645715654,-0.38204860963371634,-0.8239444756669887,-0.7354534915548147,-0.8035057037852925,-1.1662564581586101,-0.871579739902072,-0.5219081735545181,0.0
0.0,0.07566017335527897,-0.5624403868424915,-0.30281082884419114,-0.8809708470744115,-1.195829289752437,-0.7452956345186038,-0.8551331542459898,-0.23427049941508488,0.0
0.0,0.1408098476387481,-0.30465999517106146,-0.19885961120638762,-0.9071906144240163,-1.1406688198795012,-0.6280109026990242,-0.4029802587528914,-0.18105301162826165,0.0
0.0,-0.0896076573839723,0.2139352663050054,-0.4861308311207695,-0.7110451068149941,-0.6270615697234873,-0.6709788551052946,0.034010466288403256,-0.16075542582029279,0.0
0.0,-0.10610971478253654,0.2273270347503935,-0.5689315589577276,-0.34144381754831044,-0.15127476408803459,-0.2625663350384355,-0.06584181914905532,0.035648180021175195,0.0
0.0,0.11622479763222812,-0.3105459684699882,-0.16244230978566837,0.021906761277768225,0.15627001213708003,0.3292845986926259,-0.22953985709539412,0.14506106496086948,0.0
0.0,0.06900021924461681,-0.5340949142408569,0.259257321196975,0.355809982771699,0.46571987044400287,0.559392673718632,0.0874398947676994,-0.031927372390789965,0.0
0.0,-0.2831421967952669,0.034237970770459175,0.2561782058451257,0.6705530255909342,0.7513549469640177,0.49968924331271874,0.5788253015500074,-0.12432165558902797,0.0
0.0,-0.2695968416005838,0.5596773104447924,0.3531816763468479,0.7670330332220664,0.8499262726166336,0.5974715524966698,0.7045521510256603,0.18352742741511482,0.0
0.0,0.4095394120654014,0.46982716868275054,0.7817481727891387,0.660419405105567,0.7609805635271253,0.8715004762433781,0.522032235078573,0.6404502848084971,0.0
0.0,0.8784212709231236,0.5003790819320371,0.9627587090645118,0.6639274139753937,0.6735558332944698,0.9053023843646082,0.5669145225508004,0.7216401339024623,0.0
0.0,0.56414902806605,0.9634522811826685,0.7216013912612874,0.8200682709931837,0.7121795926866242,0.6394156806354238,0.8480130785525319,0.3727392860251871,0.0
0.0,0.1229310713839281,1.034863228673692,0.6405172124834959,0.8649213675093912,0.7748711762547607,0.5235102491304737,0.7715972324001376,0.05297291574134284,0.0
0.0,0.18218778401158559,0.32295005941898003,0.8508687758047568,0.7360880884998602,0.7552769698202768,0.6687443552842683,0.21979230621840692,0.03230983713891035,0.0
0.0,0.24747803083118952,-0.1606055550785011,0.6597215908659284,0.6583237670824842,0.6707684277961286,0.6425375075055444,-0.20767992545320987,0.0933956859391279,0.0
0.0,-0.018344958643857736,0.08177463975759539,-0.03923177924096657,0.5527162374751072,0.5443637349035264,0.2542917883644897,-0.07794284186965744,-0.051960338618439815,0.0
0.0,-0.21428355901524263,0.23319958096855006,-0.33014335521634014,0.07332386537496675,0.24661560023521692,-0.1416143303809235,0.23662969425561683,-0.17694102628940403,0.0
0.0,-0.04067349997681458,-0.13878999369799538,-0.10478567142992765,-0.5504298719007664,-0.3483866641697644,-0.13348242622466022,0.13365296516209935,0.0014785118750582108,0.0
0.0,0.11319625083766155,-0.45045152399132177,-0.11070154146496078,-0.8400329944982703,-0.9017713178852662,-0.11412233607905405,-0.19866689309664495,0.23606774682834974,0.0
0.0,-0.06476840933326053,-0.31030790360796057,-0.6415070939635281,-0.8047286926064963,-0.9090352598228623,-0.6220785124595878,-0.25974174210545486,0.08252672527956476,0.0
0.0,-0.33821244742304213,-0.20474071751387557,-1.089994196109316,-0.7318303856239597,-0.6620976818951952,-1.0733497034683086,-0.35219991254912214,-0.3318529127505922,0.0
0.0,-0.37716790416094376,-0.5531271610776733,-0.9312690901178701,-0.8184573748219107,-0.6492834427360679,-0.8674781379569263,-0.8605357167720312,-0.5739419117173927,0.0
0.0,-0.3124687908597878,-0.9771631132472872,-0.5194104066047317,-0.8736279991796562,-0.844241150704836,-0.5261304877129825,-1.1928643271652002,-0.6116764904097993,0.0
0.0,-0.3822679234145988,-0.812936734165874,-0.5454176214059142,-0.7352390906430243,-0.8774377480035553,-0.6732576858304097,-0.8357518054015738,-0.5818611294167604,0.0
0.0,-0.4519780864473284,-0.27198268624522925,-0.8240360351488961,-0.578021460181137,-0.7137980904343457,-0.9961836516878996,-0.24402237913448047,-0.3179602310514869,0.0
0.0,-0.19615212682153935,-0.07927994541094578,-0.7070199094583826,-0.6276286230580267,-0.6061589226541565,-0.6945960299479753,-0.14979918686153548,0.16053267806096155,0.0
0.0,0.21839847977537247,-0.24547255933733447,-0.24676266946022127,-0.699840160946453,-0.536174862814615,0.0009686822866115507,-0.2131071713200521,0.3465872519679509,0.0
0.0,0.2719913355733329,-0.1964129966752229,0.0010322011656939117,-0.43718243262569584,-0.22404221005131775,0.2703801316674209,0.1462698541771243,0.011825130439974074,0.0
0.0,-0.06500238870184648,0.17513826022372103,-0.061339072766172856,0.17515847164880174,0.276273707113608,0.16432885128941166,0.4960844557398822,-0.26738909651023907,0.0
0.0,-0.227052167142658,0.28692382780096104,0.139143974276297,0.7034967184225009,0.667513099327808,0.28352238844269545,0.3082189377172774,-0.0384038463672993,0.0
0.0,0.0427484139577845,0.042024752189389586,0.7371775480095104,0.8620528138731508,0.8663268342493501,0.6114337022757346,-0.05447742669126498,0.3791163625298062,0.0
0.0,0.3136628108469489,0.2385504722002869,0.967932718184702,0.9154845528650324,0.9119434253934243,0.7707429142671981,0.15013121006454444,0.3541835347875846,0.0
0.0,0.3779779051504628,0.9259750594897013,0.7073390937929319,0.9655567875152004,0.8708165978459378,0.7185698034861451,0.768982978036912,0.029227361866018105,0.0
0.0,0.5357644634831535,1.1663434101752086,0.6769639417451436,0.8167233697525649,0.7932694001393293,0.7671383787391224,1.0258016202004596,0.017802731790265588,0.0
0.0,0.7204385066406801,0.7557211988894107,0.9498402225193243,0.5853668151233162,0.7186204012870868,0.9553947973093344,0.6986218286441355,0.4251155990139452,0.0
0.0,0.4529805264431827,0.40454994727028554,0.9210871561538995,0.6143075661142463,0.7077640487809022,0.8685957107400741,0.3579156935700406,0.7453464749991469,0.0
0.0,-0.1150375507428599,0.3649210440821225,0.4303428577082176,0.8382964811468189,0.7320114749995614,0.44530026668894973,0.4730694920048948,0.4915297534140397,0.0
0.0,-0.32924443570405587,0.0916059831082131,0.12988180660231105,0.7450595592486479,0.6564922546883865,0.19340144175306279,0.5797281878382812,-0.03100030668095016,0.0
0.0,-0.10937100233832142,-0.3809529825965791,0.16755345045586584,0.2110977618551672,0.3885735282703735,0.3847987607972462,0.1802593553134329,-0.2499808197727008,0.0
0.0,0.05327288528145892,-0.3792933188181457,-0.08472179151366009,-0.27001158894536315,0.016463281467278334,0.4608225711532246,-0.3271070719351845,-0.10301839182095303,0.0
0.0,-0.02226175828379729,0.013751927694372203,-0.5963193850648073,-0.4803138659985237,-0.2725132497604572,-0.09630891838727133,-0.34620944833629896,-0.007821321641793747,0.0
0.0,-0.07657804988085432,0.10542888767206832,-0.7543911229687575,-0.6162856777993563,-0.585406584385168,-0.8640127185742078,-0.06273650511754739,-0.10013388831974028,0.0
0.0,-0.0039681955179259095,-0.2874537382585039,-0.4506806574595449,-0.8000672088037902,-1.0386933632879323,-0.9730782592305737,-0.30211174413099406,-0.14177821252103023,0.0
0.0,-0.07431347576802849,-0.6200739312840463,-0.24502033119086175,-0.9289998604362323,-1.2910803782902494,-0.6860056851756201,-0.870640846569532,-0.2199546994686257,0.0
0.0,-0.35933545591836835,-0.48241434013671924,-0.5748609491314286,-0.9114112950162279,-0.9783348919478572,-0.8290192391392436,-0.9547714334041186,-0.5598903206336794,0.0
0.0,-0.5176973320960415,-0.3223603809135142,-1.0289344698236373,-0.7557974510635017,-0.5290549958104286,-1.1177722004723711,-0.7194299577847184,-0.7677653705327351,0.0
0.0,-0.31787362630333355,-0.5834366513666444,-0.9875000958361674,-0.6289189985219149,-0.490283446718634,-0.8945407047698586,-0.7024416650028537,-0.4434884613247639,0.0
0.0,-0.08672413166427989,-0.8913950700950745,-0.5297803255573996,-0.6341779987498299,-0.7322562774257887,-0.35628749736819815,-0.6172428399198211,0.0064389353229894215,0.0
0.0,-0.16486968782321168,-0.6155698109098243,-0.32276737387326926,-0.6390554903170125,-0.6974219290729455,-0.16032234653300637,-0.02348407944198162,0.07921587439664787,0.0
0.0,-0.3557624897371382,0.04392619105244401,-0.4440638356826442,-0.5028367100851624,-0.2906250253566831,-0.19827597309711992,0.5307450763892267,0.032527757992782166,0.0
0.0,-0.1280390605238751,0.23617263878478695,-0.36609896779999496,-0.19879236192996086,0.07614723748024148,0.14357145723298045,0.3771413570788427,0.1909336300877921,0.0
0.0,0.3718311604266546,-0.07113915634752813,0.09245583279824399,0.18788008030293815,0.32432058102916894,0.5833817329833516,-0.025559105916012126,0.32801766311377945,0.0
0.0,0.4274860481588722,-0.06670180646131023,0.5155282742113937,0.6013596364888378,0.6249456364417227,0.5900105060300961,0.05167639482343415,0.09763663489501617,0.0
0.0,-0.008228341179186669,0.5217159135864431,0.6467624408746832,0.958313575880468,0.8822436691021986,0.35327723453859167,0.41901815576479606,-0.20611333380044589,0.0
0.0,-0.09603416172119972,0.8542421520473642,0.8629589066488667,1.0744290435629473,0.9158059766439026,0.3995774717170215,0.4693267250152866,-0.09108609593914062,0.0
0.0,0.48821280738457884,0.585267601053891,1.154555408181508,0.9695367369703902,0.7781139810307101,0.7284809133317871,0.2262427799854744,0.3451759898751632,0.0
0.0,0.8415017153509621,0.5724000622317813,0.9900205676239917,0.8406628235949033,0.710328293591727,0.8457849357418336,0.29108278440797114,0.5405816969888725,0.0
0.0,0.49280953603546157,0.92202424726803,0.49452618890866185,0.7110591711490155,0.7776579298512745,0.6302286136700437,0.7506874038475718,0.32969028656526267,0.0
0.0,0.07498607587646099,0.7853435437627365,0.32010750910400293,0.5019772833365693,0.7265338547571756,0.5546263144669248,0.9294952221345206,0.14178470961308096,0.0
0.0,0.04249216117212621,-0.020125921501025466,0.46062979105313484,0.3242930756956659,0.4625146863516255,0.7628978302031975,0.5263254406735922,0.22672873907156535,0.0
0.0,-0.01889534765645752,-0.5076985368940725,0.23109247840434485,0.2919814566384331,0.29466587124119675,0.6665197550513412,0.0787743500660603,0.33753399849991356,0.0
0.0,-0.2898103608176771,-0.2819457122725714,-0.4104554746676199,0.20713692802914427,0.3280338807506356,0.0708632930725499,0.04566503922020647,0.13315105635288593,0.0
0.0,-0.39729159356404137,-0.09285083886957116,-0.6122441809075104,-0.1934201060539907,0.1446037547007304,-0.40309097584884834,0.0703931100114564,-0.19524672890578743,0.0
0.0,-0.13228217865702813,-0.3126967516506431,-0.2978279825464964,-0.6533366847620884,-0.5053262139076655,-0.34399304823064497,-0.30549244159101163,-0.2807914826330134,0.0
0.0,0.11694883425822222,-0.4350110127447875,-0.16084040439193192,-0.8496365703746808,-1.1228625597992679,-0.36774617539359317,-0.6876633552574534,-0.21417821384130864,0.0
0.0,0.03497846148810369,-0.14983994947391926,-0.4981791145782154,-0.8456334107098745,-1.119215237461876,-1.0067794196361495,-0.6371808617276298,-0.2922762116196329,0.0
0.0,-0.16836049398636885,0.053014639187834,-0.8448586192444949,-0.7992407621216152,-0.8716290626061919,-1.473194521535737,-0.60915760400246,-0.40735356064226025,0.0
0.0,-0.17333753222106288,-0.26519631486342676,-0.7728353300348285,-0.8111520239727604,-0.8502332232645381,-1.0847200131084884,-0.9839113128695794,-0.41488061794915204,0.0
0.0,-0.13681055285802024,-0.77390347426446,-0.4823269901947405,-0.8185816236987428,-0.9148785455713606,-0.4864794733355221,-1.0624038637471107,-0.5125655580354572,0.0
0.0,-0.31833069572462025,-0.8120861249424798,-0.5235652142079626,-0.7010649973350165,-0.6780651371996717,-0.4059995678498297,-0.5140048952224054,-0.5992031800590502,0.0
0.0,-0.5610594440574523,-0.4378719492191644,-0.8123637665848946,-0.47989195168251375,-0.2903100058459831,-0.5353883505297774,0.05174775424701729,-0.2514030934536737,0.0
0.0,-0.4572586527769934,-0.2977156095613144,-0.7154811644532291,-0.3437297983875995,-0.13050020327356365,-0.1923614311862238,0.1167929526798903,0.3942496567728152,0.0
0.0,-0.03635409363594532,-0.43385266383005905,-0.1880202548439433,-0.2956868948621587,-0.12356468913235713,0.3693606780256673,0.15246423048996666,0.6595132100509761,0.0
0.0,0.2122196782972681,-0.2275375702411153,0.15397578216688784,-0.08580510099774706,0.08101706655061258,0.5278466419478384,0.5752566261972009,0.2973476777840907,0.0
0.0,0.12699585640789843,0.4096619304481917,0.16148553781936903,0.34747175165881183,0.46932236366783986,0.43391129606288503,0.8190750010520611,-0.09606632015356531,0.0
0.0,0.13280885067256834,0.7501656191096068,0.3971984354847418,0.7462457475508022,0.779036831615739,0.5560542886080119,0.4316457713034443,-0.03502408871961623,0.0
0.0,0.42704554463378164,0.5393190214083533,0.9962099611080849,0.9616694693718187,0.9394113581190837,0.7295779902423996,-0.11216259032919394,0.2667528312869928,0.0
0.0,0.5334723086971371,0.5300063357015414,1.2879151035011445,1.15995550784954,0.9845070621747342,0.6450321431808073,-0.052894214119264094,0.21741947737667386,0.0
0.0,0.323318732182629,0.9751736306651329,1.0273656349859377,1.299488330055471,0.937682192796594,0.4239686095354501,0.4921954364692322,-0.09707886138920951,0.0
0.0,0.32282317354446444,1.0450600613689762,0.8530569950497244,1.0821102744393982,0.8169411137719792,0.49405867205066123,0.7334215660311523,-0.08160845093196492,0.0
0.0,0.5702062919779004,0.551365314652291,0.881325517234569,0.5913954860416253,0.6705791383627475,0.851686920410397,0.47643363536824335,0.34699421136193387,0.0
0.0,0.4547901421253871,0.2273159280266258,0.5682897028392238,0.2901813124543245,0.5817569369201775,0.9139625443514678,0.33193411645194537,0.6614048680471399,0.0
0.0,-0.0609279083664466,0.20236628218213107,-0.0733203998679067,0.3000820477101433,0.5101617706425678,0.5000214220264776,0.6329019050380544,0.47330235630473066,0.0
0.0,-0.4002461888541908,-0.10388003804175641,-0.34915014247892084,0.21188593387835192,0.3061104253720439,0.16610322135559114,0.7587079993176413,0.11468404747272513,0.0
0.0,-0.36054003454967554,-0.6781604742838803,-0.16470259078937327,-0.16293622569199018,-0.025171623031441305,0.24722102249720843,0.2156125547132269,-0.016025112424317253,0.0
0.0,-0.2715564090917071,-0.7692231256901323,-0.275346728178788,-0.4749048732954959,-0.27439936698799655,0.1529712109273258,-0.44314411759491107,-0.0263118331643946,0.0
0.0,-0.26600861952203964,-0.3092369023057451,-0.7755397105160211,-0.568517917252983,-0.39414961636570955,-0.4804990379653669,-0.5744867285849525,-0.2537967614032981,0.0
0.0,-0.1468956977281313,-0.031474773305790765,-0.9333514317718481,-0.6735212222257556,-0.6613410705491025,-1.105867506868394,-0.4681247920143786,-0.5112796182934438,0.0
0.0,0.09768310882729556,-0.21060574785279762,-0.5391460645013005,-0.9122969356601824,-1.1474403225706606,-1.114721364300422,-0.7486362173363703,-0.4378542464813814,0.0
0.0,0.1218796587808199,-0.4024514390531605,-0.1648927343594691,-1.086606209840577,-1.4626278299068598,-0.9098507655726925,-1.048556050747115,-0.28734269113738575,0.0
0.0,-0.17722886552596215,-0.2263081761296161,-0.32708180240862833,-1.034628339395516,-1.2361181093312548,-1.076645139523873,-0.8010366934478331,-0.43361896788139354,0.0
0.0,-0.4027604124126452,-0.08780760564310373,-0.7700151625754053,-0.7572589424160141,-0.7800706269152162,-1.155019859474504,-0.486346941423119,-0.53766615677979,0.0
0.0,-0.2507120723414244,-0.44156649747176524,-0.8843661307837,-0.5017981081453858,-0.48149169993265495,-0.6287657426563487,-0.5836772989720231,-0.28893060712925,0.0
0.0,-0.06192658657932788,-0.9016464626337437,-0.5557842608470253,-0.45193253512460935,-0.27856959315750496,0.0196162166794453,-0.5303295293593764,-0.03681079501034039,0.0
0.0,-0.20799804541283493,-0.7676813650043912,-0.34880439759247256,-0.36450479238791583,-0.01952238770034311,0.2329748569858341,0.0832787402201377,-0.04470203819277485,0.0
0.0,-0.48904429027059476,-0.11666961772076022,-0.37535375769719137,-0.07136343619117907,0.17947023846317656,0.2152084909120736,0.703429665589146,0.03338181587799845,0.0
0.0,-0.29593027730136295,0.1988173332143917,-0.09683373354316598,0.19809152404925995,0.25874096413664194,0.4450856900828851,0.708672035771251,0.3975018786253586,0.0
0.0,0.3452926417759691,0.08148771817906203,0.4903253183691347,0.34288103848435725,0.41060946589728264,0.7155063766708001,0.3881306145957,0.6993535565220386,0.0
0.0,0.646916048708741,0.32724623605871844,0.7627873790389605,0.5987471356621072,0.6969609953009196,0.6488426310828913,0.388681859242652,0.48679695501710724,0.0
0.0,0.3766244892951033,0.9696009708966963,0.6976273750596784,0.9798278715451978,0.9042589311209625,0.470727515027934,0.573029507806196,-0.027581700838136512,0.0
0.0,0.2354352351084163,1.0911956265490776,0.9128691095701323,1.1520550658905184,0.929458844135409,0.5527922421651658,0.42850961746342886,-0.24082519676302544,0.0
0.0,0.49377465788145175,0.5747926587287007,1.3166127618814836,1.062304244874826,0.8718171911941334,0.7537994287987856,0.046503425227586326,0.00865867578375107,0.0
0.0,0.5161410270659769,0.4508477250666642,1.106470948151003,0.9756951440080497,0.8418396269082262,0.6946307130083208,-0.017750061533704144,0.28440998056443856,0.0
0.0,0.19575324268260946,0.7549905410831959,0.4112665250319506,0.8564642835396641,0.7928785339250168,0.39497738732068394,0.41780999152186876,0.249291850190692,0.0
0.0,0.08835376342212821,0.5555690025296149,0.12945249458635388,0.4348821460482994,0.564515410314048,0.3168791564163256,0.7512445000302979,0.1591901817358852,0.0
0.0,0.20327096693439334,-0.13449536581239482,0.2302128463997686,-0.09142604020999459,0.14149419379573858,0.600625469744438,0.5437919105721117,0.25427946932644313,0.0
0.0,0.04164132225807689,-0.4531459878239594,-0.03634204487545251,-0.31630823270298525,-0.12458901426292218,0.5610807286050088,0.19462995336168631,0.3562868838807537,0.0
0.0,-0.3772989669260807,-0.2855883200851172,-0.6763583844662928,-0.27887887425340646,-0.07546252537264647,-0.09653155819435394,0.09272908936950076,0.18591765168875737,0.0
0.0,-0.5530760050833694,-0.3411260851603004,-0.8814040919121094,-0.3554221717108452,-0.1488944628997856,-0.6421727108674553,-0.07823504431640434,-0.1449037837390954,0.0
0.0,-0.33930209413066936,-0.7507011208061773,-0.5027844776985686,-0.6323581713067873,-0.5867473528001056,-0.6073120877069856,-0.6096038284647577,-0.3696473677660329,0.0
0.0,-0.1383727533798408,-0.803003236357154,-0.32475803409365206,-0.830601019418786,-1.0490341382744837,-0.5553191111746242,-0.9952543877057957,-0.5034459617737443,0.0
0.0,-0.1616206023988342,-0.2617042066510036,-0.6731414118590956,-0.892175998919726,-1.1007763220102529,-0.9993959706753439,-0.8585784101118543,-0.5948576757498326,0.0
0.0,-0.1498379923811435,0.13867153736380006,-0.9513059050732777,-0.9384227144334116,-0.9668770500029429,-1.4001136112807906,-0.6421957211572729,-0.4557699955943761,0.0
0.0,0.0870360829885961,-0.0839278778642071,-0.7695473240182898,-0.9945334586286747,-1.0115257513952378,-1.097360203390047,-0.7641164537667675,-0.16094064376666986,0.0
0.0,0.17494983517698195,-0.5410924717389078,-0.3912232855007124,-0.9318913241912002,-1.066776931017762,-0.529015337475864,-0.7095464680964936,-0.15371295449819292,0.0
0.0,-0.17297089597186247,-0.5905966928515524,-0.35340907386205855,-0.6646568442147422,-0.7140945877705508,-0.36123996751894283,-0.22752082169073667,-0.39092559416182343,0.0
0.0,-0.6234428484914766,-0.30594899692431027,-0.5979556871208805,-0.264968736753016,-0.10921745995995542,-0.3292938902451816,0.09652542057307328,-0.3080967174664001,0.0
0.0,-0.5840587001644914,-0.33247810943367234,-0.4967831325206435,0.025304019245432765,0.2957403715168623,0.05233483959773844,-0.02046179539290879,0.15794645509614239,0.0
0.0,-0.10685335724749383,-0.557374744838273,0.003743711084131957,0.1532928453542399,0.39773545864386994,0.5264154694216668,0.0038694872530644076,0.4336379817144746,0.0
0.0,0.22217764552270647,-0.2072562640109077,0.2673360385887596,0.3193964402706178,0.413981627427348,0.6730296569518642,0.5259129378492824,0.24005907999362966,0.0
0.0,0.22129917799760304,0.6406224675403435,0.2831401557324753,0.5020239845193238,0.5200384587204266,0.5891752966260472,0.973216586310336,0.05156087522524509,0.0
0.0,0.33625923908767796,1.0511904947523574,0.5860983943625305,0.581506822029605,0.6609511199470232,0.6691106576710572,0.7812359302024019,0.23212427549385378,0.0
0.0,0.672317219449602,0.7719117254087694,1.09770564497174,0.7164519190464873,0.7656148601997331,0.7987814879407926,0.25850826897617,0.5388294455666416,0.0
0.0,0.6343210585430751,0.5954480543330462,1.2120560050986986,1.0633333371655465,0.8574248135585628,0.6555765688337929,0.1489499829410536,0.4180960014451489,0.0
0.0,0.17917825781112934,0.7898783147052209,0.8685756945206953,1.350964415662593,0.9440086527978839,0.38260897371992036,0.4393549073830977,-0.06647542634553216,0.0
0.0,-0.0037518753691460315,0.6608412550292626,0.7350369108705617,1.124845238849004,0.952172540575021,0.41122371717005235,0.47150609128660725,-0.2701718391176051,0.0
0.0,0.23493479572647216,0.17357225432243623,0.7622705260838717,0.5587645211371148,0.7762415720198662,0.7248780656821086,0.14368812878707743,0.033280090976246596,0.0
0.0,0.32382030067029854,0.05879293644703843,0.3317169857563976,0.20253325117764845,0.44427548744460366,0.7776239552177232,0.041556703672061136,0.38340992013174174,0.0
0.0,0.08306594656536823,0.23763244783226645,-0.31895289185757075,0.05378919553960178,0.15218093364399188,0.29577794184748196,0.45939920151262476,0.35037304452618256,0.0
0.0,-0.13318812752970238,0.06910724523839137,-0.4840425558474024,-0.24031588437642754,-0.11848489534136092,-0.1595294357413258,0.6964428690325615,0.1763299798827849,0.0
0.0,-0.17233968692039442,-0.4698116606295188,-0.24152135664571592,-0.5967274086479368,-0.4570398940435797,-0.06675082507632232,0.1263088294560302,0.13462883287994315,0.0
0.0,-0.2583502690486982,-0.724897785922352,-0.303833036355235,-0.6901188016067441,-0.622070272012571,-0.08465126874593137,-0.5739552715347831,-0.00546685984595075,0.0
0.0,-0.4238425129794032,-0.5009116995060524,-0.7956727743784623,-0.5472254269698928,-0.5009396046002338,-0.6591603997370249,-0.6999310596196331,-0.47177340144440755,0.0
0.0,-0.414105007344101,-0.3617217753719866,-0.9921595489206447,-0.5247057900646742,-0.48478844675627214,-1.1683449087120894,-0.6561461987272045,-0.7670652478511532,0.0
0.0,-0.17338807781165966,-0.529818683905647,-0.6057748555662468,-0.760486557405507,-0.8150262741339606,-1.0490599953785376,-0.9341577442685001,-0.50141764898831,0.0
0.0,-0.016988226728679466,-0.5521545767677497,-0.2500454358831623,-0.9587476411384019,-1.2184873391969355,-0.7311192236118772,-0.9901882530686694,-0.18103093335867287,0.0
0.0,-0.10376848835757171,-0.15593010356836334,-0.391640053154332,-0.9541218484787976,-1.1828317672286137,-0.808227651298798,-0.4047206187064839,-0.25574516670260905,0.0
0.0,-0.16001968066770778,0.14058342565616777,-0.6946192708190277,-0.7834340914451773,-0.7744380546573266,-0.8436674900988589,0.019446179845970857,-0.28534750816780396,0.0
0.0,0.026255169871596738,-0.11249125297598811,-0.6711248790833759,-0.54525306411618,-0.3757316053138203,-0.29919712163713186,-0.25680356916101704,-0.010454110099014357,0.0
0.0,0.11820305937813833,-0.5592106666489589,-0.3071354543827617,-0.2641345238066092,-0.03099400464575873,0.2493456973841383,-0.4305164130365833,0.11990876475321269,0.0
0.0,-0.1727817839043766,-0.5333617583065235,-0.048052893759440204,0.1284257574275847,0.32243263343126255,0.32095753140022415,0.042371679915541846,-0.13346526757773325,0.0
0.0,-0.5286622981440078,-0.0321828737327887,0.03847373089822612,0.5124553698150563,0.5537432454609214,0.2461135301554625,0.5763453690317459,-0.2226181422839266,0.0
0.0,-0.30503377948510846,0.23623418656812353,0.3525282390462006,0.6236645946424461,0.5968005465712057,0.501705205951892,0.5644505384105662,0.18159827948396765,0.0
0.0,0.4144037948882816,0.2581222360554547,0.7396772825697202,0.5522060793808604,0.5995522914241838,0.8382622611487222,0.3273798402235549,0.6709504177398251,0.0
0.0,0.7999997976303839,0.6277547233163107,0.7459186657871867,0.5971464049220003,0.7044739600001212,0.7946037043616644,0.5198992383249603,0.6426916400637273,0.0
0.0,0.5589512420902245,1.127751503243492,0.606027744299982,0.7791290103638991,0.7986243233515059,0.5633948250153527,0.907254138997472,0.22716666718505363,0.0
0.0,0.2894699707431515,0.9989434935679393,0.8038283959013353,0.8808571859077624,0.7638073172777818,0.6392825402792227,0.7795777968661245,-0.004779018545155679,0.0
0.0,0.2801453389840689,0.32638785540301657,1.1069984093367589,0.8767233702252264,0.7282705901584278,0.8520678454365922,0.21073747775469107,0.11924827326425168,0.0
0.0,0.1588776480503147,0.10546133399668092,0.7818295805607998,0.8918622216297996,0.830750160917997,0.7004231134330953,-0.1051250054361865,0.22988350541924868,0.0
0.0,-0.06194360929952131,0.34255912237345154,0.09494974527022863,0.77563975372174,0.8796732378100375,0.2575465048950002,0.1365803518928293,0.03933877600096169,0.0
0.0,-0.013980497201789779,0.24179278194315967,-0.05569203009482525,0.2862510087234154,0.5472660248789879,0.052468201989952806,0.3995186218159486,-0.12439499366408369,0.0
0.0,0.18559454815052992,-0.15071530336530164,0.15626182971097236,-0.26880243843431895,-0.17458322861029674,0.2651107741948021,0.21892414928404288,0.033301789995345006,0.0
0.0,0.11303623324174165,-0.20984023903948032,-0.008105264224557679,-0.555866772123932,-0.6615116768214699,0.1697841562046368,-0.04794175368098762,0.2655060680638468,0.0
0.0,-0.18472574455562937,-0.002085260207805445,-0.5529300035189779,-0.6114749315435095,-0.5533840807343069,-0.5559602057448463,-0.05510458716570704,0.1755504650623722,0.0
0.0,-0.2897957810094756,-0.15675751616556494,-0.8664078155218975,-0.5939750197638517,-0.4426652442674476,-0.979253842994165,-0.24684489766240109,-0.16234562393694182,0.0
0.0,-0.17634998632654855,-0.7056664662588851,-0.6907137431422615,-0.6438548284819725,-0.6674395316502896,-0.676537175452373,-0.8314502488630245,-0.47392582386856774,0.0
0.0,-0.21550513597766524,-0.9763307372896781,-0.4950244316190301,-0.7350557933092621,-0.8803853799616151,-0.4305824431642242,-1.1226028470012908,-0.6873965642802022,0.0
0.0,-0.47522420101612184,-0.6096725004644677,-0.6965655293267297,-0.7790111440515453,-0.7601446740830926,-0.7636126596986325,-0.8109321075351428,-0.6820256658235422,0.0
0.0,-0.5531870413988837,-0.20705469814229135,-0.9032184264566162,-0.7665410199060588,-0.6426678607800065,-1.1071319353387223,-0.39255443745580043,-0.29482553859974703,0.0
0.0,-0.16696053796454968,-0.31544442357116537,-0.71085158012325,-0.7560872089184022,-0.8087708218939371,-0.7696909196646389,-0.3405607563448838,0.19778951562124802,0.0
0.0,0.23033588730169563,-0.5449766288345822,-0.34715642031066235,-0.7394375150408928,-0.8958913521851688,-0.18211277009571566,-0.2308631679219216,0.23739222327979112,0.0
0.0,0.13552125472008802,-0.3199465985736979,-0.2796408800845314,-0.5902471715696819,-0.4437788653328805,-0.04666284427499475,0.15898477744324177,-0.1376199384210343,0.0
0.0,-0.2554643768489952,0.1354497021977984,-0.3810566704143793,-0.18574011959627515,0.18325562764453185,-0.049043658240648866,0.2753913884598235,-0.2909811215946994,0.0
0.0,-0.28557269875644553,0.11339921097715727,-0.11175626744990441,0.32688676371422226,0.47680108730924836,0.23191119105361965,-0.059025386141933145,5.56664757120056e-05,0.0
0.0,0.0733490906061251,-0.2318552799489138,0.5162688586221359,0.6641001015766433,0.5344387393738496,0.4969519923941008,-0.20373092337569795,0.2585623728060575,0.0
0.0,0.257806827147717,0.05930514595029474,0.756944953544436,0.818398045974697,0.6190307713737435,0.4684514812792199,0.25093695191661464,0.11860208070259863,0.0
0.0,0.21260150450824028,0.8866028606690228,0.586483745258775,0.8043808159318586,0.7218367799515648,0.4173640571319459,0.753524162513282,-0.025067584792303442,0.0
0.0,0.4543742553109743,1.1424509640370983,0.6589257369592201,0.6218561565663305,0.7147140300640487,0.702003805015884,0.7110029863204904,0.19470959992801098,0.0
0.0,0.8213063038405991,0.7064162416899162,0.9332508243870171,0.5197429093688873,0.6536916717857124,0.9871775353692398,0.4059714353673296,0.5540335348062628,0.0
0.0,0.5798932697723608,0.42234816709063006,0.8678991646653769,0.7053797634635918,0.707484662833366,0.7963121867358753,0.4447362522617839,0.5617297943171115,0.0
0.0,-0.11135707771355058,0.45940856279410763,0.46111396141581446,0.9606227639206999,0.8089686634708301,0.382492783109829,0.7072347905364623,0.2263942745061267,0.0
0.0,-0.39292712524111734,0.16562790200661176,0.3318425282222393,0.8187329353900893,0.7728042752037887,0.362921751287136,0.5501906040954653,-0.005639380528845184,0.0
0.0,-0.11323518345221731,-0.3438115094542558,0.37620433114688956,0.33921669151623846,0.5459420167530781,0.6481393852273274,0.021632848363043286,0.028697236991185805,0.0
0.0,0.13872955477580315,-0.2877224298819554,-0.03384894279172121,-0.02538504736164934,0.2467943971161095,0.57475451870177,-0.210000148011645,0.05186317266344225,0.0
0.0,0.10245629596529071,0.1429107932523655,-0.5809652732506928,-0.2363215792282097,-0.03935782405433852,-0.05079484987631541,0.057164460477609244,-0.08583890409072766,0.0
0.0,0.014232642295281608,0.22422074280450555,-0.5914012811450041,-0.5174747227719105,-0.4494206039592325,-0.6007888089179779,0.17188352670974893,-0.10370247009832986,0.0
0.0,0.017821885899613858,-0.18080237837677623,-0.1892946648192369,-0.7929910669705055,-0.9537424303438374,-0.5948316175279601,-0.33410828859289526,0.05578518600991408,0.0
0.0,-0.08982995471862006,-0.4910749586939493,-0.07793723026307622,-0.8586562733615472,-1.1333757387911143,-0.6247047126510369,-0.7750119623479311,-0.06672969694254578,0.0
0.0,-0.33808776459087314,-0.3722609862232924,-0.5634578782434542,-0.7046136765075822,-0.8485053913713261,-1.010830646739012,-0.706316109541332,-0.5845705883011081,0.0
0.0,-0.427374488395638,-0.32094417850710805,-1.0251626065128434,-0.5639313354041735,-0.5500977437513032,-1.13117808521512,-0.7170372026501154,-0.8017708158773862,0.0
0.0,-0.24995012237728148,-0.6376025458859914,-0.8808656081562143,-0.6870223820525324,-0.5445715558243319,-0.7240328191618374,-0.9746606079542056,-0.44293755793479084,0.0
0.0,-0.13123959904930632,-0.8693148607169725,-0.48987506151229643,-0.8449559156876256,-0.7188314521557897,-0.3406417124224879,-0.7580184163264249,-0.11796677474922973,0.0
0.0,-0.2725350363215531,-0.5403668536104487,-0.47942250432057826,-0.7506003981885343,-0.7412513439493426,-0.37361808586898093,0.05861747858709512,-0.1081836065939995,0.0
0.0,-0.39291589699439633,-0.04055073510121902,-0.6426988067520827,-0.5025846032259111,-0.5276731003102855,-0.3552511240624704,0.5142569128553237,0.0277454247300869,0.0
0.0,-0.11445000124746899,-0.021433319017902998,-0.44763853938195536,-0.32712357587844687,-0.1732890619254476,0.10777330400719,0.16280223317562154,0.36219534128286873,0.0
0.0,0.2733780949810631,-0.2618430575802709,0.02487756696522568,-0.1110239918916224,0.25435119057183025,0.45928094017362714,-0.13426924837085508,0.37848191979088525,0.0
0.0,0.24051367366744594,-0.08172699589966992,0.2792657984907345,0.39109139289333017,0.5737678678561509,0.40732732455826515,0.14957254712541324,-0.09860581772461252,0.0
0.0,-0.08448744124553323,0.4649367135633545,0.40215493427484184,0.9156604837719389,0.690100018696796,0.301828035243512,0.4559557415398087,-0.3935180473071517,0.0
0.0,-0.02102418834977004,0.6548606121536983,0.8426072164050773,1.0052839470814476,0.7149605498575281,0.464620580229065,0.3111516696348198,-0.060540778395086405,0.0
0.0,0.4821798148265757,0.5417173207924603,1.2358824675727302,0.8317864418448819,0.7514924582756705,0.6791673907099072,0.07667593598621675,0.491730419809129,0.0
0.0,0.7340620240441325,0.7931999733822056,0.9884732442568157,0.7951945972938329,0.7872334526248355,0.6562795498065574,0.36893885790692116,0.5611218124881946,0.0
0.0,0.5354767970100381,1.1028188635049674,0.5147726088387621,0.8407892666372975,0.7555479949868255,0.568744463804155,0.9101516005893393,0.23515228505716435,0.0
0.0,0.31777260967196935,0.7684783249291107,0.49635525076520853,0.6597585500608403,0.671571971934078,0.7657396312103073,0.9402275409177407,0.08317754883304565,0.0
0.0,0.1681511200921404,0.025832295158005725,0.687934053312144,0.39947836213987326,0.6360187290004893,0.9917024624243099,0.475539176252067,0.2633944781293018,0.0
0.0,-0.13446511406767928,-0.24117910761080671,0.3247036895040746,0.41589805275474256,0.6662007106112279,0.7477609179239914,0.14231031976988465,0.41339992972295747,0.0
0.0,-0.40017943820707286,-0.09169683109209086,-0.3174738856184255,0.4960653828944515,0.5831435106149706,0.16405038183260723,0.24002645959782679,0.20566885845885194,0.0
0.0,-0.28126715857410584,-0.19708976986413376,-0.33304859435704925,0.1028027835421042,0.21568323652446636,-0.16250197040106404,0.2766175769204618,-0.10156232022203505,0.0
0.0,0.037359596774914745,-0.40040540111990375,-0.0039481483426027,-0.5089881784745075,-0.40484990653406905,-0.054237769054126965,-0.12684516926600903,-0.16861825401597821,0.0
0.0,0.12634858102103516,-0.16613054658860657,-0.1336969329260177,-0.8220164364233747,-0.8566362011391082,-0.19904200535246844,-0.5208181993482832,-0.11580868697725326,0.0
0.0,-0.005246305981510314,0.22572398848354971,-0.6100099308818828,-0.8105265317525807,-0.8744471305197892,-0.9029047939285127,-0.5265444519375029,-0.2251501519129284,0.0
0.0,-0.02065571874526073,0.1087999961064145,-0.8231749861298477,-0.7164073859411368,-0.8418987303511368,-1.3566187747590288,-0.5816146751946426,-0.38710006617979686,0.0
0.0,0.0317794122388163,-0.4900452133208356,-0.5763909510965475,-0.7397231235067548,-0.975438380531587,-1.0548913593753186,-0.9838245878071727,-0.4466160936916636,0.0
0.0,-0.18511726628320108,-0.873236295321186,-0.3782893329269293,-0.8022528862227718,-1.0139879691771456,-0.6386828809687154,-1.09219464044725,-0.551822301390792,0.0
0.0,-0.6119062573156551,-0.6445704457826286,-0.6767194036960016,-0.7657173960047909,-0.7230833505855974,-0.6475932160634582,-0.6312358419540121,-0.6138064380411843,0.0
0.0,-0.7448062219762602,-0.40105481763070583,-1.0102780327641867,-0.6582724309885096,-0.40732411003721847,-0.6849742325794281,-0.15577711904197508,-0.28709630617147996,0.0
0.0,-0.3341285061821016,-0.6232798402031804,-0.843444231498522,-0.6044774677006004,-0.37625646872012797,-0.2689105777292665,-0.052435568629830495,0.27427633295266146,0.0
0.0,0.1095173567326866,-0.8016029394357675,-0.4161722157011365,-0.5489000209158078,-0.4090586602011556,0.21174225340555247,0.10387579021905227,0.4893448520258665,0.0
0.0,0.09141714234009124,-0.3523780649698539,-0.25964895530242554,-0.33370530041521396,-0.13776600426475383,0.2585421526287244,0.5135898192252749,0.2242718647180372,0.0
0.0,-0.1819295959435348,0.3561991443932597,-0.1847495421302616,0.04334602021927441,0.2724971204214321,0.20099400374476684,0.6127703908582789,-0.02925269093256317,0.0
0.0,-0.035866329306533204,0.4783394712665518,0.27742247919461527,0.43336303084475847,0.5196424398707027,0.4012293645250294,0.16251480247012642,0.029273464075573977,0.0
0.0,0.4389456193096765,0.19688942670136614,0.9068326113886908,0.7845369871534194,0.6432671235171266,0.5470653841258704,-0.23490255921533895,0.13877229303832558,0.0
0.0,0.5333272830392347,0.4692155600186957,1.0253335231452305,1.1004311510235103,0.7750374049411461,0.3979601746308613,-0.05456250349700143,-0.028991366094623373,0.0
0.0,0.2782428718609646,1.0983439610603007,0.8314425060339583,1.1769468847715348,0.8731038698922183,0.22818939690430304,0.37457942627901536,-0.18934336027416013,0.0
0.0,0.36878618872952806,1.0636930956525699,0.9376011753406891,0.8880070207662691,0.8145514168414859,0.44142108626614734,0.4684027576759828,0.03253430471906191,0.0
0.0,0.6645157567578899,0.509201474115399,1.0574070056078786,0.5738676668172642,0.6138395794732927,0.8475481461442973,0.33858149694819534,0.451399521246444,0.0
0.0,0.4609176005570017,0.3286570028885638,0.6078823383971568,0.512878420886179,0.5281627879347189,0.8680871796865981,0.5049166606266535,0.5853889613650617,0.0
0.0,-0.09827447719850957,0.36796581604086276,-0.050301841298143704,0.5034605514352084,0.6263402128037883,0.5117421581407653,0.8726616425925234,0.38687315902699604,0.0
0.0,-0.33791437495510024,-0.06347788280997511,-0.16945638194561904,0.23481875510826558,0.5878001774659461,0.4135635545895541,0.7812265395006689,0.2117850157249818,0.0
0.0,-0.23235114654430003,-0.6831599645375308,0.00455863346244254,-0.07270662267487735,0.24751612966554631,0.6005906981133113,0.19377858248292165,0.18439134898225534,0.0
0.0,-0.1996711951714604,-0.6479970802458515,-0.2680247347107343,-0.16243411139123562,-0.07893864631571124,0.3682237975378566,-0.21154002343644548,0.063696562998347,0.0
0.0,-0.26589193719323934,-0.14492880552277848,-0.7006665221785517,-0.26560466762579876,-0.20326875257987898,-0.40750799424321404,-0.1941291781272209,-0.23562591118304327,0.0
0.0,-0.12989655259475488,0.04406842223340254,-0.6130112175854021,-0.5828525677219468,-0.46905308418022856,-0.9510141251015855,-0.32038810095659426,-0.3759560996934631,0.0
0.0,0.16149291081164152,-0.17159394936501587,-0.19125183327279027,-0.8591558847870905,-1.0192322200950963,-0.8714503661039723,-0.8352819344352916,-0.27506503078990696,0.0
0.0,0.18808599579629956,-0.245022510676355,-0.06995085831004248,-0.9029496534318363,-1.3762080309542828,-0.8333827673802503,-1.025381646410579,-0.35307313489217285,0.0
0.0,-0.10980210266191476,-0.027953965128614724,-0.42271716517206726,-0.79412335138231,-1.1577848939313842,-1.187162451541505,-0.6988626322482416,-0.6222134186971805,0.0
0.0,-0.3080304441663232,-0.05806587474176149,-0.7756772923979777,-0.6789797393285821,-0.737130763890782,-1.220439393530787,-0.6028098931732667,-0.5460333172254018,0.0
0.0,-0.21345771045000056,-0.5577001911803597,-0.745764736302607,-0.6434494701222728,-0.5106836629760421,-0.6252101524053072,-0.8206045008235899,-0.17144426337333,0.0
0.0,-0.17141215067229926,-0.9713768751729747,-0.5577742604081373,-0.5885706649556223,-0.4218023143464393,-0.04968584394447559,-0.5332592029618561,-0.08847722904447455,0.0
0.0,-0.3900920298345613,-0.7691836598857729,-0.6060207408055471,-0.4228475046284775,-0.22044923442898604,0.0741052253032542,0.2620771800694886,-0.21527082799585406,0.0
0.0,-0.5810480282938325,-0.2721290276409306,-0.6293284424307932,-0.24261560351107167,0.03785448248885453,0.12361833525514285,0.7098506034384817,0.007679270591644024,0.0
0.0,-0.3070280350503371,-0.11159343891855757,-0.2412712889475121,-0.11402548153175676,0.18819978684957256,0.45382774817516874,0.46727814046240496,0.5418073148687328,0.0
0.0,0.23981395040581066,-0.11793460837043437,0.28908258684782606,0.12897258353751706,0.3134488164462088,0.6386760051479243,0.24031340136446716,0.7490571998298744,0.0
0.0,0.46734695033660856,0.2871481352179099,0.5081358202224732,0.5612277138397709,0.5168035802833678,0.4396781052986051,0.49215790118214114,0.29991493896915006,0.0
0.0,0.3159946605810359,0.8982755059373713,0.631053284712344,0.9294697098411181,0.7058022571863792,0.30891434187713007,0.6191201682803973,-0.22027509506120876,0.0
0.0,0.3218559250346971,1.0040899247535728,1.040391261389424,1.0051082955973842,0.8115474725041537,0.5441207908591218,0.2004706803982654,-0.23217055427189784,0.0
0.0,0.5549503022002025,0.6979495996345553,1.3763673503940277,0.9846268714534205,0.8741416163848232,0.75252347276972,-0.2488743832777584,0.10905272792636564,0.0
0.0,0.5359222803468976,0.6970910669933852,1.0818424738299024,1.0789151367987555,0.9197328140572436,0.6043744956964342,-0.05107190740692269,0.20063884149904296,0.0
0.0,0.27670248685511306,0.8196228657067726,0.5461020872326154,1.0612123851783044,0.8757673990701964,0.32969532043448785,0.5972711065045027,0.04571488145492148,0.0
0.0,0.16714009356851336,0.47665968868119396,0.4391752348759475,0.6291196512591342,0.6547984490718745,0.47439918585529134,0.835415082249986,0.11759842157475894,0.0
0.0,0.14191669530812412,-0.06526602610380437,0.45232787012210823,0.09259702186238121,0.337594243153396,0.9011195057522373,0.5259070414602439,0.44847798096579483,0.0
0.0,-0.05950668966747573,-0.20140378575461276,-0.01696008780040205,-0.11469428978943884,0.22573235249853893,0.784458753329989,0.33864803872592253,0.5905063468930991,0.0
0.0,-0.29679059111257794,-0.14962970129456918,-0.6304443528729592,-0.06261507926017902,0.24855150431058484,0.09835048407163996,0.48152479833984857,0.3031981809034453,0.0
0.0,-0.3036888382784583,-0.3924955209973433,-0.6493836264466906,-0.1678950213057163,0.007805977425582963,-0.29304889975027587,0.29359819821412025,-0.06575145477147117,0.0
0.0,-0.1971997904396813,-0.693800326439874,-0.23923492022114026,-0.4683144029429124,-0.4853514666066485,-0.18487664414333105,-0.42805451523047094,-0.2302167207060362,0.0
0.0,-0.21391091238863277,-0.47760525836557655,-0.20218749100980896,-0.6690696718717112,-0.7903012000489509,-0.36471130785588957,-0.9161195374615516,-0.36801855927270866,0.0
0.0,-0.23631536459422417,0.031794044737841476,-0.5613564564001992,-0.6977396152828838,-0.7780822513990622,-1.048150914089125,-0.8009358131612049,-0.5901474868472038,0.0
0.0,0.010972240090494438,0.11341673730010315,-0.724607393775963,-0.6926221148612872,-0.8412168543885382,-1.4327379440965082,-0.6910376204238652,-0.5578237680877178,0.0
0.0,0.29259953205257977,-0.24616749053293138,-0.4987844632155831,-0.7781615289487691,-1.0900195225592202,-1.0562957918797817,-0.929843621526166,-0.26701391523186896,0.0
0.0,0.13033759998289576,-0.4838796029197278,-0.287649034225788,-0.8754720329159418,-1.1365636203417373,-0.5959796289806404,-0.8268709516968572,-0.2295559681082024,0.0
0.0,-0.3996555236374635,-0.3369716126114308,-0.4614292731752092,-0.8126444719537179,-0.7136961379777067,-0.5562596126584095,-0.2386332618268891,-0.416576452220394,0.0
0.0,-0.6837274038131504,-0.29456897150341105,-0.7461389889220702,-0.5100541730803325,-0.23287113701142298,-0.4281673307561958,0.07941335893473703,-0.26442546405159456,0.0
0.0,-0.4148842901697405,-0.6829568271644512,-0.6655440316105352,-0.18120705108170843,-0.007830449458358358,0.0926311446251264,-0.07086503563953399,0.21085053628595152,0.0
0.0,-0.05605606888564866,-0.9003783160836705,-0.2999648175468484,-0.04235394891482689,0.15613137310463351,0.4794008329660307,0.016241133573390635,0.4090642162540285,0.0
0.0,-0.03322561973491021,-0.35439210627144624,-0.12194017853487323,0.04914515673541033,0.3726585170234941,0.4513139816675776,0.5482011451744696,0.1692820478364349,0.0
0.0,-0.13034235304306488,0.48880161690555046,0.028908607176857545,0.22733949848161866,0.4425111386961098,0.4189365644120767,0.832645903892812,0.012581911577566163,0.0
0.0,0.21819723621867992,0.7272110559728158,0.50935722426994,0.42847521164812286,0.38225118105646066,0.6161846551296604,0.4974027719449727,0.21172122134360075,0.0
0.0,0.7356041346076553,0.534564678680646,1.036970122502622,0.6586885720899875,0.4797964209558183,0.6178340969577236,0.06985521063284042,0.43344877382168084,0.0
0.0,0.6695632380979162,0.7144882939055206,1.067945045155085,0.9753841630130884,0.7483823060968211,0.2854663994793023,0.10874211116045071,0.22872896809825988,0.0
0.0,0.20446049916299663,1.0445190513191105,0.8317993224917639,1.195858603198349,0.911909117867333,0.09652019598437703,0.31419720935008055,-0.1679037944912438,0.0
0.0,0.14367254106330754,0.7263026687965618,0.88404269621483,1.0433165645749172,0.8460711145066276,0.3959321656716185,0.18360784109367093,-0.23161234069138775,0.0
0.0,0.3706870928145273,0.13977145510478547,0.9027145779034953,0.6764243767339233,0.658038737819213,0.8051986340412917,-0.034228035297828786,0.05600319138393292,0.0
0.0,0.27416301538314825,0.13147709651119924,0.32885412854203816,0.3981551525272264,0.5512353187369642,0.7520914745469526,0.17454654817408158,0.28070848069591053,0.0
0.0,-0.05725256737428842,0.3202081692766683,-0.32362919915627514,0.16284776225689876,0.45519954523374273,0.3137785837167572,0.6989172085302158,0.30629626433180307,0.0
0.0,-0.15163301767600257,-0.004481676669193028,-0.3776395536724754,-0.1807407550867504,0.10882636235962617,0.16975706924152012,0.7844619546502984,0.35126742683248885,0.0
0.0,-0.08068238298742117,-0.5870512338148032,-0.12986727463230333,-0.46153873486725877,-0.3504445502371796,0.34210078107633696,0.2635284632847362,0.40582567735733105,0.0
0.0,-0.19713644453311446,-0.6529301114848903,-0.3110544482778933,-0.4994388458643135,-0.4321386131117035,0.04559761150868183,-0.17141176546837064,0.16298415158732496,0.0
0.0,-0.41886489788416426,-0.2874646462299956,-0.7809220820950044,-0.3993191454519297,-0.25523285295560705,-0.6526963485095458,-0.3184894643682173,-0.3563712224393755,0.0
0.0,-0.35659619524717084,-0.21351393096520133,-0.7850721602083459,-0.4425050960142521,-0.35355062132168164,-0.9664148351781834,-0.6602031962033504,-0.6398317699251436,0.0
0.0,-0.03647058951669054,-0.4772609444218916,-0.3119476889482041,-0.6403837696022735,-0.7975704160575904,-0.8058545521060019,-1.1295706250911575,-0.5259596824428407,0.0
0.0,0.09192013367469466,-0.4314986031724569,-0.09259325754940438,-0.7650448189816126,-1.155686263394431,-0.7888136430481422,-1.0400850765415464,-0.4341254614535551,0.0
0.0,-0.07856287575334918,0.04928827311673856,-0.3862496116129591,-0.7676301377764374,-1.0935443666883005,-1.0791510878368868,-0.4449551000552739,-0.43353854125393715,0.0
0.0,-0.13676167223811767,0.24039629334589951,-0.676761946174738,-0.7369735553131668,-0.8230661680384254,-0.9690086279381361,-0.22694112077754958,-0.19030003463017983,0.0
0.0,0.0817513122062275,-0.19668668100515635,-0.6037257133639956,-0.7026453483719689,-0.5578357343543537,-0.30499028900632974,-0.44546815366962467,0.11937255417295212,0.0
0.0,0.11073216292217802,-0.6982110870268272,-0.38194613698042645,-0.5140333216778746,-0.22714261957004842,0.1613677755832056,-0.2679201268111999,0.021109221153651603,0.0
0.0,-0.2883681741471924,-0.648564352923358,-0.38772996686299727,-0.08489063394115379,0.15834299433729668,0.18106598179555397,0.2911622970980384,-0.25428538866328,0.0
0.0,-0.698918801959083,-0.25868391840473265,-0.34553716713682653,0.2942695526780697,0.4115586760438874,0.23047798963401725,0.5304615596811458,-0.11903390939373637,0.0
0.0,-0.5039666432044412,-0.14107943875849516,0.12884593637595967,0.34183755294765034,0.4888943409748202,0.5301322492976137,0.29724142544481735,0.3873843619994861,0.0
0.0,0.1724716777516815,-0.05734106304657015,0.5623628661055797,0.33481381493249435,0.49357434806346745,0.687629298432538,0.22929943554641433,0.6392724849392767,0.0
0.0,0.6372285431225819,0.5135867695492632,0.5070517601755784,0.5234721081613434,0.5125656732732788,0.5132824035020874,0.6099490120339297,0.34299833747829633,0.0
0.0,0.6197987608739833,1.1367515504895849,0.4541889513183731,0.6950971206571859,0.5407200436028674,0.39198044332235865,0.7955417158078634,-0.010523550894275337,0.0
0.0,0.4909183516038725,1.1004894445771725,0.8433045462310295,0.6597457898826036,0.5769694245619379,0.5722916865044803,0.3774242732453994,0.001225476431017388,0.0
0.0,0.41379825607207044,0.5457095616802379,1.2373055624408105,0.6761217917729068,0.6551245465650507,0.6582705021210866,-0.12949115562758312,0.19594548495022598,0.0
0.0,0.17700491322442843,0.31875496603824616,0.9140851738451092,0.9339477201589914,0.7425634679005876,0.3893305762901668,-0.08815941603563687,0.11001163454352086,0.0
0.0,-0.064744593428193,0.37826088867257074,0.2349343554080843,1.0335866423627882,0.7426039718727097,0.0792656049524226,0.30371559142162907,-0.14281362414055856,0.0
0.0,-0.009634569450014771,0.1299071422061096,0.11164751002046552,0.464962467589447,0.5592155663450882,0.20929294323494335,0.3655643790163194,-0.09727476183869971,0.0
0.0,0.13485428308293929,-0.19641883759685913,0.21669491971079438,-0.27963600819622925,0.14155030077352396,0.5867833909230633,0.11898774444063541,0.22948261577930285,0.0
0.0,0.04199197444081734,-0.12637120381117212,-0.142673951794729,-0.5272322406700661,-0.25072501020309457,0.44619984880951746,0.1493038840904564,0.37788927113727366,0.0
0.0,-0.16266164408793315,0.021618473618851476,-0.6806185010137706,-0.3983191011075824,-0.36715910055661005,-0.2763347866380867,0.42043079670582345,0.2015976637250794,0.0
0.0,-0.18993625970378955,-0.2512294963944312,-0.7256416980572109,-0.3978100631394055,-0.42628620810375706,-0.6206045194058093,0.12314477107810136,0.005564159674780049,0.0
0.0,-0.151624563083686,-0.7068494144588754,-0.3505154235509472,-0.5990011737636556,-0.557748720292381,-0.3881681491726654,-0.7024565728480447,-0.1610779078670264,0.0
0.0,-0.28796642870451666,-0.6807986667982289,-0.29996940158872837,-0.6575989386776394,-0.6152880346737931,-0.3826235066458017,-1.0500871510515943,-0.5517816852545291,0.0
0.0,-0.45158628604997797,-0.23485730269439078,-0.6479423156413254,-0.5159861661684746,-0.5690767840761166,-0.8148328459024844,-0.7610136064031485,-0.8645165730434826,0.0
0.0,-0.26443239220994147,-0.09827321429393207,-0.7268756048894738,-0.47662004776351863,-0.6198355557885551,-1.0809312607684993,-0.530568038159948,-0.5314895763039347,0.0
0.0,0.14650987737295687,-0.34574760044933117,-0.36979666989510185,-0.6537410289128858,-0.8145785354800205,-0.7791212868738586,-0.5951049065454297,0.12815891877937435,0.0
0.0,0.23055688735788138,-0.3731027419281554,-0.13868161500477033,-0.7746707611094552,-0.8822663106657863,-0.3651701054568584,-0.316975592656467,0.2565656276687781,0.0
0.0,-0.10737440241524357,-0.0002017381695772005,-0.33282200579389903,-0.6392314555172807,-0.5615582125752014,-0.21217458606336181,0.26812718340970976,-0.11820894976261934,0.0
0.0,-0.3256601939366755,0.13555360460405058,-0.5172287605623085,-0.28862418185174427,-0.05105266809599734,0.009141778655604338,0.3697876573510574,-0.2517647053934509,0.0
0.0,-0.11047482411180735,-0.29974086613982603,-0.2615605049282243,0.08415496862764392,0.36091742176784936,0.3902844791373674,-0.03898741857635273,0.054303757426786226,0.0
0.0,0.08003507907771483,-0.5940938091268664,0.17256237088413953,0.41353370207760265,0.6051826797827425,0.5445133228376767,-0.18208274646789369,0.2797881931351156,0.0
0.0,-0.07394554364576847,-0.0759977768526765,0.2893248748344291,0.6823661933381103,0.6818466731969419,0.39865151188273534,0.28314400052532385,0.09627709801382568,0.0
0.0,-0.15445176870614646,0.6652299361259459,0.4119905117822773,0.6970440695603995,0.5964538372000524,0.343439694293249,0.7190191342349309,-0.053064319926330525,0.0
0.0,0.36426198021848033,0.7661496922133552,0.804801432594722,0.4890190412808178,0.43718044891534735,0.6218572514402991,0.5862728955325709,0.17496685186400482,0.0
0.0,0.8977355771330694,0.6194735338414343,1.0006761415284529,0.4124369113262067,0.42194723868862133,0.7713370875230541,0.2581518846117416,0.505882087865543,0.0
0.0,0.6767581637581442,0.794098255398004,0.6959792888950044,0.6255294769661002,0.6074981925897629,0.46884825710599226,0.30421572059777985,0.4465977043553558,0.0
0.0,0.07414227059980018,0.8191493039633082,0.40368143246220645,0.8557578247455516,0.7340728055567726,0.15760637726920032,0.5064208671567486,0.07605615259272144,0.0
0.0,-0.12264137919194698,0.17742217144251352,0.5627306109488885,0.7483483680862272,0.6422620735629286,0.32044051908281085,0.305303913465173,-0.13210838839430347,0.0
0.0,-0.04887121582142535,-0.3929755765664341,0.5693367340085884,0.4517354913324782,0.44177744584063444,0.6369076948543467,-0.10272258203991604,-0.045358568299994156,0.0
0.0,-0.09077359507579567,-0.16360860883261744,-0.10191336399391754,0.18473044922760504,0.34358987838108385,0.5018529104174584,-0.13860963802178533,0.05076504360411014,0.0
0.0,-0.11316832694367936,0.17623110404123368,-0.6586286539749365,-0.1597381867925709,0.2197182503606563,-0.022627534592696633,0.22560220387468158,0.02594543539896664,0.0
0.0,0.07478013181740979,-0.013420120075617414,-0.5284545525824883,-0.5658124479173225,-0.2653608109349812,-0.2816941494332305,0.336125630021797,0.08152276743180983,0.0
0.0,0.16504021518407969,-0.4064891842862455,-0.15614590092313424,-0.7718380096389155,-0.9051263206109014,-0.1782173293732476,-0.06706870016012592,0.2024363576485658,0.0
0.0,-0.11389497324620136,-0.3948286576159417,-0.21306789438177606,-0.7353506927345739,-0.9974029376801338,-0.4531182970877478,-0.40933293016782596,0.046450839515433474,0.0
0.0,-0.4646256939029657,-0.14756133695841633,-0.6287158200476428,-0.5711507158172868,-0.596210581817582,-1.0198719075214484,-0.525629976159295,-0.40830552196706427,0.0
0.0,-0.40211731857839783,-0.3058682231376118,-0.781824130721558,-0.455673200342357,-0.36917865236498726,-1.0832619945001072,-0.845581465905701,-0.6856799372787299,0.0
0.0,-0.07920700320986315,-0.7382779708072208,-0.5128395210555392,-0.486772705704817,-0.527776691048814,-0.6639312988332581,-1.1735597098494053,-0.6071306367485376,0.0
0.0,-0.012911128167534388,-0.7250584072599542,-0.3470143907687284,-0.5676237491705772,-0.7406139703170381,-0.41000999105269686,-0.8805357770712325,-0.4590496876887995,0.0
0.0,-0.2582521558331221,-0.16359983264591765,-0.5080592245681036,-0.6257926034943195,-0.6756656228364696,-0.5580617427707258,-0.09726198761682438,-0.25872400193315515,0.0
0.0,-0.30685230173717015,0.1718067532508466,-0.571775668513672,-0.6350768133996709,-0.49700494412148033,-0.48619493144509685,0.31580437644676984,0.16971844799520058,0.0
0.0,0.07684541691169094,-0.11868697060869493,-0.3324298165019618,-0.5137904265299507,-0.35833279950008046,0.07963947069901423,0.13844657431694074,0.5559711478934526,0.0
0.0,0.31771545664887085,-0.42841339058835054,-0.07842852479537642,-0.18799083544355996,-0.03563597465787437,0.43458107927044354,0.13545473238255498,0.4078329715945956,0.0
0.0,0.02403676820097821,-0.1961092041051672,-0.06275617988471428,0.28662352784800416,0.47931677882444895,0.35271658296687364,0.4265303204853861,-0.10823038490426387,0.0
0.0,-0.3827544221468486,0.22472732156962313,0.09659430838606498,0.6533948554971948,0.8138349663171167,0.3547712881730646,0.42852002382540216,-0.3059410261358182,0.0
0.0,-0.21425451629242795,0.2316788659926826,0.6491404542610922,0.7627746009644707,0.8110799222619997,0.6074390471507792,0.06596750046184775,0.02322249230010429,0.0
0.0,0.35672421527689,0.23431207709525845,0.9981358922638159,0.8094561326228893,0.6599575474934892,0.7056003657989823,-0.046553197289805406,0.36734184427688404,0.0
0.0,0.6610776402346571,0.7658150650354919,0.7643826658504358,0.852918109884697,0.5996398276826593,0.44614259956623564,0.4217591953809968,0.29118718928964754,0.0
0.0,0.5922862302252119,1.2291417498597266,0.5524085410606477,0.7089732116029389,0.5884121769508894,0.2724364564978456,0.826425311672837,0.1163980227022003,0.0
0.0,0.5079533505151357,0.956291524449381,0.7290589745690893,0.42055631940052124,0.49075064453300127,0.5807888088537818,0.5683919266379658,0.19402593782258282,0.0
0.0,0.36185652471256863,0.2777474143852235,0.8441647789345986,0.3335143590594144,0.41787255920282834,0.8303556245459605,0.1129303614917685,0.3458288298252311,0.0
0.0,-0.03711431662084208,-0.035812092293915285,0.3649155690088899,0.5408701046234965,0.5363168465758287,0.5029396143740623,0.10739659568165043,0.19574099812810905,0.0
0.0,-0.4030758134338929,-0.10082127125397393,-0.24109290684317308,0.6134788100398749,0.6327212857418164,-0.002228640451960801,0.33971280037246204,-0.10457508374915882,0.0
0.0,-0.385567426469033,-0.37421780496951457,-0.23454058281087736,0.13897156644428513,0.39469012331532455,-0.01555486395296217,0.16812123405513094,-0.13129623167914817,0.0
0.0,-0.14936352191456945,-0.5509848883763732,-0.0687699190947408,-0.43888170614611266,-0.19639065981516327,0.26434973848198867,-0.24988340440877543,0.06401203245164286,0.0
0.0,-0.01910222287707152,-0.2427788131791822,-0.3586416336573136,-0.6894212907368289,-0.6459416613567062,0.007123694237940518,-0.24612127121587882,0.0512087587754168,0.0
0.0,0.005070001013021266,0.12608109382530813,-0.7626475991313,-0.7231065956465805,-0.7113852920319081,-0.7664533741646908,0.02734682432924817,-0.15926897844214657,0.0
0.0,0.0734280991443014,0.03407001128402237,-0.7529434894253035,-0.7537397515712821,-0.7781417977141545,-1.0122856031038887,-0.30335331052051173,-0.2029471621884688,0.0
0.0,0.062070465761074375,-0.3954750716475082,-0.3882569562964559,-0.7864668864349093,-0.9293167944584754,-0.675438626271818,-1.008957591950562,-0.2162897916885258,0.0
0.0,-0.21193964022989287,-0.5951890741601803,-0.2292854116604612,-0.6895885314719499,-0.8544752573259556,-0.6167495135597021,-1.049795329478642,-0.5886979260926838,0.0
0.0,-0.5527081467713154,-0.39675976157964155,-0.5059848730676032,-0.4558851062829046,-0.5527852036651436,-0.8911807501609679,-0.5731871153374876,-0.8461598518039792,0.0
0.0,-0.5257997761440649,-0.32646182191147566,-0.7030330745378354,-0.31420793196818203,-0.35993643274623716,-0.8095129999206601,-0.3902887279646071,-0.39316557878885405,0.0
0.0,-0.12589537439705595,-0.5382201085167551,-0.4863641332829883,-0.4273405397616179,-0.3650100529828118,-0.2515231586638221,-0.4235179972138712,0.295038399835483,0.0
0.0,0.14252321831093304,-0.5115498719121947,-0.2526554322408429,-0.5406667448897131,-0.34009051061674933,0.1686177110968735,0.06891894598523923,0.38261998378815004,0.0
0.0,0.022772912248216336,-0.036624854753326545,-0.29475407313995655,-0.37941542854606736,-0.11726370065317362,0.23603242547581976,0.7830671965297813,0.06941289655381012,0.0
0.0,-0.1385828906022565,0.3291542210933756,-0.24329008203932903,-0.004076270218959731,0.18622464963457694,0.4001356353056573,0.8218552719355059,0.02687816217419976,0.0
0.0,0.041594305713884894,0.14777568602803545,0.217133004120305,0.36499537774809354,0.5106325335005559,0.6727124856420953,0.23396605087695044,0.3170416006623043,0.0
0.0,0.26487036093783317,-0.04166873184939764,0.7083498106197993,0.7343958842009118,0.8285213886455337,0.6426002298074895,-0.0977873163022906,0.38806311205727095,0.0
0.0,0.1919482402051585,0.39295543070040995,0.7553271593011553,1.10986828884328,0.9821016255964256,0.3723462872067701,0.19936422356971228,-0.017846997662609616,0.0
0.0,0.14263038021492735,0.9296685984576791,0.7781904302603665,1.179469738115865,0.8976190464899053,0.30708201306477456,0.49577767882474033,-0.3061903478790723,0.0
0.0,0.4995798881458703,0.8943699194804026,1.0858955672466917,0.8535502830355263,0.6699298391860756,0.6178908197472186,0.34044566375038293,-0.0429915895074088,0.0
0.0,0.7800684752309632,0.7044355303791154,1.1484140821068913,0.5362260929330438,0.5156530290384544,0.8104412780721784,0.1410381460804994,0.438706059297953,0.0
0.0,0.5057480341753833,0.7752217092604883,0.6524729549571568,0.49895591374926274,0.5406457490782633,0.5228172130301423,0.41416620006512916,0.5365351426647748,0.0
0.0,0.05831111043127433,0.6053372333948939,0.13410975580596993,0.5591626176962444,0.5386343395872419,0.1998692276369878,0.791959830359562,0.2893131721735236,0.0
0.0,-0.10757880841135598,-0.12166682796383214,0.08705101427893881,0.35876482646425656,0.3786549548480334,0.3988396120047506,0.5651492778033645,0.11541698583471122,0.0
0.0,-0.2030871792621958,-0.7039812470687875,0.06633007543058947,0.0025761914580744146,0.2211660334702481,0.6767992976097841,0.004548860913919928,0.09238276028786702,0.0
0.0,-0.41157133937523593,-0.5493647674106906,-0.451381300867817,-0.20357328259327023,0.19234279380079833,0.36244807035042026,-0.20460180539424944,-0.01896522876134009,0.0
0.0,-0.4691916223468244,-0.23438584098648332,-0.8774415598148798,-0.3202511803393545,0.007291347161831153,-0.3301829134443346,-0.044352511395885724,-0.20996652632393029,0.0
0.0,-0.1661656541383419,-0.33171199812197044,-0.6513951848833438,-0.5747679196994799,-0.5542017156410162,-0.6886674420895057,-0.1319737723025601,-0.1954333612407247,0.0
0.0,0.13819687771821068,-0.49699271832529224,-0.21096265566016162,-0.864458399226258,-1.17916458115158,-0.6449907068031115,-0.5790386652615949,-0.05116062149532701,0.0
0.0,0.06411159140921373,-0.213017468882437,-0.23186211999323153,-1.0016081511208823,-1.2982107219458026,-0.8600124390190019,-0.7588636337816373,-0.2030130118418576,0.0
0.0,-0.18300761662399764,0.18557906130799706,-0.604754497200154,-0.9252004225556621,-0.9763149095190066,-1.2528716688933539,-0.6655759394713412,-0.5740882282817893,0.0
0.0,-0.13106761520320973,0.00752051482146646,-0.7895905894582526,-0.7083751286731927,-0.7378076608191373,-1.142676445077628,-0.8494063537147478,-0.6430178070280669,0.0
0.0,0.06223420394368725,-0.6120166683021243,-0.573598572823569,-0.5448687002638037,-0.6797435712761827,-0.6414098758219762,-1.0549662065324314,-0.4186637296902449,0.0
0.0,-0.08969657081925,-0.8853172889274508,-0.3651221544656596,-0.47008551575622165,-0.5366619322821379,-0.34644574819296803,-0.6461078160746938,-0.30705696388973824,0.0
0.0,-0.5407834762030552,-0.48428842817667705,-0.5075094981620621,-0.38517974257904647,-0.2552000737873662,-0.2956539294978797,0.12365537065424312,-0.20329649759146248,0.0
0.0,-0.6723220014909191,-0.11656089820002694,-0.5746041569008269,-0.2973506953460024,-0.05965734775490744,0.01767977275952526,0.48130934333127284,0.17622574810351244,0.0
0.0,-0.14905523562905965,-0.2887833177559875,-0.2603287261225187,-0.21746453488572937,0.05162552110757471,0.5487301319994271,0.3959431983289675,0.602962325123642,0.0
0.0,0.39175211279970357,-0.3739094451493087,0.06747072355799505,0.010135887318930815,0.3014546300299493,0.6981588049415787,0.47557149124069265,0.6135203845680637,0.0
0.0,0.3416087121587769,0.14753596468232796,0.13180608750500986,0.43767432301060244,0.6150059752608024,0.487578689536979,0.723918869322347,0.2435076142660053,0.0
0.0,-0.004485443798834702,0.7486080312557797,0.388880766738538,0.7828843135264458,0.7592693304082843,0.45996364917137716,0.6003890192715492,-0.030243775813107016,0.0
0.0,0.11790826471288043,0.6992029283464155,1.0388389436799834,0.8832872939533823,0.7529303275339139,0.6554478135155041,0.10168756602833195,0.009828572237447653,0.0
0.0,0.54411836817217,0.492002565271876,1.3709444786988543,0.9766835454038838,0.7547489592547992,0.6437027905775647,-0.17621706209900181,0.09981513579622793,0.0
0.0,0.620591165002574,0.8437244048902446,0.9349170634068278,1.1217640440127308,0.8052185034437651,0.33052297365512406,0.07742933430233251,-0.005335276282273759,0.0
0.0,0.4266747329933936,1.1157758561083326,0.5233126894441157,0.9755408698630988,0.7754660961467306,0.1338170060423066,0.42394203685002185,-0.06147784661509336,0.0
0.0,0.37121675478902905,0.6661069938322423,0.6435752811620103,0.4554596722853388,0.5387764257043158,0.40159229601288476,0.38049858633315126,0.15074361641770986,0.0
0.0,0.26264715876391675,0.02112236628305834,0.6645003417041405,0.06748208666788508,0.1975514918158494,0.717841414826992,0.22575266299012545,0.3966966660245106,0.0
0.0,-0.11343093785653667,-0.12643307708730062,0.010612001502963958,0.040431541049800186,0.10068455074837314,0.47339499770447435,0.38568232444694994,0.3495884693867069,0.0
0.0,-0.4285812177555198,-0.1740608817670602,-0.69974229332441,0.0219331097570827,0.19189967691544924,-0.03575686150917398,0.5444473384907357,0.13486612020103236,0.0
0.0,-0.3871639358655252,-0.5928422453371812,-0.6992843498913628,-0.34108676945831656,0.060675910644396064,-0.0906879908033192,0.1447708773848292,0.03444485618610617,0.0
0.0,-0.2438906374620952,-0.9363995346614831,-0.41232290903119617,-0.6879635873199,-0.3909690009645665,0.06177330420390099,-0.4516667005181977,-0.040353261873136814,0.0
0.0,-0.2795548851910354,-0.6392275475270838,-0.5553531195694348,-0.7188878444035975,-0.749693515003543,-0.30996974396648047,-0.5639315152372774,-0.3209048343915707,0.0
0.0,-0.33610179385078753,-0.10365193888683887,-0.8350226310634978,-0.6693390146419155,-0.829282256465201,-1.0598189416636623,-0.41514090510514345,-0.5364628723226403,0.0
0.0,-0.09642829401882251,-0.025907817806520003,-0.6947752129515539,-0.7860844967834989,-0.9225328695296364,-1.2892201931448544,-0.7107388501437123,-0.3618164334252415,0.0
0.0,0.22343530744882922,-0.30284714636167365,-0.29322762673175384,-0.9254419736746563,-1.1075645537219672,-0.9546212775488608,-1.1251071991657535,-0.19814548068413895,0.0
0.0,0.15292898339789657,-0.3350202198058296,-0.19237110851949954,-0.8585691898819596,-1.09493901600324,-0.7594290792343203,-0.8494560168605175,-0.5065965003396283,0.0
0.0,-0.24371221979116395,-0.06906801132198079,-0.4788795581897197,-0.5963185894211703,-0.7492601942093418,-0.7854377632455465,-0.3029592034245851,-0.7014945356037392,0.0
0.0,-0.4156303154150452,-0.10559672043067064,-0.6284276613530962,-0.35011947019713296,-0.3209476345278692,-0.5103109588852108,-0.22534607812241134,-0.2416363616456244,0.0
0.0,-0.20054580647650713,-0.5596247596752394,-0.37011762791520875,-0.23900223686053637,-0.009651519751600744,0.036050219432179176,-0.30294044104152207,0.3625719530298629,0.0
0.0,-0.04392954466276776,-0.7113588041501673,-0.13869162260664408,-0.07553120409357982,0.18281275969987143,0.3975159848335286,0.19104599015675564,0.37388885504402386,0.0
0.0,-0.16203297488216264,-0.19342470203410617,-0.19295064754925093,0.1888403455242013,0.3404695380325585,0.5293600643388562,0.8953749165754036,0.07001358091313813,0.0
0.0,-0.19318162206906972,0.35467874705861624,-0.024120318546349228,0.31880164809862394,0.5190619342267417,0.7441282011559358,1.0082830013568802,0.08308018433253932,0.0
0.0,0.20338816263421916,0.39358149415725086,0.531346478906075,0.37888492003523355,0.7091044722569538,0.9575827025162583,0.5491186401710925,0.44809774823743853,0.0
0.0,0.5912460471596664,0.39249818462516056,0.9262042307202183,0.714290728788364,0.8423388236076169,0.8148518067534479,0.23231943894366955,0.631677425290779,0.0
0.0,0.5042220819557113,0.7935300750277385,0.8979116055797391,1.2168425425292952,0.8803043817915008,0.40993338332258167,0.4150250080023991,0.2814432251133309,0.0
0.0,0.27329854815656707,1.071617388855586,0.9755189843908919,1.3457182180009122,0.8480899400638401,0.24957403984161292,0.5323252371079611,-0.15634192425019042,0.0
0.0,0.37595922457119796,0.7936415826390245,1.2819885361240742,0.997947223880567,0.7707192142727355,0.5336140279320042,0.18064714448172403,-0.18211564258570595,0.0
0.0,0.5154781047778061,0.5365975113129939,1.1263049204854143,0.6525707415237925,0.688437350909782,0.7690575310627357,-0.17036142832455325,0.08618871863622332,0.0
0.0,0.35513594346266836,0.6003045319565684,0.37101828747007654,0.5457591473277664,0.6214275594005637,0.5503338227636382,0.03873828935770543,0.1794840841892177,0.0
0.0,0.10732962877271145,0.40705354878408445,-0.17292614526992675,0.37584134733494545,0.4575983607945345,0.13454034907282916,0.5639138319934781,0.1018773540147104,0.0
0.0,-0.04543142041997314,-0.23036500874199387,-0.10784057754348175,-0.07385791330042693,0.07620795276149572,0.13281329931231495,0.6053871380539929,0.18119101044816494,0.0
